Activity Type,Date,Favorite,Title,Distance,Calories,Time,Avg HR,Max HR,Aerobic TE,Avg Bike Cadence,Max Bike Cadence,Avg Speed,Max Speed,Total Ascent,Total Descent,Avg Stride Length,Training Stress Score®,Total Strokes,Avg. Swolf,Avg Stroke Rate,Steps,Total Reps,Total Sets,Decompression,Best Lap Time,Number of Laps,Moving Time,Elapsed Time,Min Elevation,Max Elevation
Elliptical,2025-11-17 13:16:19,false,"Elliptical","0.00","167","00:20:02","143","151","2.4","17","146","--","--","--","--","0.00","0.0","--","--","--","464","--","--","No","00:20:02","1","00:00:00","00:20:02","--","--"
Running,2025-11-17 12:29:41,false,"Los Angeles Running","2.55","201","00:22:17","151","170","2.9","171","184","8:44","6:33","87","101","1.08","0.0","--","--","--","3,848","--","--","No","00:04:47.7","3","00:22:09","00:26:24","339","407"
Running,2025-11-15 09:35:34,false,"San Francisco Running","3.02","207","00:27:11","138","158","2.5","170","186","9:01","7:20","43","46","1.05","0.0","--","--","--","4,704","--","--","No","00:00:08.0","4","00:26:17","00:35:56","3","56"
Running,2025-11-13 08:36:25,false,"San Francisco Running","5.01","369","00:40:54","151","169","3.5","174","186","8:10","7:21","198","190","1.13","0.0","--","--","--","7,216","--","--","No","00:00:03.3","6","00:40:27","00:46:35","163","274"
Running,2025-11-12 09:12:00,false,"San Francisco Running","4.01","286","00:33:04","143","160","2.9","171","248","8:15","7:07","49","63","1.14","0.0","--","--","--","5,688","--","--","No","00:00:05.6","5","00:32:33","00:54:30","--","51"
Running,2025-11-11 10:29:13,false,"San Francisco Running","3.01","210","00:24:35","144","161","2.8","170","184","8:10","6:22","61","67","1.16","0.0","--","--","--","4,236","--","--","No","00:00:05.2","4","00:24:21","00:31:00","2","52"
Elliptical,2025-11-10 16:15:38,false,"Elliptical","0.00","215","00:30:02","134","144","2.1","136","159","--","--","--","--","0.00","0.0","--","--","--","3,986","--","--","No","00:30:02","1","00:00:00","00:30:02","--","--"
Running,2025-11-10 08:19:58,false,"San Francisco Running","1.99","127","00:16:55","130","148","2.1","165","181","8:30","7:25","54","48","1.15","0.0","--","--","--","2,892","--","--","No","00:08:25.3","2","00:16:23","00:23:58","--","81"
Elliptical,2025-11-05 11:22:24,false,"Elliptical","0.00","28","00:04:42.7","120","145","0.9","149","179","--","--","--","--","0.00","0.0","--","--","--","746","--","--","No","00:04:42.7","1","00:00:00","00:07:01.8","--","--"
Elliptical,2025-11-02 11:34:36,false,"Elliptical","0.00","231","00:31:25","135","160","2.5","16","158","--","--","--","--","0.00","0.0","--","--","--","534","--","--","No","00:31:25","1","00:00:00","00:36:40","--","--"
Running,2025-10-31 11:03:01,false,"San Francisco Running","3.02","218","00:25:04","151","174","3.0","169","185","8:18","5:33","53","56","1.15","0.0","--","--","--","4,260","--","--","No","00:00:05.5","18","00:24:09","00:34:08","3","54"
Running,2025-10-29 15:48:33,false,"San Francisco Running","2.51","173","00:20:37","145","164","2.6","167","182","8:13","6:36","75","49","1.17","0.0","--","--","--","3,510","--","--","No","00:03:59.4","3","00:20:05","00:28:59","192","254"
Running,2025-10-27 16:35:22,false,"San Francisco Running","3.01","207","00:25:28","141","166","2.7","167","194","8:27","6:59","32","50","1.14","0.0","--","--","--","4,364","--","--","No","00:00:06.4","4","00:24:48","00:35:22","3","56"
Elliptical,2025-10-25 14:53:39,false,"Elliptical","0.00","242","00:30:05","141","158","2.7","140","156","--","--","--","--","0.00","0.0","--","--","--","4,346","--","--","No","00:30:05","1","00:00:00","00:30:05","--","--"
Running,2025-10-24 10:52:39,false,"Washington Running","3.58","249","00:30:24","140","163","2.7","171","229","8:30","7:03","78","96","1.11","0.0","--","--","--","5,296","--","--","No","00:04:55.1","4","00:30:05","00:48:13","10","90"
Running,2025-10-20 17:32:00,false,"Washington Running","2.75","189","00:23:03","140","164","2.8","162","184","8:23","7:19","70","62","1.19","0.0","--","--","--","3,892","--","--","No","00:06:30.1","3","00:22:03","00:34:10","16","92"
Running,2025-10-19 16:39:19,false,"Washington Running","2.59","168","00:33:13","107","142","2.0","120","179","12:50","8:13","293","81","1.03","0.0","--","--","--","4,462","--","--","No","00:09:21.5","3","00:24:26","00:59:33","7","301"
Running,2025-10-16 17:22:21,false,"San Francisco - Tempo","0.06","3","00:01:05.4","--","--","0.2","--","--","17:28","3:21","--","--","--","0.0","--","--","--","--","--","--","No","00:01:05.4","1","00:00:08","00:04:44.4","87","164"
Running,2025-10-15 15:41:04,false,"San Francisco Running","2.39","172","00:19:25","146","166","2.7","169","224","8:07","6:35","187","184","1.17","0.0","--","--","--","3,328","--","--","No","00:03:03.4","3","00:19:04","00:26:28","190","353"
Running,2025-10-14 11:07:35,false,"San Francisco Running","2.03","131","00:17:29","136","161","2.3","164","247","8:37","7:36","43","46","1.14","0.0","--","--","--","2,956","--","--","No","00:00:17.7","3","00:16:43","00:27:16","2","56"
Running,2025-10-07 11:41:32,false,"San Francisco Running","3.13","220","00:26:07","146","167","2.8","169","185","8:22","7:26","961","869","1.14","0.0","--","--","--","4,522","--","--","No","00:00:59.3","4","00:25:14","00:36:52","-39","512"
Elliptical,2025-10-05 17:20:17,false,"Elliptical","0.00","248","00:27:23","151","166","3.0","132","159","--","--","--","--","0.00","0.0","--","--","--","3,700","--","--","No","00:27:23","1","00:00:00","00:27:23","--","--"
Running,2025-10-02 08:04:21,false,"San Francisco Running","4.27","328","00:36:52","148","162","3.2","173","182","8:38","7:35","92","98","1.08","0.0","--","--","--","6,452","--","--","No","00:02:10.2","5","00:36:32","00:38:59","208","280"
Running,2025-10-01 13:34:51,false,"San Francisco Running","3.11","224","00:26:25","144","161","2.8","169","185","8:30","7:21","42","53","1.12","0.0","--","--","--","4,564","--","--","No","00:01:24.9","4","00:25:55","00:34:30","--","66"
Running,2025-09-29 13:25:54,false,"San Francisco Running","3.10","236","00:26:12","150","168","3.0","169","183","8:27","7:19","76","91","1.13","0.0","--","--","--","4,516","--","--","No","00:00:51.2","4","00:25:40","00:33:25","67","155"
Running,2025-09-28 13:48:45,false,"San Francisco Running","2.48","189","00:20:09","155","169","2.8","173","180","8:08","7:05","38","38","1.15","0.0","--","--","--","3,488","--","--","No","00:03:58.0","3","00:20:08","00:24:41","130","151"
Running,2025-09-24 07:01:30,false,"San Francisco Running","1.61","106","00:14:07","121","154","2.0","167","185","8:46","7:37","39","46","1.10","0.0","--","--","--","2,416","--","--","No","00:05:28.4","2","00:13:40","00:21:26","3","51"
Elliptical,2025-09-23 12:58:13,false,"Elliptical","0.00","241","00:30:01","142","158","2.5","140","167","--","--","--","--","0.00","0.0","--","--","--","4,230","--","--","No","00:30:01","1","00:00:00","00:32:46","--","--"
Elliptical,2025-09-18 18:59:36,false,"Elliptical","0.00","255","00:30:05","145","162","2.9","147","165","--","--","--","--","0.00","0.0","--","--","--","4,590","--","--","No","00:30:05","1","00:00:00","00:30:05","--","--"
Elliptical,2025-09-16 18:25:40,false,"Elliptical","0.00","213","00:30:02","133","148","2.1","126","156","--","--","--","--","0.00","0.0","--","--","--","3,886","--","--","No","00:30:02","1","00:00:00","00:30:02","--","--"
Running,2025-09-14 11:07:28,false,"San Francisco Running","3.11","233","00:26:20","149","167","2.9","171","212","8:28","6:19","199","200","1.11","0.0","--","--","--","4,548","--","--","No","00:00:53.1","4","00:25:58","00:33:06","190","351"
Running,2025-09-13 10:42:10,false,"San Francisco Running","3.12","225","00:25:20","150","169","2.9","167","186","8:08","6:36","35","47","1.18","0.0","--","--","--","4,408","--","--","No","00:01:04.3","4","00:24:05","00:43:11","-13","52"
Running,2025-06-13 09:10:35,false,"Alameda Running","4.01","302","00:32:45","145","184","3.1","172","187","8:11","6:27","28","26","1.14","0.0","--","--","--","5,706","--","--","No","00:00:02.7","5","00:32:23","00:45:51","--","20"
Running,2025-06-10 09:22:58,false,"San Francisco Running","4.01","303","00:32:54","151","172","3.1","173","185","8:13","6:44","136","135","1.13","0.0","--","--","--","5,790","--","--","No","00:00:01.8","5","00:31:57","00:54:42","191","317"
Running,2025-06-08 09:55:15,false,"San Francisco Running","4.00","311","00:34:48","153","183","3.2","174","188","8:41","5:56","128","135","1.06","0.0","--","--","--","6,098","--","--","No","00:00:02.1","5","00:34:27","00:47:19","165","271"
Running,2025-05-31 10:47:34,false,"Monterey County Running","5.59","817","02:52:51","129","185","3.2","60","247","30:56","6:59","1,318","1,322","0.88","0.0","--","--","--","12,874","--","--","No","00:13:20","6","01:26:26","03:05:01","161","655"
Running,2025-05-28 14:27:35,false,"San Francisco Running","3.01","229","00:23:50","154","168","3.2","174","188","7:55","7:02","93","88","1.16","0.0","--","--","--","4,224","--","--","No","00:00:05.6","4","00:23:28","00:27:11","191","275"
Running,2025-05-27 10:19:33,false,"San Francisco Running","3.01","225","00:23:42","155","172","3.1","177","192","7:53","6:48","98","92","1.16","0.0","--","--","--","4,208","--","--","No","00:00:03.3","4","00:23:31","00:28:57","191","253"
Running,2025-05-23 18:31:53,false,"San Francisco Running","3.01","224","00:23:51","153","181","3.1","176","220","7:56","5:49","341","343","1.15","0.0","--","--","--","4,220","--","--","No","00:00:02.3","4","00:23:49","00:29:33","3","228"
Running,2025-05-18 18:32:59,false,"San Francisco Running","3.36","247","00:25:57","154","167","3.1","175","188","7:43","6:43","101","92","1.19","0.0","--","--","--","4,594","--","--","No","00:02:41.2","4","00:25:42","00:30:05","191","276"
Running,2025-05-17 12:02:20,false,"San Francisco Running","2.19","159","00:18:48","140","165","2.5","171","247","8:34","7:07","36","42","1.10","0.0","--","--","--","3,262","--","--","No","00:01:30.4","3","00:18:16","00:26:26","60","100"
Running,2025-05-16 06:32:03,false,"San Francisco Running","3.01","225","00:24:28","148","168","2.8","175","187","8:07","7:08","72","68","1.13","0.0","--","--","--","4,282","--","--","No","00:00:04.6","4","00:24:24","00:41:38","194","253"
Elliptical,2025-05-13 17:42:50,false,"Elliptical","0.00","274","00:30:02","151","162","3.1","117","171","--","--","--","--","0.00","0.0","--","--","--","4,732","--","--","No","00:30:02","1","00:00:00","00:30:02","--","--"
Running,2025-05-03 14:37:40,false,"Los Angeles Running","1.54","128","00:13:07","158","176","2.6","177","185","8:32","6:58","52","62","1.06","0.0","--","--","--","2,326","--","--","No","00:04:41.9","2","00:13:06","00:13:07","485","557"
Running,2025-05-02 16:52:44,false,"Los Angeles Running","2.38","172","00:19:46","144","161","2.6","173","212","8:19","3:49","87","97","1.13","0.0","--","--","--","3,466","--","--","No","00:00:15.2","6","00:19:20","00:57:25","491","563"
Running,2025-05-01 18:50:15,false,"San Francisco Running","4.04","296","00:32:46","149","167","3.2","174","187","8:07","7:09","100","121","1.14","0.0","--","--","--","5,786","--","--","No","00:00:18.1","5","00:32:02","00:40:49","213","304"
Running,2025-04-30 18:48:33,false,"San Francisco Running","5.01","384","00:40:20","153","181","3.5","176","191","8:03","5:48","250","245","1.14","0.0","--","--","--","7,144","--","--","No","00:00:09.6","6","00:40:05","00:45:47","138","303"
Running,2025-04-29 07:49:10,false,"San Francisco Running","4.25","333","00:40:26","145","180","2.8","145","217","9:30","3:39","153","148","1.18","0.0","--","--","--","6,302","--","--","No","00:00:23.0","17","00:36:48","01:12:26","233","335"
Running,2025-04-27 09:14:07,false,"San Francisco Running","7.03","530","00:58:30","151","166","3.6","178","212","8:19","6:57","410","375","1.09","0.0","--","--","--","10,468","--","--","No","00:00:14.6","8","00:58:13","01:03:35","197","340"
Running,2025-04-26 17:57:17,false,"San Francisco Running","4.01","295","00:34:17","140","162","2.7","176","198","8:33","6:30","194","177","1.07","0.0","--","--","--","6,058","--","--","No","00:00:06.0","5","00:34:00","00:41:16","183","335"
Running,2025-04-25 17:37:37,false,"Santa Clara County Running","4.01","312","00:35:00","146","167","2.8","180","190","8:44","6:59","7","13","1.02","0.0","--","--","--","6,280","--","--","No","00:00:03.9","5","00:34:26","02:01:53","52","64"
Running,2025-04-25 14:07:19,false,"San Francisco Running","1.18","88","00:10:04","144","157","2.1","175","183","8:33","6:59","48","50","1.07","0.0","--","--","--","1,772","--","--","No","00:01:30.3","2","00:09:59","00:10:14","183","228"
Running,2025-04-24 15:08:31,false,"San Francisco Running","5.04","361","00:39:35","152","174","3.2","176","212","7:51","4:26","5","138","1.16","0.0","--","--","--","6,978","--","--","No","00:00:17.2","6","00:39:00","00:55:23","--","138"
Running,2025-04-22 08:22:44,false,"San Francisco Running","2.93","238","00:29:35","142","176","2.5","135","228","10:07","3:52","111","61","1.13","0.0","--","--","--","4,274","--","--","No","00:00:24.0","15","00:25:23","00:38:24","247","331"
Running,2025-04-22 07:45:04,false,"San Francisco Running","1.75","134","00:15:22","140","159","2.3","178","190","8:46","7:42","37","67","1.03","0.0","--","--","--","2,754","--","--","No","00:06:32.5","2","00:15:15","00:19:41","233","303"
Running,2025-04-19 11:03:10,false,"San Francisco Running","1.93","145","00:18:17","136","147","2.1","169","187","9:29","8:13","32","51","1.00","0.0","--","--","--","3,140","--","--","No","00:09:05.2","2","00:17:16","00:21:42","59","95"
Running,2025-04-19 09:31:00,false,"San Francisco Running","1.89","138","00:15:06","145","160","2.4","179","190","7:59","7:20","10","27","1.13","0.0","--","--","--","2,726","--","--","No","00:07:01.1","2","00:14:57","00:19:06","60","96"
Running,2025-04-18 11:01:35,false,"Alameda Running","4.20","301","00:32:51","149","162","3.1","175","205","7:49","4:15","13","13","1.18","0.0","--","--","--","5,778","--","--","No","00:01:01.6","5","00:32:38","00:51:27","--","20"
Running,2025-04-17 12:16:28,false,"San Francisco Running","5.00","365","00:40:12","152","167","3.1","177","190","8:02","7:08","21","24","1.13","0.0","--","--","--","7,148","--","--","No","00:00:01.4","6","00:39:49","00:56:20","--","25"
Running,2025-04-15 09:07:23,false,"San Francisco Running","1.07","88","00:10:47","143","157","1.9","170","188","10:07","8:11","81","35","0.93","0.0","--","--","--","1,856","--","--","No","00:00:44.7","2","00:10:31","00:13:01","253","335"
Running,2025-04-15 08:32:02,false,"San Francisco Running","3.01","197","00:25:49","142","180","2.5","131","214","8:35","3:59","67","57","1.33","0.0","--","--","--","3,664","--","--","No","00:00:34.0","16","00:19:32","00:30:02","260","273"
Running,2025-04-15 08:00:28,false,"San Francisco Running","1.50","106","00:13:04","135","153","2.0","172","185","8:42","7:45","27","78","1.08","0.0","--","--","--","2,312","--","--","No","00:04:20.1","2","00:12:48","00:15:23","233","305"
Running,2025-04-13 09:22:57,false,"San Mateo County Running","9.00","662","01:08:20","158","172","4.0","180","190","7:35","6:30","154","169","1.18","0.0","--","--","--","12,316","--","--","No","00:00:01.9","10","01:08:16","01:12:50","299","374"
Running,2025-04-12 13:48:51,false,"San Francisco Running","4.01","290","00:35:46","139","156","2.5","170","182","8:55","7:03","187","41","1.06","0.0","--","--","--","6,194","--","--","No","00:00:04.3","5","00:35:31","00:48:00","192","339"
Running,2025-04-11 09:47:37,false,"San Francisco Running","1.22","98","00:11:15","151","163","2.1","177","190","9:12","7:51","33","29","0.99","0.0","--","--","--","2,010","--","--","No","00:02:14.3","2","00:11:07","00:13:22","234","297"
Running,2025-04-11 08:59:00,false,"5x800, 4x300 ","3.82","298","00:33:04","155","190","3.2","114","234","8:39","4:20","21","22","1.63","0.0","--","--","--","4,412","--","--","No","00:00:08.5","18","00:23:25","00:42:13","261","273"
Running,2025-04-11 08:16:03,false,"San Francisco Running","1.51","111","00:12:17","147","163","2.3","178","192","8:10","7:18","34","62","1.10","0.0","--","--","--","2,190","--","--","No","00:03:58.2","2","00:12:11","00:13:37","233","302"
Running,2025-04-09 18:25:57,false,"San Francisco Running","5.04","369","00:41:36","147","164","3.1","168","226","8:15","6:43","26","58","1.16","0.0","--","--","--","7,084","--","--","No","00:00:15.9","6","00:40:08","00:51:18","--","61"
Running,2025-04-08 07:46:57,false,"San Francisco Running","6.88","541","00:58:41","159","190","3.8","151","236","8:32","4:04","174","169","1.24","0.0","--","--","--","9,352","--","--","No","00:00:17.9","35","00:53:44","01:18:55","234","331"
Running,2025-04-05 10:45:46,false,"San Francisco Running","6.01","456","00:57:08","142","164","3.0","167","190","9:31","7:36","120","120","1.01","0.0","--","--","--","9,754","--","--","No","00:00:02.5","7","00:55:21","01:56:44","46","96"
Running,2025-04-04 15:42:01,false,"San Francisco Running","3.99","306","00:36:30","148","167","2.9","168","185","9:09","5:44","68","64","1.05","0.0","--","--","--","6,324","--","--","No","00:08:15.2","4","00:35:19","01:41:36","60","99"
Running,2025-04-03 15:22:38,false,"San Francisco Running","4.20","299","00:32:14","157","170","3.1","175","217","7:41","4:09","1","7","1.20","0.0","--","--","--","5,648","--","--","No","00:01:22.9","5","00:31:40","00:43:31","--","56"
Running,2025-04-01 07:52:12,false,"San Francisco Running","6.25","462","00:56:38","149","178","3.2","144","214","9:03","4:00","137","169","1.29","0.0","--","--","--","8,742","--","--","No","00:00:11.9","18","00:46:50","01:20:44","233","301"
Running,2025-03-30 09:30:27,false,"Novato Running","9.01","664","01:13:36","152","162","3.6","179","194","8:10","7:10","124","140","1.10","0.0","--","--","--","13,268","--","--","No","00:00:05.7","10","01:13:06","01:22:09","--","41"
Running,2025-03-29 11:01:16,false,"San Francisco Running","3.01","219","00:26:02","138","159","2.4","173","184","8:39","6:55","143","148","1.07","0.0","--","--","--","4,532","--","--","No","00:00:04.5","4","00:25:47","00:33:15","130","227"
Running,2025-03-28 09:28:14,false,"San Francisco Running","1.04","80","00:10:16","140","159","1.6","142","203","9:53","4:30","--","16","1.17","0.0","--","--","--","1,596","--","--","No","00:00:21.2","8","00:10:03","00:18:11","131","148"
Running,2025-03-28 08:54:48,false,"San Francisco Running","4.27","329","00:30:34","169","186","3.8","164","188","7:09","5:54","98","81","1.38","0.0","--","--","--","5,130","--","--","No","00:00:05.8","10","00:28:18","00:30:34","131","151"
Running,2025-03-28 07:57:26,false,"San Francisco Running","2.79","204","00:22:05","148","165","2.8","176","185","7:56","6:36","50","223","1.15","0.0","--","--","--","3,890","--","--","No","00:06:15.9","3","00:21:54","00:22:44","130","339"
Running,2025-03-27 15:11:32,false,"San Francisco Running","4.31","306","00:34:17","150","163","3.0","172","188","7:57","7:13","12","12","1.17","0.0","--","--","--","5,976","--","--","No","00:02:55.2","5","00:33:49","00:42:51","--","15"
Running,2025-03-26 07:24:44,false,"San Francisco Running","5.72","393","00:48:23","137","158","2.7","173","188","8:28","7:10","144","186","1.10","0.0","--","--","--","8,506","--","--","No","00:06:13.1","6","00:47:42","00:58:39","214","332"
Running,2025-03-25 11:39:35,false,"San Francisco Running","1.33","112","00:12:44","151","165","2.2","172","190","9:33","8:32","56","28","0.98","0.0","--","--","--","2,218","--","--","No","00:03:22.8","2","00:12:35","00:13:54","234","299"
Running,2025-03-25 11:07:04,false,"San Francisco Running","2.25","205","00:24:20","151","188","2.5","96","237","10:48","4:08","55","52","1.44","0.0","--","--","--","2,690","--","--","No","00:00:36.0","16","00:15:16","00:24:21","260","273"
Running,2025-03-25 10:11:38,false,"San Francisco Running","2.01","143","00:16:11","146","163","2.4","174","198","8:04","7:11","49","83","1.15","0.0","--","--","--","2,870","--","--","No","00:00:02.0","3","00:15:55","00:19:52","212","303"
Running,2025-03-23 15:35:06,false,"San Francisco Running","9.01","655","01:09:15","154","167","3.7","179","192","7:41","6:40","320","315","1.17","0.0","--","--","--","12,432","--","--","No","00:00:04.9","10","01:08:50","01:24:23","13","273"
Running,2025-03-22 10:31:05,false,"Alameda Running","5.01","379","00:45:18","139","148","2.8","174","184","9:03","8:04","29","27","1.02","0.0","--","--","--","7,888","--","--","No","00:00:04.2","6","00:45:15","00:51:59","--","20"
Running,2025-03-21 15:14:56,false,"Sacramento Running","7.01","515","01:01:24","143","160","3.1","167","219","8:46","3:45","16","10","1.10","0.0","--","--","--","10,452","--","--","No","00:00:04.2","12","00:58:23","02:54:35","23","43"
Running,2025-03-20 17:27:16,false,"San Francisco Running","5.01","367","00:40:11","150","170","3.1","175","205","8:01","4:31","174","173","1.14","0.0","--","--","--","7,100","--","--","No","00:00:03.3","6","00:39:50","01:02:13","159","272"
Running,2025-03-18 09:10:10,false,"San Francisco Running","1.27","110","00:13:04","151","164","2.1","171","185","10:17","8:39","82","21","0.91","0.0","--","--","--","2,286","--","--","No","00:03:03.8","2","00:12:42","00:14:35","234","312"
Running,2025-03-18 08:30:02,false,"San Francisco Running","3.69","268","00:32:20","145","191","2.9","123","234","8:46","3:47","75","64","1.41","0.0","--","--","--","4,544","--","--","No","00:00:32.4","16","00:24:25","00:36:53","260","273"
Running,2025-03-18 07:56:22,false,"San Francisco Running","1.53","114","00:13:18","144","159","2.2","178","187","8:41","7:34","22","63","1.04","0.0","--","--","--","2,360","--","--","No","00:04:33.3","2","00:13:16","00:13:48","236","303"
Running,2025-03-16 10:17:20,false,"San Francisco Running","8.15","618","01:04:50","159","192","3.8","181","192","7:57","6:11","97","669","1.12","0.0","--","--","--","11,798","--","--","No","00:01:09.1","9","01:04:35","01:14:21","7","589"
Running,2025-03-15 13:08:17,false,"Yolo County Running","7.54","553","00:58:16","159","190","3.6","175","220","7:44","3:39","--","3","1.18","0.0","--","--","--","10,248","--","--","No","00:00:02.7","16","00:57:23","02:22:36","43","60"
Running,2025-03-14 09:12:30,false,"San Francisco Running","5.01","352","00:39:22","143","163","3.1","177","212","7:52","4:06","119","144","1.15","0.0","--","--","--","7,056","--","--","No","00:00:02.1","6","00:38:50","00:50:24","214","301"
Running,2025-03-13 09:12:07,false,"San Francisco Running","4.35","309","00:35:51","146","165","3.0","178","198","8:15","7:05","83","107","1.09","0.0","--","--","--","6,448","--","--","No","00:02:59.1","5","00:35:32","00:44:37","213","302"
Running,2025-03-12 10:55:44,false,"San Francisco Running","1.28","98","00:11:34","142","161","2.1","175","192","9:03","7:50","28","27","1.01","0.0","--","--","--","2,066","--","--","No","00:02:30.4","2","00:11:18","00:13:50","233","297"
Running,2025-03-12 10:10:47,false,"San Francisco Running","3.48","248","00:31:02","138","182","3.1","117","217","8:54","3:45","35","33","1.60","0.0","--","--","--","4,256","--","--","No","00:00:20.0","26","00:21:49","00:33:37","260","273"
Running,2025-03-12 09:10:29,false,"San Francisco Running","2.01","149","00:16:02","149","165","2.6","180","190","8:00","7:04","47","79","1.12","0.0","--","--","--","2,908","--","--","No","00:00:02.2","3","00:15:55","00:19:14","213","302"
Running,2025-03-11 10:27:15,false,"Half Moon Bay Running","5.01","382","00:40:09","157","168","3.3","179","188","8:01","7:18","66","66","1.12","0.0","--","--","--","7,150","--","--","No","00:00:03.3","6","00:39:52","00:54:06","16","62"
Running,2025-03-09 09:36:42,false,"San Mateo County Running","9.01","676","01:07:07","167","189","4.4","182","190","7:27","6:22","103","117","1.19","0.0","--","--","--","12,214","--","--","No","00:00:04.9","10","01:06:55","01:18:17","299","374"
Running,2025-03-08 11:23:41,false,"Alameda Running","2.59","198","00:25:12","137","147","2.5","160","181","9:44","6:29","30","29","1.03","0.0","--","--","--","4,076","--","--","No","00:07:17.7","3","00:23:33","00:46:23","--","20"
Running,2025-03-07 15:23:55,false,"San Francisco Running","1.02","83","00:09:03.0","152","163","2.0","176","196","8:50","6:53","24","18","1.03","0.0","--","--","--","1,608","--","--","No","00:00:11.2","2","00:09:02.2","00:15:20","126","151"
Running,2025-03-07 14:45:59,false,"San Francisco Running","3.84","329","00:32:12","167","189","3.6","133","198","8:23","5:18","105","106","1.38","0.0","--","--","--","4,700","--","--","No","00:00:46.3","28","00:24:02","00:32:12","131","148"
Running,2025-03-07 14:07:44,false,"San Francisco Running","2.87","214","00:22:30","152","167","3.0","178","187","7:51","6:58","52","230","1.15","0.0","--","--","--","4,012","--","--","No","00:06:37.0","3","00:22:25","00:23:05","131","340"
Running,2025-03-06 08:32:28,false,"San Francisco Running","5.01","356","00:40:13","146","166","3.1","176","188","8:01","7:25","103","98","1.14","0.0","--","--","--","7,158","--","--","No","00:00:05.4","6","00:39:28","00:54:38","192","262"
Running,2025-03-04 09:03:16,false,"San Francisco Running","1.15","96","00:11:51","148","174","2.0","168","182","10:20","8:54","150","35","0.93","0.0","--","--","--","2,046","--","--","No","00:01:23.9","2","00:11:36","00:14:28","196","330"
Running,2025-03-04 08:30:53,false,"San Francisco Running","2.57","225","00:27:29","148","184","2.7","93","210","10:41","4:02","85","86","1.47","0.0","--","--","--","3,150","--","--","No","00:00:34.2","18","00:15:21","00:27:29","260","273"
Running,2025-03-04 07:46:35,false,"San Francisco Running","2.01","140","00:16:13","143","157","2.2","172","186","8:05","1:55","231","307","1.16","0.0","--","--","--","2,842","--","--","No","00:00:03.0","3","00:15:57","00:20:13","144","343"
Running,2025-03-02 09:11:43,false,"San Francisco Running","8.01","626","01:07:27","160","182","4.0","174","191","8:25","6:29","525","749","1.10","0.0","--","--","--","11,830","--","--","No","00:00:03.7","9","01:06:59","01:16:49","17","348"
Strength Training,2025-03-01 09:02:02,false,"Strength","0.00","84","00:37:50","84","115","0.1","--","--","--","--","--","--","--","0.0","--","--","--","64","32","1","No","00:37:50","1","00:37:50","00:42:44","--","--"
Running,2025-02-28 09:30:29,false,"San Francisco Running","1.02","79","00:09:37.5","144","163","1.7","173","195","9:26","5:14","22","14","0.99","0.0","--","--","--","1,680","--","--","No","00:00:19.8","8","00:09:36.8","00:11:27","130","148"
Running,2025-02-28 08:55:57,false,"San Francisco Running","3.90","298","00:28:56","164","187","3.6","157","195","7:25","5:46","81","83","1.37","0.0","--","--","--","4,686","--","--","No","00:00:46.4","10","00:24:41","00:28:56","131","151"
Running,2025-02-28 08:00:07,false,"San Francisco Running","2.79","206","00:21:55","149","162","2.9","182","189","7:51","7:06","55","228","1.13","0.0","--","--","--","3,990","--","--","No","00:06:11.9","3","00:21:44","00:22:29","127","339"
Running,2025-02-27 12:18:52,false,"San Francisco Running","5.02","372","00:40:13","152","168","3.2","179","188","8:01","2:27","176","180","1.12","0.0","--","--","--","7,258","--","--","No","00:00:10.8","6","00:40:01","00:49:18","-46","171"
Elliptical,2025-02-25 14:30:56,false,"Elliptical","0.00","424","01:00:02","142","169","3.0","104","186","--","--","--","--","0.00","0.0","--","--","--","6,932","--","--","No","00:01:24.8","17","00:00:00","01:03:00","--","--"
Running,2025-02-24 12:45:19,false,"San Francisco Running","5.01","372","00:42:02","149","161","3.1","175","187","8:24","7:19","205","206","1.09","0.0","--","--","--","7,454","--","--","No","00:00:03.0","6","00:41:36","00:55:56","148","280"
Running,2025-02-22 13:37:30,false,"Spokane Running","1.76","130","00:16:09","131","151","2.1","172","189","9:11","3:14","202","110","1.02","0.0","--","--","--","2,866","--","--","No","00:07:33.5","2","00:15:36","00:38:52","1,827","1,999"
Running,2025-02-22 11:16:24,false,"Spokane Running","2.38","180","00:21:51","142","160","2.3","173","194","9:12","7:12","250","173","1.01","0.0","--","--","--","3,816","--","--","No","00:03:40.3","3","00:21:35","01:23:47","1,826","1,986"
Running,2025-02-21 18:23:24,false,"Spokane Running","1.20","93","00:11:26","141","155","2.0","172","185","9:30","8:14","57","58","0.98","0.0","--","--","--","1,992","--","--","No","00:02:03.0","2","00:11:18","00:12:32","1,853","1,909"
Running,2025-02-21 17:03:45,false,"Spokane Running","1.77","138","00:15:03","154","165","2.4","179","187","8:31","7:36","140","158","1.06","0.0","--","--","--","2,684","--","--","No","00:06:40.4","2","00:15:03","00:16:25","1,827","1,908"
Running,2025-02-21 12:34:56,false,"Spokane Running","1.15","85","00:10:34","135","156","1.9","174","187","9:11","7:14","177","199","1.01","0.0","--","--","--","1,836","--","--","No","00:01:24.4","2","00:10:22","00:11:33","1,736","1,902"
Running,2025-02-20 15:57:34,false,"Spokane Running","4.83","368","00:42:14","149","175","3.4","159","214","8:45","2:56","148","112","1.14","0.0","--","--","--","6,926","--","--","No","00:00:27.6","10","00:37:52","01:16:35","1,820","1,943"
Running,2025-02-19 08:11:31,false,"San Francisco Running","5.11","408","00:44:23","153","168","3.3","178","190","8:41","7:07","255","282","1.04","0.0","--","--","--","8,028","--","--","No","00:01:01.2","6","00:44:07","00:48:38","163","340"
Running,2025-02-18 09:01:54,false,"San Francisco Running","1.06","93","00:11:15","147","163","2.0","165","184","10:38","6:53","79","27","0.92","0.0","--","--","--","1,928","--","--","No","00:00:40","2","00:11:02","00:14:53","247","329"
Running,2025-02-18 08:20:45,false,"San Francisco Running","3.89","300","00:33:11","161","185","3.2","154","198","8:32","4:33","56","53","1.18","0.0","--","--","--","5,366","--","--","No","00:00:48.6","29","00:30:37","00:35:35","260","273"
Running,2025-02-18 07:53:49,false,"San Francisco Running","1.50","118","00:13:35","148","169","2.3","169","189","9:02","7:02","43","79","1.05","0.0","--","--","--","2,332","--","--","No","00:04:32.4","2","00:12:59","00:16:58","235","303"
Running,2025-02-16 09:45:54,false,"Mountain View Running","8.00","592","01:03:06","152","168","3.5","182","189","7:53","6:46","9","10","1.12","0.0","--","--","--","11,582","--","--","No","00:00:01.6","9","01:02:44","01:20:27","--","7"
Running,2025-02-15 14:46:13,false,"San Francisco Running","3.00","213","00:27:46","136","152","2.2","173","186","9:15","7:59","130","116","1.01","0.0","--","--","--","4,892","--","--","No","00:00:03.1","4","00:27:22","00:32:04","213","339"
Running,2025-02-14 17:06:50,false,"San Francisco Running","1.48","116","00:13:00","148","169","2.2","173","188","8:48","7:25","71","33","1.06","0.0","--","--","--","2,300","--","--","No","00:04:14.4","2","00:10:24","00:15:14","233","298"
Running,2025-02-14 16:49:42,false,"San Francisco Running","4.88","358","00:39:59","149","173","3.2","130","203","8:12","4:21","64","58","1.51","0.0","--","--","--","5,690","--","--","No","00:00:00.4","28","00:29:59","00:44:59","260","273"
Running,2025-02-14 15:12:56,false,"San Francisco Running","2.00","143","00:16:12","142","161","2.4","176","212","8:05","7:09","33","71","1.13","0.0","--","--","--","2,904","--","--","No","00:00:01.5","3","00:15:53","00:19:36","233","300"
Treadmill Running,2025-02-13 15:38:29,false,"Treadmill Running","5.01","380","00:42:33","154","173","3.1","171","180","8:30","9:27","--","--","0.95","0.0","--","--","--","7,308","--","--","No","00:03:03.9","5","00:42:32","01:00:02","--","--"
Running,2025-02-12 07:36:16,false,"San Francisco Running","5.50","414","00:49:20","144","167","3.0","175","187","8:58","7:03","383","377","1.03","0.0","--","--","--","8,770","--","--","No","00:04:07.1","6","00:48:30","01:11:38","191","339"
Running,2025-02-11 16:53:16,false,"San Francisco Running","3.38","306","00:39:27","146","181","2.8","112","222","11:41","3:35","55","46","1.32","0.0","--","--","--","4,936","--","--","No","00:00:22.8","19","00:27:35","00:48:44","233","299"
Running,2025-02-11 16:10:30,false,"San Francisco Running","2.01","148","00:17:07","143","162","2.4","175","194","8:32","7:40","46","75","1.08","0.0","--","--","--","3,040","--","--","No","00:00:02.2","3","00:16:50","00:20:06","215","297"
Running,2025-02-09 09:14:47,false,"San Francisco Running","5.07","380","00:42:44","147","167","3.3","183","190","8:26","7:26","216","248","1.05","0.0","--","--","--","7,794","--","--","No","00:00:34.4","6","00:42:34","00:51:02","141","339"
Running,2025-02-08 14:39:21,false,"Reno Running","2.99","239","00:26:14","152","162","2.9","179","187","8:46","7:30","35","47","1.03","0.0","--","--","--","4,728","--","--","No","00:08:41.2","3","00:26:12","00:28:06","4,442","4,485"
Running,2025-02-08 12:47:56,false,"Reno Running","1.55","101","00:13:07","140","151","2.0","170","182","8:29","7:35","2,935","2,921","1.11","0.0","--","--","--","2,260","--","--","No","00:05:39.6","2","00:12:46","00:18:08","4,442","6,176"
Running,2025-02-08 10:58:00,false,"Reno Running","1.62","118","00:13:36","148","165","2.3","179","189","8:24","7:20","16","23","1.07","0.0","--","--","--","2,450","--","--","No","00:05:16.7","2","00:13:28","00:16:03","4,442","4,462"
Running,2025-02-07 11:03:34,false,"Reno Running","4.09","317","00:33:37","158","170","3.4","181","189","8:13","7:19","33","31","1.08","0.0","--","--","--","6,130","--","--","No","00:01:39.0","5","00:33:24","00:41:30","4,432","4,459"
Running,2025-02-06 07:18:59,false,"San Francisco Running","5.01","380","00:40:59","151","182","3.3","179","189","8:10","5:34","205","203","1.10","0.0","--","--","--","7,332","--","--","No","00:00:30.7","13","00:40:46","00:47:22","140","272"
Running,2025-02-04 08:23:41,false,"San Francisco Running","5.18","437","00:44:01","166","189","3.9","155","200","8:30","4:38","103","45","1.24","0.0","--","--","--","7,220","--","--","No","00:00:58.3","14","00:38:39","00:53:06","247","332"
Running,2025-02-04 07:46:30,false,"San Francisco Running","1.67","126","00:14:13","146","164","2.4","176","187","8:31","7:37","20","62","1.07","0.0","--","--","--","2,558","--","--","No","00:05:48.1","2","00:14:00","00:18:36","235","304"
Running,2025-02-02 09:11:11,false,"San Francisco Running","8.01","601","01:07:30","153","167","3.8","181","228","8:26","4:52","386","400","1.06","0.0","--","--","--","12,232","--","--","No","00:00:03.0","9","01:07:13","01:22:58","43","361"
Running,2025-02-01 14:27:40,false,"Seattle Running","3.80","297","00:35:46","148","176","3.2","134","208","9:24","4:11","55","73","1.33","0.0","--","--","--","5,292","--","--","No","00:00:34.3","15","00:28:03","01:02:33","20","56"
Running,2025-02-01 13:08:52,false,"Seattle Running","1.49","120","00:12:41","158","171","2.5","180","188","8:31","6:57","37","34","1.05","0.0","--","--","--","2,272","--","--","No","00:04:11.7","2","00:12:26","00:12:44","34","74"
Running,2025-01-31 14:32:57,false,"Seattle Running","4.16","308","00:32:08","160","182","3.4","179","203","7:44","4:49","78","91","1.17","0.0","--","--","--","5,760","--","--","No","00:01:00.6","5","00:31:57","00:56:15","27","85"
Running,2025-01-29 08:09:40,false,"San Francisco Running","4.99","392","00:40:46","160","185","3.6","180","190","8:10","7:20","129","151","1.09","0.0","--","--","--","7,378","--","--","No","00:07:55.3","5","00:40:33","01:06:23","230","339"
Running,2025-01-28 08:21:17,false,"San Francisco Running","5.24","420","00:52:54","150","188","3.6","134","247","10:05","4:24","46","67","1.20","0.0","--","--","--","7,666","--","--","No","00:00:26.7","17","00:41:35","00:56:45","234","274"
Running,2025-01-28 07:42:41,false,"San Francisco Running","1.52","116","00:13:43","145","162","2.2","178","188","9:02","8:16","34","79","1.00","0.0","--","--","--","2,466","--","--","No","00:04:44.3","2","00:13:35","00:17:22","233","305"
Running,2025-01-26 09:30:49,false,"Novato Running","7.01","549","00:53:46","171","188","4.6","182","189","7:40","6:59","84","86","1.15","0.0","--","--","--","9,788","--","--","No","00:00:04.2","8","00:53:41","01:02:33","--","36"
Running,2025-01-25 12:37:24,false,"San Francisco Running","2.28","155","00:19:01","142","166","2.4","168","228","8:21","3:48","123","137","1.17","0.0","--","--","--","3,304","--","--","No","00:01:34.6","3","00:18:35","00:30:18","213","318"
Running,2025-01-24 09:40:10,false,"San Francisco Running","0.76","63","00:06:54.5","149","159","2.0","177","187","9:05","8:11","18","18","1.00","0.0","--","--","--","1,234","--","--","No","00:06:54.5","1","00:06:53","00:06:54.5","131","151"
Running,2025-01-24 09:00:36,false,"San Francisco Running","3.29","273","00:26:10","159","184","3.8","142","194","7:58","5:30","55","41","1.37","0.0","--","--","--","3,984","--","--","No","00:00:00.2","24","00:19:58","00:26:10","131","151"
Running,2025-01-24 08:07:40,false,"San Francisco Running","2.85","218","00:22:28","158","170","3.2","180","187","7:53","7:11","50","207","1.14","0.0","--","--","--","4,070","--","--","No","00:06:43.4","3","00:22:25","00:23:34","130","339"
Running,2025-01-22 08:12:32,false,"San Francisco Running","5.43","430","00:44:30","161","186","3.8","175","190","8:12","7:12","211","233","1.12","0.0","--","--","--","7,918","--","--","No","00:03:31.5","6","00:44:08","00:49:22","161","338"
Running,2025-01-21 12:14:18,false,"San Francisco Running","4.01","301","00:31:21","159","173","3.2","176","184","7:49","6:50","7","177","1.17","0.0","--","--","--","5,520","--","--","No","00:00:05.7","5","00:31:09","00:38:52","--","180"
Running,2025-01-19 09:28:07,false,"San Mateo County Running","7.02","527","00:52:42","164","186","4.3","176","187","7:30","6:25","16","19","1.22","0.0","--","--","--","9,310","--","--","No","00:00:09.1","8","00:52:36","00:57:47","298","343"
Running,2025-01-18 13:20:05,false,"San Francisco Running","4.04","313","00:35:36","149","170","3.1","172","182","8:48","7:09","385","374","1.06","0.0","--","--","--","6,174","--","--","No","00:00:18.9","5","00:35:19","00:42:55","20","314"
Elliptical,2025-01-17 15:40:06,false,"Elliptical","0.00","417","01:00:01","142","173","3.3","87","186","--","--","--","--","0.00","0.0","--","--","--","7,050","--","--","No","00:00:57.6","31","00:00:00","01:00:01","--","--"
Running,2025-01-16 10:11:49,false,"San Francisco Running","4.08","309","00:33:23","154","179","3.4","171","205","8:11","5:46","131","125","1.15","0.0","--","--","--","5,808","--","--","No","00:00:39.8","5","00:33:09","00:44:47","233","310"
Running,2025-01-15 14:06:30,false,"San Francisco Running","3.10","246","00:25:33","158","171","3.2","171","179","8:14","7:09","156","155","1.14","0.0","--","--","--","4,390","--","--","No","00:00:44.7","4","00:25:20","00:29:55","129","228"
Running,2025-01-14 14:14:28,false,"San Francisco Running","2.01","155","00:17:40","150","168","2.6","171","184","8:47","7:17","95","91","1.07","0.0","--","--","--","3,036","--","--","No","00:00:05.3","3","00:17:37","00:19:12","142","228"
Strength Training,2025-01-05 18:25:59,false,"Strength","0.00","98","00:25:11","106","127","0.5","--","--","--","--","--","--","--","0.0","--","--","--","8","4","1","No","00:25:11","1","00:25:11","00:25:11","--","--"
Running,2025-01-05 10:43:11,false,"Golden Running","5.01","390","00:41:54","161","180","3.7","176","186","8:22","6:32","331","324","1.09","0.0","--","--","--","7,382","--","--","No","00:01:32.1","11","00:41:40","00:50:04","5,659","5,856"
Strength Training,2025-01-04 17:22:20,false,"Strength","0.00","89","00:19:34","112","134","0.6","--","--","--","--","--","--","--","0.0","--","--","--","26","13","1","No","00:19:34","1","00:19:34","00:19:34","--","--"
Running,2025-01-04 08:25:57,false,"Jefferson County Running","6.01","462","00:47:55","162","183","3.8","179","189","7:59","7:18","115","115","1.13","0.0","--","--","--","8,562","--","--","No","00:00:03.7","7","00:47:41","01:05:24","5,501","5,578"
Running,2025-01-01 16:52:54,false,"San Francisco Running","5.01","394","00:41:05","161","183","3.5","175","184","8:12","6:24","210","204","1.12","0.0","--","--","--","7,228","--","--","No","00:00:06.1","6","00:40:58","00:47:19","148","273"
Running,2024-12-31 13:45:25,false,"San Francisco Running","5.02","397","00:42:13","163","186","3.5","174","190","8:24","5:36","102","101","1.10","0.0","--","--","--","7,358","--","--","No","00:00:29.8","19","00:41:56","00:51:31","130","151"
Running,2024-12-29 10:00:18,false,"Fontana Running","4.22","310","00:34:36","148","177","3.0","173","182","8:12","7:03","47","54","1.14","0.0","--","--","--","6,068","--","--","No","00:01:38.2","5","00:34:21","00:45:32","1,299","1,357"
Strength Training,2024-12-28 15:16:32,false,"Strength","0.00","137","00:44:01","95","130","0.3","--","--","--","--","--","--","--","0.0","--","--","--","24","12","1","No","00:44:01","1","00:44:01","00:44:01","--","--"
Running,2024-12-27 09:45:06,false,"Temecula Running","5.17","402","00:41:48","159","178","3.6","175","186","8:05","6:54","197","190","1.14","0.0","--","--","--","7,372","--","--","No","00:01:19.1","6","00:41:38","00:50:56","1,075","1,263"
Running,2024-12-26 11:36:54,false,"Fontana Running","4.23","306","00:32:37","159","183","3.3","172","228","7:43","4:47","43","43","1.22","0.0","--","--","--","5,646","--","--","No","00:01:14.1","5","00:31:57","00:47:19","1,299","1,351"
Running,2024-12-24 07:11:23,false,"Chino Hills Running","6.60","574","01:02:53","163","193","3.8","172","188","9:32","7:23","816","823","0.98","0.0","--","--","--","10,862","--","--","No","00:05:13.3","7","01:02:29","01:07:38","705","1,255"
Pool Swim,2024-12-23 16:11:46,false,"Pool Swim","2,025","275","00:45:02","108","137","0.7","--","--","1:49","0:42","--","--","--","0.0","1052","40","29","--","--","--","No","00:03:57.5","6","00:36:43","00:53:13","--","--"
Running,2024-12-21 11:59:18,false,"Upland Running","3.71","282","00:31:16","151","166","3.0","173","201","8:25","6:52","296","274","1.10","0.0","--","--","--","5,460","--","--","No","00:05:20.3","4","00:30:57","00:45:04","1,342","1,650"
Running,2024-12-19 12:24:33,false,"Upland Running","3.01","236","00:25:43","152","172","3.0","173","184","8:33","7:30","42","41","1.09","0.0","--","--","--","4,476","--","--","No","00:00:04.2","4","00:25:19","00:32:52","1,556","1,606"
Running,2024-12-17 13:12:06,false,"Upland Running","2.37","188","00:20:04","151","167","2.8","173","186","8:28","7:47","43","48","1.10","0.0","--","--","--","3,476","--","--","No","00:03:03.7","3","00:20:03","00:24:28","1,556","1,606"
Running,2024-12-13 12:08:46,false,"San Francisco Running","3.01","224","00:23:11","153","176","3.0","171","181","7:42","7:06","50","53","1.22","0.0","--","--","--","3,976","--","--","No","00:00:03.6","4","00:23:04","00:29:22","259","277"
Treadmill Running,2024-12-12 09:12:28,false,"First time on Alter-G","3.51","289","00:34:17","145","168","3.0","140","195","9:46","11:11","--","--","0.79","0.0","--","--","--","4,866","--","--","No","00:02:01.1","5","00:30:41","00:34:22","--","--"
Indoor Cycling,2024-12-11 19:32:20,false,"Indoor Cycling","0.00","249","00:40:03","128","144","2.0","--","--","--","--","--","--","--","0.0","--","--","--","--","--","--","No","00:40:03","1","00:00:00","00:47:23","--","--"
Elliptical,2024-12-10 08:28:00,false,"Elliptical ","0.00","227","01:00:00","--","--","--","--","--","--","--","--","--","--","0.0","--","--","--","--","--","--","No","01:00:00","1","--:--:--","01:00:00","--","--"
Indoor Cycling,2024-12-09 16:44:43,false,"Indoor Cycling","0.00","313","00:45:03","135","163","2.5","--","--","--","--","--","--","--","0.0","--","--","--","--","--","--","No","00:45:03","1","00:00:00","00:52:10","--","--"
Running,2024-12-05 08:10:04,false,"San Francisco Running","5.16","385","00:40:28","158","183","3.6","173","206","7:50","5:29","213","217","1.19","0.0","--","--","--","7,066","--","--","No","00:01:21.5","6","00:40:00","00:59:18","228","374"
Treadmill Running,2024-12-04 19:27:28,false,"Treadmill Running","4.00","324","00:32:57","159","171","3.5","171","178","8:14","9:20","--","--","0.96","0.0","--","--","--","5,616","--","--","No","00:03:21.9","4","00:32:56","00:32:57","--","--"
Running,2024-12-03 08:11:31,false,"San Francisco Running","4.15","318","00:33:07","154","178","3.4","169","185","7:59","6:54","188","209","1.20","0.0","--","--","--","5,836","--","--","No","00:01:14.7","5","00:32:27","00:42:26","221","339"
Running,2024-11-29 15:53:34,false,"Santa Clara County Running","5.01","377","00:39:51","148","164","3.3","177","189","7:57","7:06","276","290","1.14","0.0","--","--","--","7,060","--","--","No","00:00:05.2","6","00:39:45","00:46:54","285","402"
Running,2024-11-28 12:17:00,false,"Santa Clara County Running","5.00","401","00:41:44","158","174","3.5","175","186","8:21","6:37","63","205","1.10","0.0","--","--","--","7,336","--","--","No","00:00:01.5","6","00:41:33","00:45:11","350","539"
Elliptical,2024-11-27 15:29:26,false,"Elliptical","0.00","419","01:00:02","142","170","3.1","110","170","--","--","--","--","0.00","0.0","--","--","--","8,100","--","--","No","00:01:59.4","11","00:00:00","01:00:13","--","--"
Running,2024-11-26 15:05:06,false,"San Francisco Running","5.01","389","00:39:18","161","183","3.3","178","188","7:51","6:58","97","99","1.15","0.0","--","--","--","7,028","--","--","No","00:00:03.8","6","00:39:15","00:49:01","130","151"
Running,2024-11-24 16:29:17,false,"San Francisco Running","6.01","467","00:50:34","154","172","3.3","174","186","8:25","7:25","206","201","1.10","0.0","--","--","--","8,844","--","--","No","00:00:04.4","7","00:50:15","01:04:07","131","271"
Running,2024-11-23 17:33:40,false,"San Francisco Running","4.00","321","00:34:33","153","176","3.1","172","186","8:38","7:18","163","155","1.08","0.0","--","--","--","5,964","--","--","No","00:00:02.4","5","00:34:23","00:39:44","184","276"
Indoor Cycling,2024-11-22 13:04:27,false,"Indoor Cycling","0.00","293","00:50:03","124","152","2.0","--","--","--","--","--","--","--","0.0","--","--","--","--","--","--","No","00:50:03","1","00:00:00","00:50:03","--","--"
Treadmill Running,2024-11-21 06:11:32,false,"Treadmill Running","5.01","402","00:40:22","163","177","3.6","169","174","8:03","9:25","--","--","0.95","0.0","--","--","--","6,796","--","--","No","00:00:07.1","5","00:40:20","00:47:18","--","--"
Running,2024-11-19 16:14:25,false,"San Francisco Running","5.01","376","00:41:39","148","179","3.1","173","195","8:19","7:14","106","114","1.12","0.0","--","--","--","7,258","--","--","No","00:00:05.4","6","00:41:13","00:53:44","233","318"
Running,2024-11-18 16:13:52,false,"San Francisco Running","4.00","304","00:31:17","152","167","3.2","176","247","7:49","7:13","83","84","1.17","0.0","--","--","--","5,528","--","--","No","00:00:02.0","5","00:31:11","00:38:20","191","262"
Running,2024-11-17 11:26:51,false,"San Francisco Running","4.01","305","00:31:22","156","181","3.2","176","186","7:50","7:05","154","148","1.17","0.0","--","--","--","5,556","--","--","No","00:00:01.9","5","00:31:14","00:42:34","182","274"
Running,2024-11-16 10:18:06,false,"Trying my best ","3.01","234","00:24:27","151","170","3.0","175","187","8:07","7:02","96","92","1.13","0.0","--","--","--","4,318","--","--","No","00:00:07.0","4","00:23:49","00:33:32","191","253"
Elliptical,2024-11-13 19:28:32,false,"Elliptical","0.00","335","00:45:09","139","154","2.5","134","165","--","--","--","--","0.00","0.0","--","--","--","6,396","--","--","No","00:45:09","1","00:00:00","00:45:09","--","--"
Running,2024-11-11 15:34:09,false,"San Francisco Running","3.53","265","00:28:36","143","179","2.9","176","186","8:06","7:27","129","118","1.13","0.0","--","--","--","5,034","--","--","No","00:04:36.0","4","00:28:30","00:35:36","230","339"
Running,2024-11-10 09:10:57,false,"San Francisco Running","3.51","266","00:26:44","161","177","3.2","172","186","7:37","6:51","67","113","1.23","0.0","--","--","--","4,666","--","--","No","00:04:06.8","4","00:26:15","00:32:11","213","300"
Elliptical,2024-11-08 18:01:30,false,"Elliptical","0.00","352","00:45:02","140","163","2.5","114","153","--","--","--","--","0.00","0.0","--","--","--","5,972","--","--","No","00:45:02","1","00:00:00","00:45:32","--","--"
Indoor Cycling,2024-11-07 17:50:21,false,"Indoor Cycling","0.00","339","00:45:24","138","148","2.4","--","--","--","--","--","--","--","0.0","--","--","--","--","--","--","No","00:45:24","1","00:00:00","00:45:24","--","--"
Pool Swim,2024-10-21 08:34:34,false,"Pool Swim","850","126","00:27:50","105","152","0.7","--","--","1:51","0:50","--","--","--","0.0","464","41","30","--","--","--","No","00:01:30.5","8","00:15:42","01:21:13","--","--"
Running,2024-10-20 10:06:35,false,"Novato Running","8.01","618","01:03:08","160","185","3.9","179","188","7:53","6:49","77","77","1.14","0.0","--","--","--","11,318","--","--","No","00:00:03.6","9","01:02:41","01:11:04","--","39"
Running,2024-10-19 10:23:51,false,"Sunnyvale Running","2.92","222","00:26:49","139","165","2.3","167","184","9:12","6:56","--","--","1.05","0.0","--","--","--","4,566","--","--","No","00:08:24.4","3","00:25:55","00:43:28","5","7"
Running,2024-10-19 08:38:00,false,"Sunnyvale Running","2.03","160","00:16:18","154","177","2.7","174","188","8:02","6:01","--","--","1.15","0.0","--","--","--","2,844","--","--","No","00:00:28.5","7","00:16:04","00:17:29","5","7"
Running,2024-10-18 08:08:33,false,"San Francisco Running","2.72","175","00:21:43","134","154","2.3","173","203","7:59","4:17","84","126","1.16","0.0","--","--","--","3,890","--","--","No","00:05:41.8","3","00:21:16","00:42:32","214","301"
Running,2024-10-17 07:34:22,false,"San Francisco Running","5.51","396","00:45:00","143","164","2.9","173","187","8:10","6:13","244","206","1.14","0.0","--","--","--","7,864","--","--","No","00:00:30.2","12","00:44:21","01:02:05","213","340"
Running,2024-10-15 15:21:58,false,"San Francisco Running","1.09","90","00:10:17","146","158","2.0","177","194","9:27","7:23","--","--","0.96","0.0","--","--","--","1,846","--","--","No","00:01:04.2","2","00:10:03","00:11:31","16","40"
Running,2024-10-15 14:33:06,false,"San Francisco Running","5.17","399","00:42:41","162","187","3.6","135","226","8:15","4:32","149","142","1.42","0.0","--","--","--","5,994","--","--","No","00:00:12.6","21","00:34:34","00:44:39","16","38"
Running,2024-10-15 13:50:20,false,"San Francisco Running","2.13","157","00:16:48","146","161","2.3","180","191","7:53","7:04","--","196","1.14","0.0","--","--","--","3,020","--","--","No","00:00:58.3","3","00:16:47","00:21:17","29","250"
Elliptical,2024-10-14 17:48:31,false,"Elliptical","0.00","280","00:30:03","151","159","3.0","138","170","--","--","--","--","0.00","0.0","--","--","--","4,494","--","--","No","00:30:03","1","00:00:00","00:30:03","--","--"
Pool Swim,2024-10-14 11:14:19,false,"Pool Swim","2,450","350","00:45:02","118","139","1.4","--","--","1:50","0:49","--","--","--","0.0","1260","40","28","--","--","--","No","00:00:29.8","4","00:45:02","00:47:19","--","--"
Running,2024-10-11 17:08:54,false,"San Francisco Running","1.63","132","00:18:36","129","140","1.4","176","205","11:25","8:00","16","18","0.80","0.0","--","--","--","3,300","--","--","No","00:06:58.8","2","00:18:30","00:19:54","139","167"
Running,2024-10-11 15:26:24,false,"San Francisco Running","2.11","163","00:16:52","151","165","2.5","176","187","7:59","5:03","35","47","1.14","0.0","--","--","--","2,978","--","--","No","00:00:28.2","7","00:16:47","00:21:18","125","162"
Running,2024-10-10 08:08:35,false,"San Francisco Running","4.36","307","00:36:33","137","156","2.7","176","212","8:23","4:11","72","100","1.09","0.0","--","--","--","6,482","--","--","No","00:02:44.5","5","00:36:04","00:59:43","232","298"
Running,2024-10-08 09:40:59,false,"San Francisco Running","1.31","101","00:11:38","138","158","2.0","175","190","8:53","7:53","30","29","1.03","0.0","--","--","--","2,074","--","--","No","00:02:49.2","2","00:11:32","00:12:23","233","299"
Running,2024-10-08 08:33:30,false,"San Francisco Running","5.65","395","00:46:07","152","191","3.4","139","203","8:10","4:24","56","50","1.40","0.0","--","--","--","6,940","--","--","No","00:00:04.3","21","00:39:23","00:50:27","260","273"
Running,2024-10-08 07:38:08,false,"San Francisco Running","1.93","138","00:15:24","140","158","2.3","174","187","7:58","7:16","43","81","1.16","0.0","--","--","--","2,732","--","--","No","00:07:24.8","2","00:15:09","00:16:34","213","298"
Running,2024-10-07 08:17:50,false,"San Francisco Running","5.36","389","00:43:43","145","163","3.1","176","189","8:09","6:56","126","154","1.12","0.0","--","--","--","7,768","--","--","No","00:03:10.1","6","00:43:29","00:49:25","214","300"
Running,2024-10-04 07:50:29,false,"San Francisco Running","6.00","453","00:51:05","139","187","3.2","176","190","8:31","6:14","215","215","1.07","0.0","--","--","--","9,026","--","--","No","00:00:09.8","31","00:50:35","01:03:18","178","274"
Running,2024-10-03 17:07:49,false,"San Francisco Running","5.36","367","00:44:52","133","156","2.7","174","196","8:22","5:16","131","132","1.11","0.0","--","--","--","7,846","--","--","No","00:02:29.3","6","00:44:20","00:57:55","190","289"
Running,2024-10-01 08:55:03,false,"San Francisco Running","1.26","99","00:11:43","141","153","2.0","171","182","9:20","7:49","78","11","1.01","0.0","--","--","--","2,032","--","--","No","00:02:23.1","2","00:11:13","00:12:44","253","340"
Running,2024-10-01 08:05:26,false,"San Francisco Running","5.81","407","00:42:52","159","187","3.6","149","209","7:22","4:50","32","23","1.51","0.0","--","--","--","6,674","--","--","No","00:00:07.2","20","00:41:00","00:42:52","260","274"
Running,2024-10-01 07:21:37,false,"San Francisco Running","2.01","150","00:17:43","137","151","2.1","175","184","8:49","7:16","47","90","1.04","0.0","--","--","--","3,102","--","--","No","00:00:03.5","3","00:17:38","00:19:45","234","304"
Running,2024-09-30 07:46:51,false,"San Francisco Running","4.51","320","00:37:13","140","157","2.6","176","203","8:15","4:31","261","288","1.11","0.0","--","--","--","6,612","--","--","No","00:04:05.9","5","00:36:45","00:59:52","229","340"
Running,2024-09-29 08:41:11,false,"San Francisco Running","11.00","846","01:25:07","157","186","4.4","181","198","7:44","6:40","484","492","1.15","0.0","--","--","--","15,528","--","--","No","00:00:01.9","12","01:24:23","01:38:22","70","339"
Running,2024-09-28 17:35:39,false,"San Francisco Running","1.43","113","00:15:06","131","150","1.7","173","189","10:32","9:18","102","15","0.88","0.0","--","--","--","2,622","--","--","No","00:04:28.8","2","00:14:59","00:18:18","139","267"
Running,2024-09-28 16:52:40,false,"San Francisco Running","4.89","352","00:36:15","159","187","3.6","161","205","7:25","4:44","98","101","1.39","0.0","--","--","--","6,036","--","--","No","00:00:01.9","18","00:32:26","00:36:31","130","151"
Running,2024-09-28 16:10:53,false,"San Francisco Running","2.51","180","00:20:59","141","160","2.3","179","190","8:21","7:32","44","197","1.07","0.0","--","--","--","3,762","--","--","No","00:04:21.1","3","00:20:57","00:24:49","142","340"
Running,2024-09-27 17:22:11,false,"San Francisco Running","6.01","438","00:50:42","144","162","3.0","175","205","8:26","6:40","143","140","1.09","0.0","--","--","--","8,904","--","--","No","00:00:02.6","7","00:50:25","01:03:24","177","262"
Running,2024-09-25 08:35:25,false,"San Francisco Running","1.61","135","00:15:05","148","176","2.2","176","188","9:23","7:42","123","26","0.98","0.0","--","--","--","2,654","--","--","No","00:05:22.2","2","00:15:02","00:17:13","140","268"
Running,2024-09-25 07:50:01,false,"San Francisco Running","4.42","351","00:34:57","155","186","3.6","138","198","7:55","4:54","119","117","1.49","0.0","--","--","--","5,358","--","--","No","00:00:04.5","16","00:29:50","00:34:57","130","150"
Running,2024-09-25 07:11:38,false,"San Francisco Running","2.61","188","00:22:45","137","154","2.2","180","187","8:43","7:42","59","221","1.02","0.0","--","--","--","4,086","--","--","No","00:05:12.7","3","00:22:43","00:23:15","141","338"
Running,2024-09-24 15:19:05,false,"San Francisco Running","5.37","392","00:46:05","141","154","2.9","177","187","8:35","6:43","35","36","1.06","0.0","--","--","--","8,172","--","--","No","00:03:26.2","6","00:45:58","00:53:08","-45","32"
Running,2024-09-23 17:15:46,false,"San Francisco Running","6.01","419","00:47:27","145","160","3.1","176","225","7:54","4:46","120","121","1.16","0.0","--","--","--","8,408","--","--","No","00:00:02.8","7","00:46:55","00:56:45","190","260"
Running,2024-09-22 10:36:56,false,"San Francisco Running","9.31","683","01:09:51","158","183","3.9","176","194","7:30","6:48","294","386","1.22","0.0","--","--","--","12,338","--","--","No","00:02:14.2","10","01:09:40","01:25:51","131","338"
Running,2024-09-20 19:08:30,false,"San Joaquin County Running","0.80","75","00:10:17","129","147","2.0","134","177","12:49","9:04","--","--","0.94","0.0","--","--","--","1,450","--","--","No","00:10:17","1","00:08:25","00:16:02","36","39"
Running,2024-09-20 17:23:03,false,"San Joaquin County Running","2.01","163","00:15:50","164","174","2.8","174","190","7:53","5:16","--","3","1.17","0.0","--","--","--","2,780","--","--","No","00:00:28.0","4","00:14:25","00:15:50","36","39"
Running,2024-09-19 08:08:59,false,"San Francisco Running","3.84","267","00:33:39","130","158","2.4","173","210","8:45","3:52","123","149","1.06","0.0","--","--","--","5,950","--","--","No","00:06:51.5","4","00:33:14","00:45:11","230","339"
Running,2024-09-17 08:36:33,false,"San Francisco Running","1.62","141","00:16:11","149","159","2.2","176","186","10:01","8:24","130","26","0.91","0.0","--","--","--","2,846","--","--","No","00:06:00.7","2","00:16:06","00:16:11","131","267"
Running,2024-09-17 07:56:06,false,"San Francisco Running","4.81","375","00:34:44","167","194","4.0","155","196","7:14","5:07","93","95","1.42","0.0","--","--","--","5,706","--","--","No","00:00:04.9","12","00:32:30","00:34:44","131","151"
Running,2024-09-17 07:24:58,false,"San Francisco Running","2.29","170","00:20:01","137","154","2.3","175","188","8:45","7:30","22","121","1.05","0.0","--","--","--","3,520","--","--","No","00:02:20.0","3","00:19:58","00:21:09","131","267"
Running,2024-09-16 08:06:55,false,"San Francisco Running","4.27","307","00:32:46","149","168","3.3","175","216","7:40","4:00","99","140","1.21","0.0","--","--","--","5,872","--","--","No","00:01:48.3","5","00:32:18","00:48:23","213","302"
Running,2024-09-15 09:03:58,false,"Marin County Running","10.21","867","01:34:51","159","183","4.2","177","192","9:18","6:57","1,796","1,777","0.98","0.0","--","--","--","17,050","--","--","No","00:01:48.6","11","01:34:30","01:39:09","3","678"
Running,2024-09-14 10:19:27,false,"San Francisco Running","1.45","116","00:14:25","139","158","2.0","169","179","9:57","7:32","200","22","0.96","0.0","--","--","--","2,484","--","--","No","00:04:27.9","2","00:14:05","00:16:59","121","307"
Running,2024-09-14 09:30:10,false,"San Francisco Running","4.22","318","00:38:49","144","182","3.1","107","207","9:12","4:11","58","47","1.61","0.0","--","--","--","4,874","--","--","No","00:00:03.1","24","00:25:51","00:38:49","260","273"
Running,2024-09-14 08:46:28,false,"San Francisco Running","2.29","172","00:20:08","137","151","2.3","173","184","8:48","7:53","51","88","1.06","0.0","--","--","--","3,510","--","--","No","00:02:28.0","3","00:19:59","00:21:36","233","298"
Running,2024-09-13 17:35:13,false,"San Francisco Running","5.21","370","00:45:18","132","155","2.7","173","198","8:42","5:12","200","202","1.07","0.0","--","--","--","7,902","--","--","No","00:01:23.5","6","00:44:44","01:01:48","148","271"
Running,2024-09-11 16:31:08,false,"San Francisco Running","1.27","101","00:13:13","135","151","2.0","168","186","10:23","9:06","152","76","0.92","0.0","--","--","--","2,238","--","--","No","00:02:34.3","2","00:13:11","00:24:15","138","236"
Running,2024-09-11 16:00:04,false,"San Francisco Running","4.08","293","00:27:25","169","186","3.6","171","192","6:43","5:51","82","82","1.52","0.0","--","--","--","4,732","--","--","No","00:00:01.9","7","00:26:05","00:27:25","130","151"
Running,2024-09-11 15:23:14,false,"San Francisco Running","2.40","168","00:20:10","136","156","2.2","176","182","8:25","7:53","43","195","1.09","0.0","--","--","--","3,544","--","--","No","00:03:13.6","3","00:20:04","00:21:27","143","338"
Running,2024-09-10 18:55:08,false,"San Francisco Running","5.83","420","00:46:16","144","160","3.2","174","194","7:56","5:27","32","38","1.17","0.0","--","--","--","8,122","--","--","No","00:06:12.9","6","00:46:01","00:57:24","--","35"
Running,2024-09-09 07:41:15,false,"San Francisco Running","5.07","374","00:41:10","140","164","3.1","174","190","8:08","7:17","197","205","1.14","0.0","--","--","--","7,216","--","--","No","00:00:33.5","6","00:40:39","00:59:07","233","341"
Running,2024-09-08 08:08:49,false,"San Francisco Running","4.75","350","00:40:12","140","157","3.0","171","186","8:28","7:16","236","237","1.11","0.0","--","--","--","6,932","--","--","No","00:06:41.6","5","00:39:51","00:49:21","241","355"
Running,2024-09-07 13:11:20,false,"San Francisco Running","3.15","231","00:30:03","133","163","2.3","170","179","9:31","8:16","74","70","0.99","0.0","--","--","--","5,118","--","--","No","00:01:19.4","4","00:29:55","00:42:48","190","253"
Running,2024-09-05 08:15:40,false,"San Francisco Running","2.08","156","00:20:39","125","144","2.0","170","184","9:56","8:06","120","101","0.95","0.0","--","--","--","3,530","--","--","No","00:00:40.0","3","00:20:33","00:23:11","243","340"
Running,2024-09-01 09:01:54,false,"Mountain View Running","10.01","774","01:17:46","160","183","4.1","180","188","7:46","6:57","8","9","1.15","0.0","--","--","--","13,948","--","--","No","00:00:04.8","11","01:17:41","01:27:02","--","7"
Running,2024-08-31 17:06:15,false,"San Francisco Running","5.01","374","00:39:38","151","167","3.2","176","186","7:54","6:38","169","163","1.16","0.0","--","--","--","6,954","--","--","No","00:00:07.8","6","00:39:24","00:42:58","148","268"
Running,2024-08-30 15:47:18,false,"San Francisco Running","1.72","137","00:16:29","138","154","2.0","174","188","9:35","8:07","90","92","0.97","0.0","--","--","--","2,878","--","--","No","00:07:09.6","2","00:16:18","00:17:23","139","193"
Running,2024-08-30 14:02:39,false,"San Francisco Running","1.87","146","00:15:16","151","170","2.4","174","190","8:09","5:47","25","20","1.13","0.0","--","--","--","2,698","--","--","No","00:06:46.9","2","00:15:09","00:24:11","128","156"
Running,2024-08-29 08:10:11,false,"San Francisco Running","4.12","298","00:32:56","149","164","2.9","175","205","8:00","4:36","99","141","1.16","0.0","--","--","--","5,872","--","--","No","00:00:37.3","5","00:32:15","00:46:27","213","302"
Running,2024-08-27 09:01:33,false,"San Francisco Running","1.76","141","00:15:41","145","162","2.1","178","190","8:54","7:11","33","54","1.02","0.0","--","--","--","2,812","--","--","No","00:06:43.4","2","00:15:19","00:19:59","130","151"
Running,2024-08-27 08:27:28,false,"San Francisco Running","4.30","327","00:33:32","157","188","3.3","153","201","7:48","5:07","94","80","1.35","0.0","--","--","--","5,316","--","--","No","00:00:07.0","12","00:28:24","00:33:32","130","151"
Running,2024-08-27 07:36:05,false,"San Francisco Running","2.60","186","00:20:33","144","161","2.5","181","188","7:54","7:00","69","223","1.13","0.0","--","--","--","3,694","--","--","No","00:04:34.3","3","00:20:31","00:21:22","145","338"
Running,2024-08-26 08:14:06,false,"San Francisco Running","4.34","326","00:35:08","147","169","3.0","177","190","8:05","7:20","108","134","1.13","0.0","--","--","--","6,240","--","--","No","00:02:57.4","5","00:34:43","00:38:06","213","301"
Running,2024-08-22 08:12:42,false,"San Francisco Running","6.32","482","00:50:54","152","167","3.2","179","190","8:03","6:50","297","271","1.12","0.0","--","--","--","9,154","--","--","No","00:02:35.2","7","00:50:34","00:58:15","112","339"
Running,2024-08-20 08:30:49,false,"San Francisco Running","6.01","444","00:46:08","154","176","3.2","181","201","7:41","5:32","52","50","1.16","0.0","--","--","--","8,294","--","--","No","00:01:19.9","13","00:45:55","01:05:54","6","43"
Running,2024-08-19 16:12:26,false,"San Francisco Running","5.39","386","00:45:02","141","156","2.8","177","192","8:21","6:59","188","186","1.09","0.0","--","--","--","8,030","--","--","No","00:03:16.5","6","00:44:53","00:48:03","161","274"
Running,2024-08-18 09:03:17,false,"Ross Running","7.90","631","01:13:24","142","170","3.4","176","188","9:17","6:42","976","976","0.98","0.0","--","--","--","13,000","--","--","No","00:08:02.4","8","01:13:08","01:17:34","27","867"
Running,2024-08-17 09:51:45,false,"San Francisco Running","1.32","109","00:12:43","144","155","2.0","178","189","9:36","8:07","40","34","0.94","0.0","--","--","--","2,266","--","--","No","00:03:25.5","2","00:12:37","00:13:42","233","296"
Running,2024-08-17 08:55:49,false,"San Francisco Running","5.41","408","00:40:41","164","189","3.7","158","194","7:31","5:12","38","38","1.32","0.0","--","--","--","6,638","--","--","No","00:00:07.9","20","00:37:46","00:45:19","258","276"
Running,2024-08-17 08:10:06,false,"San Francisco Running","2.47","178","00:19:41","145","160","2.5","176","188","7:59","6:52","67","94","1.15","0.0","--","--","--","3,500","--","--","No","00:03:25.0","3","00:19:27","00:24:17","233","301"
Running,2024-08-16 14:46:16,false,"Sausalito Running","6.05","438","00:45:39","153","166","3.4","176","228","7:33","4:30","135","140","1.21","0.0","--","--","--","8,080","--","--","No","00:00:15.0","7","00:45:15","00:56:02","-8","49"
Running,2024-08-15 08:14:23,false,"San Francisco Running","5.11","370","00:40:11","145","163","3.0","177","189","7:52","1:57","140","174","1.16","0.0","--","--","--","7,156","--","--","No","00:00:55.3","6","00:40:01","00:45:17","233","304"
Running,2024-08-14 08:59:59,false,"San Francisco Running","4.87","397","00:42:09","157","189","3.3","174","196","8:39","5:42","473","502","1.07","0.0","--","--","--","7,344","--","--","No","00:00:59.9","18","00:41:45","00:50:18","243","369"
Running,2024-08-14 08:16:02,false,"San Francisco Running","2.58","201","00:20:48","148","165","2.7","177","188","8:04","6:22","94","93","1.13","0.0","--","--","--","3,690","--","--","No","00:04:51.5","3","00:20:46","00:20:50","230","339"
Running,2024-08-13 10:22:38,false,"San Francisco Running","5.90","441","00:46:44","152","163","3.3","175","196","7:55","5:17","161","161","1.16","0.0","--","--","--","8,280","--","--","No","00:06:23.2","6","00:46:35","00:58:11","190","272"
Running,2024-08-12 10:10:50,false,"San Francisco Running","5.57","405","00:45:57","142","160","3.0","177","198","8:15","7:02","236","237","1.10","0.0","--","--","--","8,178","--","--","No","00:04:36.3","6","00:45:40","00:53:18","151","300"
Running,2024-08-10 09:25:48,false,"San Francisco Running","10.14","740","01:25:03","141","160","3.3","177","190","8:23","7:00","643","638","1.09","0.0","--","--","--","15,130","--","--","No","00:01:02.2","11","01:24:09","01:54:57","169","341"
Strength Training,2024-08-09 18:04:56,false,"Strength","0.00","170","00:45:18","102","137","0.7","--","--","--","--","--","--","--","0.0","--","--","--","40","20","1","No","00:45:18","1","00:45:18","00:45:18","--","--"
Running,2024-08-09 13:27:46,false,"San Francisco Running","2.29","180","00:19:26","151","160","2.5","177","185","8:30","7:33","60","--","1.07","0.0","--","--","--","3,442","--","--","No","00:02:18.7","3","00:19:24","00:21:55","-57","10"
Running,2024-08-09 12:57:44,false,"San Francisco Running","4.08","299","00:28:01","168","186","3.5","169","187","6:52","5:45","11","8","1.44","0.0","--","--","--","4,868","--","--","No","00:00:02.0","7","00:26:03","00:28:01","--","8"
Running,2024-08-09 12:32:10,false,"San Francisco Running","1.92","133","00:15:34","135","148","2.1","173","182","8:07","6:55","--","7","1.15","0.0","--","--","--","2,716","--","--","No","00:07:20.2","2","00:15:32","00:19:17","1","10"
Running,2024-08-08 14:34:58,false,"San Francisco Running","5.48","383","00:46:17","136","153","2.7","176","208","8:27","5:19","175","174","1.08","0.0","--","--","--","8,184","--","--","No","00:03:29.5","6","00:45:58","01:03:19","159","273"
Elliptical,2024-08-07 14:43:56,false,"Elliptical","0.00","506","01:00:05","147","158","3.0","134","161","--","--","--","--","0.00","0.0","--","--","--","8,312","--","--","No","01:00:05","1","00:00:00","01:00:05","--","--"
Strength Training,2024-08-06 18:37:24,false,"Strength","0.00","99","00:19:46","113","134","0.7","--","--","--","--","--","--","--","0.0","--","--","--","12","6","1","No","00:19:46","1","00:19:46","00:19:46","--","--"
Running,2024-08-06 16:47:22,false,"San Francisco Running","8.28","602","01:03:57","154","187","3.8","176","187","7:44","5:40","180","173","1.18","0.0","--","--","--","11,242","--","--","No","00:02:00.0","17","01:03:49","01:24:03","253","335"
Running,2024-08-05 12:09:03,false,"San Francisco Running","5.86","434","00:46:48","149","161","3.2","175","198","7:59","5:13","13","17","1.15","0.0","--","--","--","8,250","--","--","No","00:06:14.0","6","00:46:34","00:52:54","--","13"
Running,2024-08-03 09:36:26,false,"San Mateo County Running","10.73","790","01:20:02","159","178","4.0","176","185","7:28","6:36","95","101","1.23","0.0","--","--","--","14,074","--","--","No","00:05:38.8","11","01:19:55","01:31:14","299","354"
Strength Training,2024-08-02 15:16:17,false,"Strength","0.00","156","00:44:14","100","135","0.4","--","--","--","--","--","--","--","0.0","--","--","--","22","11","1","No","00:44:14","1","00:44:14","00:44:14","--","--"
Running,2024-08-02 13:24:43,false,"San Francisco Running","2.06","169","00:17:15","156","163","2.6","176","186","8:22","7:49","7","--","1.09","0.0","--","--","--","3,060","--","--","No","00:00:32.6","3","00:17:04","00:18:23","1","10"
Running,2024-08-02 13:03:57,false,"San Francisco Running","3.01","215","00:19:14","171","187","3.3","180","187","6:24","6:03","4","3","1.40","0.0","--","--","--","3,448","--","--","No","00:00:02.0","4","00:19:08","00:19:14","--","8"
Running,2024-08-02 12:32:21,false,"San Francisco Running","2.49","180","00:20:20","138","153","2.3","173","179","8:10","7:20","4","11","1.14","0.0","--","--","--","3,528","--","--","No","00:03:49.1","3","00:20:12","00:23:02","1","10"
Running,2024-08-01 15:16:08,false,"San Francisco Running","6.12","428","00:47:09","148","161","3.1","173","201","7:42","4:35","35","42","1.21","0.0","--","--","--","8,262","--","--","No","00:00:55.9","7","00:46:38","00:59:03","--","35"
Elliptical,2024-07-31 16:06:54,false,"Elliptical","0.00","513","01:00:04","146","157","3.0","130","159","--","--","--","--","0.00","0.0","--","--","--","8,174","--","--","No","01:00:04","1","00:00:00","01:00:04","--","--"
Running,2024-07-30 06:56:55,false,"San Francisco Running","8.31","624","01:03:16","159","188","3.9","178","192","7:37","5:27","187","181","1.19","0.0","--","--","--","11,254","--","--","No","00:01:00.2","19","01:02:52","01:18:44","191","279"
Running,2024-07-29 12:14:18,false,"San Francisco Running","6.08","436","00:48:12","147","160","3.2","172","203","7:56","4:30","18","14","1.18","0.0","--","--","--","8,404","--","--","No","00:00:36.8","7","00:47:45","00:55:40","1","13"
Running,2024-07-27 17:24:50,false,"San Mateo County Running","10.70","803","01:20:03","160","184","4.2","179","192","7:29","6:11","200","204","1.20","0.0","--","--","--","14,276","--","--","No","00:05:09.7","11","01:19:59","01:22:59","267","361"
Strength Training,2024-07-26 17:00:22,false,"Strength","0.00","119","00:35:30","95","135","0.3","--","--","--","--","--","--","--","0.0","--","--","--","28","14","1","No","00:35:30","1","00:35:30","00:35:30","--","--"
Running,2024-07-26 15:52:33,false,"San Francisco Running","3.50","266","00:29:39","152","171","2.8","172","184","8:28","7:17","212","133","1.10","0.0","--","--","--","5,130","--","--","No","00:04:30.0","4","00:29:12","00:39:07","142","340"
Running,2024-07-26 15:40:46,false,"San Francisco Running","0.24","20","00:02:15.6","144","151","0.7","167","178","9:37","7:54","26","--","1.01","0.0","--","--","--","386","--","--","No","00:02:15.6","1","00:02:02","00:02:15.6","124","151"
Running,2024-07-26 15:18:20,false,"San Francisco Running","3.01","214","00:19:40","169","183","3.2","180","188","6:32","6:01","51","67","1.37","0.0","--","--","--","3,542","--","--","No","00:00:03.3","4","00:19:40","00:22:12","131","151"
Running,2024-07-26 14:47:05,false,"San Francisco Running","2.54","187","00:20:03","144","161","2.5","174","181","7:54","7:00","53","216","1.17","0.0","--","--","--","3,496","--","--","No","00:04:08.9","3","00:19:56","00:20:48","140","310"
Running,2024-07-25 12:18:33,false,"San Francisco Running","4.95","369","00:39:38","148","161","3.1","177","188","8:00","7:18","18","29","1.13","0.0","--","--","--","7,028","--","--","No","00:07:36.8","5","00:39:38","00:39:47","--","20"
Elliptical,2024-07-24 13:46:36,false,"Elliptical","0.00","322","01:00:02","123","142","2.0","65","165","--","--","--","--","0.00","0.0","--","--","--","4,262","--","--","No","01:00:02","1","00:00:00","01:02:07","--","--"
Strength Training,2024-07-23 18:01:35,false,"Strength","0.00","95","00:31:04","93","113","0.2","--","--","--","--","--","--","--","0.0","--","--","--","20","10","1","No","00:31:04","1","00:31:04","00:31:04","--","--"
Running,2024-07-23 16:35:31,false,"San Francisco Running","7.03","507","00:56:39","146","184","3.4","176","190","8:03","5:08","361","361","1.13","0.0","--","--","--","9,910","--","--","No","00:01:01.1","14","00:56:29","01:06:44","76","318"
Running,2024-07-22 12:15:40,false,"San Francisco Running","6.33","446","00:46:22","155","167","3.3","175","212","7:20","4:19","32","270","1.26","0.0","--","--","--","8,116","--","--","No","00:01:58.4","7","00:46:07","00:58:28","--","242"
Running,2024-07-20 09:04:26,false,"San Francisco Running","10.19","748","01:20:05","151","166","3.6","176","188","7:51","7:02","433","427","1.16","0.0","--","--","--","14,128","--","--","No","00:01:21.8","11","01:19:34","01:30:34","127","273"
Strength Training,2024-07-19 15:23:59,false,"Strength","0.00","111","00:31:30","98","120","0.3","--","--","--","--","--","--","--","0.0","--","--","--","16","8","1","No","00:31:30","1","00:31:30","00:32:52","--","--"
Running,2024-07-19 14:24:09,false,"San Francisco Running","2.41","191","00:20:57","149","159","2.4","179","187","8:43","7:27","123","84","1.03","0.0","--","--","--","3,764","--","--","No","00:03:23.9","3","00:20:55","00:21:48","154","266"
Running,2024-07-19 13:58:29,false,"San Francisco Running","3.01","211","00:18:57","170","186","3.2","184","188","6:18","5:51","67","69","1.39","0.0","--","--","--","3,478","--","--","No","00:00:02.2","4","00:18:56","00:18:57","131","151"
Running,2024-07-19 13:27:38,false,"San Francisco Running","2.59","183","00:20:08","143","155","2.4","176","186","7:47","6:50","78","102","1.17","0.0","--","--","--","3,546","--","--","No","00:04:18.5","3","00:20:02","00:22:40","149","273"
Running,2024-07-18 15:25:06,false,"San Francisco Running","5.16","374","00:40:33","146","155","3.0","176","187","7:52","6:44","119","124","1.16","0.0","--","--","--","7,166","--","--","No","00:01:15.6","6","00:40:19","00:44:23","--","117"
Elliptical,2024-07-17 10:06:26,false,"Elliptical","0.00","557","01:00:04","153","163","3.4","128","170","--","--","--","--","0.00","0.0","--","--","--","8,224","--","--","No","01:00:04","1","00:00:00","01:00:04","--","--"
Strength Training,2024-07-16 17:50:27,false,"Strength","0.00","113","00:35:18","94","126","0.2","--","--","--","--","--","--","--","0.0","--","--","--","8","4","1","No","00:35:18","1","00:35:18","00:35:18","--","--"
Running,2024-07-16 06:53:47,false,"San Francisco Running","7.02","511","00:54:37","151","185","3.6","178","188","7:47","6:03","233","231","1.16","0.0","--","--","--","9,724","--","--","No","00:01:00.0","11","00:54:20","01:13:21","190","323"
Running,2024-07-15 15:46:01,false,"San Francisco Running","5.24","358","00:41:30","144","182","3.0","172","200","7:55","4:47","234","234","1.19","0.0","--","--","--","7,176","--","--","No","00:01:17.9","6","00:40:55","00:53:07","190","322"
Running,2024-07-13 15:19:02,false,"San Francisco Running","9.25","642","01:20:33","131","146","3.0","176","189","8:42","7:26","287","280","1.05","0.0","--","--","--","14,248","--","--","No","00:02:01.6","10","01:20:07","01:36:06","129","269"
Strength Training,2024-07-12 15:51:33,false,"Strength","0.00","82","00:29:50","89","117","0.1","--","--","--","--","--","--","--","0.0","--","--","--","14","7","1","No","00:29:50","1","00:29:50","00:29:50","--","--"
Running,2024-07-12 14:55:21,false,"San Francisco Running","2.45","182","00:22:34","133","149","2.1","174","186","9:13","7:41","123","77","1.01","0.0","--","--","--","3,962","--","--","No","00:03:50.4","3","00:22:28","00:26:18","152","267"
Running,2024-07-12 14:16:07,false,"San Francisco Running","4.01","281","00:25:36","168","185","3.6","183","190","6:23","5:58","82","82","1.37","0.0","--","--","--","4,678","--","--","No","00:00:02.3","5","00:25:34","00:25:36","130","151"
Running,2024-07-12 13:39:57,false,"San Francisco Running","2.50","172","00:20:03","138","152","2.3","174","186","8:01","7:10","100","140","1.15","0.0","--","--","--","3,534","--","--","No","00:03:56.2","3","00:19:52","00:24:36","142","269"
Running,2024-07-11 17:21:07,false,"San Francisco Running","5.78","399","00:45:41","144","161","3.0","174","194","7:54","5:12","245","245","1.17","0.0","--","--","--","7,974","--","--","No","00:05:54.5","6","00:45:26","00:54:30","190","321"
Elliptical,2024-07-10 12:35:53,false,"Elliptical","0.00","529","01:00:03","150","159","3.2","129","152","--","--","--","--","0.00","0.0","--","--","--","8,188","--","--","No","01:00:03","1","00:00:00","01:00:03","--","--"
Strength Training,2024-07-09 17:06:42,false,"Strength","0.00","139","00:37:28","101","124","0.4","--","--","--","--","--","--","--","0.0","--","--","--","8","4","1","No","00:37:28","1","00:37:28","00:37:28","--","--"
Running,2024-07-09 06:40:56,false,"San Francisco Running","7.15","535","00:58:56","148","175","3.4","176","201","8:15","4:47","285","281","1.11","0.0","--","--","--","10,334","--","--","No","00:00:31.3","22","00:58:38","01:09:41","190","310"
Running,2024-07-08 07:04:33,false,"San Francisco Running","5.86","400","00:46:42","139","154","2.9","178","203","7:58","4:36","200","199","1.13","0.0","--","--","--","8,362","--","--","No","00:06:10.0","6","00:46:33","00:58:09","133","272"
Running,2024-07-06 09:08:01,false,"San Francisco Running","9.54","701","01:15:05","151","166","3.6","178","190","7:52","7:02","322","319","1.15","0.0","--","--","--","13,372","--","--","No","00:03:56.3","10","01:14:47","01:21:22","17","270"
Running,2024-07-05 16:30:28,false,"San Francisco Running","5.41","380","00:44:58","136","151","2.7","178","198","8:19","5:00","244","239","1.09","0.0","--","--","--","8,034","--","--","No","00:03:04.5","6","00:44:45","00:51:47","128","273"
Running,2024-07-04 10:13:54,false,"San Francisco Running","1.01","79","00:09:58.8","132","155","1.4","171","192","9:56","8:38","57","104","0.95","0.0","--","--","--","1,744","--","--","No","00:00:02.5","2","00:09:34","00:11:07","220","317"
Running,2024-07-04 09:07:28,false,"San Francisco Running","8.05","577","01:00:03","153","180","3.8","178","188","7:27","5:50","131","175","1.21","0.0","--","--","--","10,632","--","--","No","00:01:26.7","12","00:59:52","01:01:53","253","323"
Elliptical,2024-07-03 10:51:10,false,"Elliptical","0.00","427","01:00:05","137","150","2.4","125","163","--","--","--","--","0.00","0.0","--","--","--","7,956","--","--","No","01:00:05","1","00:00:00","01:02:38","--","--"
Strength Training,2024-07-02 10:44:51,false,"Strength","0.00","123","00:32:13","102","122","0.4","--","--","--","--","--","--","--","0.0","--","--","--","16","8","1","No","00:32:13","1","00:32:13","00:32:13","--","--"
Running,2024-07-02 08:30:20,false,"San Francisco Running","7.67","551","01:00:07","147","185","3.7","176","190","7:50","5:34","274","265","1.17","0.0","--","--","--","10,590","--","--","No","00:05:32.7","8","00:59:26","01:11:56","131","266"
Running,2024-07-01 07:34:57,false,"San Francisco Running","5.40","383","00:42:45","145","166","3.1","173","192","7:55","5:05","163","156","1.18","0.0","--","--","--","7,482","--","--","No","00:02:45.5","6","00:42:35","00:50:46","187","273"
Running,2024-06-29 12:04:48,false,"San Francisco Running","8.54","678","01:10:11","157","185","3.9","176","192","8:13","7:08","364","370","1.12","0.0","--","--","--","12,278","--","--","No","00:04:41.8","9","01:10:05","01:11:53","--","224"
Running,2024-06-28 13:36:43,false,"San Francisco Running","5.96","439","00:46:10","158","181","3.4","174","205","7:45","5:04","229","228","1.19","0.0","--","--","--","8,014","--","--","No","00:06:44.4","6","00:45:45","00:59:22","131","272"
Running,2024-06-27 12:33:58,false,"San Francisco Running","6.01","478","00:55:51","146","168","3.1","174","188","9:17","7:13","494","499","1.00","0.0","--","--","--","9,766","--","--","No","00:00:06.8","7","00:55:30","01:07:14","136","311"
Elliptical,2024-06-26 16:12:54,false,"Elliptical","0.00","586","01:00:05","159","168","3.9","138","173","--","--","--","--","0.00","0.0","--","--","--","8,774","--","--","No","01:00:05","1","00:00:00","01:03:07","--","--"
Running,2024-06-25 10:28:39,false,"San Francisco Running","2.26","173","00:19:17","148","160","2.4","179","190","8:33","7:14","114","70","1.05","0.0","--","--","--","3,464","--","--","No","00:02:07.6","3","00:19:06","00:20:44","139","264"
Running,2024-06-25 09:36:47,false,"San Francisco Running","5.75","418","00:40:55","159","187","3.6","180","228","7:07","6:05","142","187","1.26","0.0","--","--","--","7,356","--","--","No","00:00:02.8","7","00:40:48","00:47:10","130","270"
Running,2024-06-24 13:49:04,false,"San Francisco Running","4.26","301","00:34:14","141","158","2.8","170","179","8:02","1:55","161","166","1.18","0.0","--","--","--","5,892","--","--","No","00:01:55.6","5","00:34:01","00:38:55","191","300"
Running,2024-06-22 08:01:35,false,"Los Angeles County Running","8.01","588","01:04:25","151","168","3.4","175","188","8:03","7:03","335","347","1.14","0.0","--","--","--","11,326","--","--","No","00:00:03.8","9","01:03:57","01:24:54","361","547"
Treadmill Running,2024-06-21 13:13:20,false,"Treadmill Running","4.13","413","00:44:08","153","164","3.3","162","182","10:41","9:20","--","--","0.93","0.0","--","--","--","7,162","--","--","No","00:01:56.1","5","00:44:07","00:47:41","--","--"
Running,2024-06-20 18:23:46,false,"Upland Running","6.01","453","00:45:08","160","187","3.6","177","241","7:31","5:34","117","126","1.21","0.0","--","--","--","8,008","--","--","No","00:00:02.6","7","00:44:54","00:51:30","1,232","1,312"
Elliptical,2024-06-19 13:19:26,false,"Elliptical","0.00","545","01:00:02","152","163","3.3","130","154","--","--","--","--","0.00","0.0","--","--","--","8,020","--","--","No","01:00:02","1","00:00:00","01:03:06","--","--"
Running,2024-06-18 19:15:34,false,"Upland Running","4.01","290","00:32:10","144","160","2.8","176","186","8:02","7:28","82","94","1.14","0.0","--","--","--","5,664","--","--","No","00:00:02.6","5","00:32:02","00:35:42","1,232","1,312"
Running,2024-06-17 11:33:10,false,"Marin County Running","7.01","529","00:54:57","156","179","3.7","174","189","7:50","6:17","446","444","1.18","0.0","--","--","--","9,662","--","--","No","00:00:03.3","8","00:54:26","01:04:28","20","181"
Elliptical,2024-06-13 16:30:56,false,"Elliptical","0.00","543","01:00:05","152","163","3.3","129","163","--","--","--","--","0.00","0.0","--","--","--","8,006","--","--","No","01:00:05","1","00:00:00","01:01:36","--","--"
Running,2024-06-12 19:22:24,false,"Davis Running","5.07","365","00:41:10","143","156","2.9","174","188","8:07","7:21","1,167","1,167","1.14","0.0","--","--","--","7,216","--","--","No","00:00:31.7","6","00:40:47","00:44:42","49","369"
Elliptical,2024-06-11 13:16:02,false,"Elliptical","0.00","577","01:00:03","157","167","3.6","111","188","--","--","--","--","0.00","0.0","--","--","--","9,384","--","--","No","01:00:03","1","00:00:00","01:00:03","--","--"
Running,2024-06-09 09:48:05,false,"Davis Running","6.38","458","00:52:58","138","153","3.0","175","186","8:18","7:30","13","13","1.11","0.0","--","--","--","9,330","--","--","No","00:03:06.1","7","00:52:45","01:14:27","43","52"
Running,2024-06-08 14:27:22,false,"Davis Running","5.00","368","00:38:33","152","166","3.2","178","188","7:42","7:00","7","7","1.18","0.0","--","--","--","6,870","--","--","No","00:00:02.4","6","00:38:16","00:42:37","43","52"
Running,2024-06-07 19:22:37,false,"Davis Running","5.51","397","00:43:33","146","163","3.2","176","188","7:54","7:03","13","13","1.15","0.0","--","--","--","7,706","--","--","No","00:03:47.0","6","00:43:20","00:47:44","49","113"
Running,2024-06-06 19:15:14,false,"Davis Running","6.01","459","00:45:07","166","187","3.6","175","231","7:30","6:53","10","10","1.23","0.0","--","--","--","7,910","--","--","No","00:00:04.2","7","00:44:54","00:53:22","49","59"
Running,2024-06-05 08:22:34,false,"Davis Running","3.01","223","00:23:35","149","167","2.8","172","179","7:51","7:16","2","3","1.19","0.0","--","--","--","4,086","--","--","No","00:00:02.4","4","00:23:29","00:26:54","49","52"
Elliptical,2024-06-04 10:58:31,false,"Elliptical","0.00","596","01:00:04","160","177","3.9","111","188","--","--","--","--","0.00","0.0","--","--","--","9,794","--","--","No","01:00:04","1","00:00:00","01:00:04","--","--"
Running,2024-06-02 09:39:59,false,"Davis Running","4.01","305","00:30:38","156","172","3.3","174","187","7:39","6:48","12","15","1.21","0.0","--","--","--","5,334","--","--","No","00:00:02.7","5","00:30:33","00:31:37","31","59"
Running,2024-06-01 08:09:18,false,"Davis Running","5.06","377","00:36:25","161","181","3.6","177","186","7:12","6:42","68","68","1.26","0.0","--","--","--","6,452","--","--","No","00:00:22.8","6","00:36:23","00:41:21","9","56"
Running,2024-05-31 08:22:57,false,"Davis Running","3.01","228","00:23:53","149","162","2.9","175","184","7:57","7:04","7","7","1.16","0.0","--","--","--","4,222","--","--","No","00:00:02.1","4","00:23:45","00:26:14","50","59"
Running,2024-05-30 10:28:30,false,"Davis Running","5.01","391","00:39:42","160","183","3.4","174","184","7:55","6:47","7","7","1.17","0.0","--","--","--","6,946","--","--","No","00:00:04.1","6","00:39:31","00:45:04","49","59"
Running,2024-05-29 09:00:09,false,"Davis Running","5.01","376","00:39:04","151","174","3.2","176","188","7:48","6:56","44","44","1.17","0.0","--","--","--","6,904","--","--","No","00:00:03.8","6","00:38:52","00:58:09","18","56"
Elliptical,2024-05-28 12:34:48,false,"Elliptical","0.00","496","00:50:03","159","172","3.7","110","186","--","--","--","--","0.00","0.0","--","--","--","7,886","--","--","No","00:50:03","1","00:00:00","00:50:03","--","--"
Running,2024-05-27 18:28:41,false,"Davis Running","5.01","377","00:36:50","165","187","3.6","175","186","7:21","6:54","7","9","1.25","0.0","--","--","--","6,492","--","--","No","00:00:03.1","6","00:36:43","00:45:36","49","62"
Running,2024-05-24 10:55:34,false,"Davis Running","5.01","372","00:37:06","159","177","3.4","179","189","7:24","6:49","7","7","1.22","0.0","--","--","--","6,624","--","--","No","00:00:04.1","6","00:36:53","00:42:08","49","59"
Elliptical,2024-05-23 11:43:48,false,"Elliptical","0.00","451","00:45:04","159","172","3.7","119","186","--","--","--","--","0.00","0.0","--","--","--","7,430","--","--","No","00:45:04","1","00:00:00","00:45:04","--","--"
Elliptical,2024-05-22 11:57:04,false,"Elliptical","0.00","450","00:45:04","159","169","3.7","113","188","--","--","--","--","0.00","0.0","--","--","--","7,530","--","--","No","00:45:04","1","00:00:00","00:45:04","--","--"
Elliptical,2024-05-21 11:26:03,false,"Elliptical","0.00","391","00:40:03","158","172","3.5","124","190","--","--","--","--","0.00","0.0","--","--","--","6,718","--","--","No","00:40:03","1","00:00:00","00:48:33","--","--"
Elliptical,2024-05-20 09:34:10,false,"Elliptical","0.00","436","00:45:03","155","167","3.5","142","154","--","--","--","--","0.00","0.0","--","--","--","6,514","--","--","No","00:45:03","1","00:00:00","00:45:03","--","--"
Elliptical,2024-05-19 17:30:34,false,"Elliptical","0.00","452","00:45:04","160","170","3.7","138","156","--","--","--","--","0.00","0.0","--","--","--","6,484","--","--","No","00:45:04","1","00:00:00","00:47:39","--","--"
Elliptical,2024-05-16 09:49:04,false,"Elliptical","0.00","233","00:24:31","151","161","2.9","131","188","--","--","--","--","0.00","0.0","--","--","--","4,290","--","--","No","00:24:31","1","00:00:00","00:24:31","--","--"
Running,2024-05-15 09:38:09,false,"Davis Running","4.01","305","00:31:40","151","167","3.1","175","191","7:54","7:05","7","7","1.17","0.0","--","--","--","5,584","--","--","No","00:00:04.6","5","00:31:29","00:38:56","52","59"
Elliptical,2024-05-14 13:54:38,false,"Elliptical","0.00","374","00:40:02","151","165","3.2","138","195","--","--","--","--","0.00","0.0","--","--","--","7,142","--","--","No","00:40:02","1","00:00:00","00:40:02","--","--"
Elliptical,2024-05-13 12:19:16,false,"Elliptical","0.00","289","00:30:03","153","166","3.1","108","192","--","--","--","--","0.00","0.0","--","--","--","5,212","--","--","No","00:30:03","1","00:00:00","00:30:03","--","--"
Running,2024-05-11 15:22:43,false,"San Luis Obispo County Running","4.00","309","00:31:00","154","173","3.2","177","187","7:45","7:00","102","119","1.18","0.0","--","--","--","5,488","--","--","No","00:00:02.0","5","00:30:56","00:36:22","285","352"
Running,2024-05-10 09:38:06,false,"San Luis Obispo Running","5.00","365","00:39:17","150","174","3.2","173","191","7:51","6:17","140","168","1.18","0.0","--","--","--","6,880","--","--","No","00:00:02.4","6","00:38:16","00:50:25","275","370"
Elliptical,2024-05-09 09:55:21,false,"Elliptical","0.00","380","00:40:04","153","174","3.3","113","179","--","--","--","--","0.00","0.0","--","--","--","6,650","--","--","No","00:40:04","1","00:00:00","00:40:04","--","--"
Elliptical,2024-05-08 10:50:33,false,"Elliptical","0.00","279","00:30:05","150","168","3.0","112","173","--","--","--","--","0.00","0.0","--","--","--","4,622","--","--","No","00:30:05","1","00:00:00","00:30:05","--","--"
Running,2024-04-26 17:03:08,false,"Sacramento Running","0.75","67","00:07:55.7","141","159","1.7","163","184","10:37","9:24","--","--","0.93","0.0","--","--","--","1,372","--","--","No","00:07:55.7","1","00:07:27","00:25:42","39","39"
Running,2024-04-26 15:57:33,false,"Sacramento Running","2.01","156","00:16:00","149","164","2.5","179","189","7:58","7:04","3","3","1.13","0.0","--","--","--","2,878","--","--","No","00:00:04.3","3","00:15:56","00:16:18","12","43"
Running,2024-04-25 09:27:42,false,"Yolo County Running","4.24","317","00:32:21","153","163","3.2","181","217","7:37","3:48","16","15","1.17","0.0","--","--","--","5,836","--","--","No","00:01:19.8","5","00:32:11","00:48:01","43","65"
Running,2024-04-23 09:49:02,false,"Yolo County Running","2.01","156","00:18:52","141","152","2.1","177","190","9:23","7:44","7","7","0.97","0.0","--","--","--","3,366","--","--","No","00:00:04.5","3","00:18:35","00:22:04","46","52"
Running,2024-04-23 09:18:32,false,"Yolo County Running","2.29","170","00:18:14","152","180","2.6","122","205","7:58","4:00","3","3","1.78","0.0","--","--","--","2,528","--","--","No","00:00:08.2","10","00:12:21","00:18:14","49","52"
Running,2024-04-23 08:42:26,false,"Yolo County Running","2.01","154","00:15:53","147","160","2.5","177","186","7:55","6:48","--","--","1.15","0.0","--","--","--","2,826","--","--","No","00:00:02.9","3","00:15:47","00:16:15","47","60"
Running,2024-04-21 09:29:59,false,"Yolo County Running","8.01","596","00:58:51","160","187","3.9","180","190","7:21","6:07","10","8","1.22","0.0","--","--","--","10,616","--","--","No","00:00:04.1","9","00:58:45","01:06:30","13","27"
Running,2024-04-19 18:25:12,false,"Davis Running","6.01","437","00:44:42","155","168","3.4","179","187","7:27","6:27","7","6","1.21","0.0","--","--","--","8,004","--","--","No","00:00:02.7","7","00:44:25","00:49:45","49","59"
Running,2024-04-18 10:25:39,false,"Yolo County Running","2.03","158","00:18:20","144","152","2.2","179","194","9:02","8:00","6","6","1.00","0.0","--","--","--","3,294","--","--","No","00:00:14.4","3","00:17:57","00:21:13","46","52"
Running,2024-04-18 09:49:06,false,"Yolo County Running","3.64","255","00:27:47","154","187","3.0","135","196","7:39","4:55","3","7","1.57","0.0","--","--","--","4,214","--","--","No","00:00:13.9","12","00:24:34","00:29:48","49","52"
Running,2024-04-18 09:13:25,false,"Yolo County Running","2.02","153","00:16:05","148","160","2.4","182","234","7:58","6:49","--","--","1.11","0.0","--","--","--","2,920","--","--","No","00:00:07.2","3","00:16:04","00:16:05","47","60"
Running,2024-04-17 09:49:41,false,"Davis Running","6.00","438","00:48:38","145","159","3.0","180","189","8:06","6:26","9","9","1.11","0.0","--","--","--","8,770","--","--","No","00:00:01.7","7","00:48:27","01:01:45","49","70"
Running,2024-04-16 10:30:17,false,"Yolo County Running","2.01","169","00:19:23","147","157","2.3","173","187","9:38","7:10","35","3","0.96","0.0","--","--","--","3,404","--","--","No","00:00:04.7","3","00:18:55","00:22:11","20","52"
Running,2024-04-16 09:53:14,false,"Yolo County Running","3.49","279","00:29:30","157","192","3.1","129","212","8:28","4:15","3","3","1.38","0.0","--","--","--","4,246","--","--","No","00:00:06.3","16","00:25:05","00:29:30","49","52"
Running,2024-04-16 09:11:46,false,"Yolo County Running","2.51","195","00:20:13","152","164","2.6","177","188","8:03","7:17","5","6","1.13","0.0","--","--","--","3,604","--","--","No","00:04:04.8","3","00:20:07","00:22:10","47","60"
Running,2024-04-14 09:33:14,false,"Sacramento County Running","9.01","671","01:04:54","159","183","4.1","182","190","7:12","6:23","80","91","1.23","0.0","--","--","--","11,802","--","--","No","00:00:02.5","10","01:04:51","01:08:24","33","66"
Running,2024-04-13 10:34:07,false,"Davis Running","7.01","489","00:56:39","134","152","3.0","177","188","8:05","7:01","13","13","1.13","0.0","--","--","--","10,076","--","--","No","00:00:03.0","8","00:56:16","01:12:13","26","59"
Running,2024-04-11 10:37:52,false,"Davis Running","1.07","88","00:11:48","134","143","1.3","174","187","11:00","8:56","--","--","0.84","0.0","--","--","--","2,064","--","--","No","00:00:45.6","2","00:11:38","00:18:50","46","49"
Running,2024-04-11 09:53:02,false,"Davis Running","5.02","369","00:36:11","164","186","3.5","168","196","7:13","5:16","7","7","1.41","0.0","--","--","--","6,252","--","--","No","00:00:02.1","15","00:33:49","00:41:17","46","52"
Running,2024-04-11 09:26:20,false,"Davis Running","2.01","147","00:15:55","137","157","2.3","177","192","7:56","6:43","--","2","1.15","0.0","--","--","--","2,846","--","--","No","00:00:02.9","3","00:15:44","00:21:07","46","49"
Running,2024-04-10 10:10:28,false,"Davis Running","6.01","442","00:48:04","147","163","3.0","178","190","8:00","7:13","13","13","1.13","0.0","--","--","--","8,582","--","--","No","00:00:02.4","7","00:47:51","01:05:31","46","61"
Running,2024-04-09 10:23:56,false,"Yolo County Running","2.01","168","00:20:07","146","155","2.1","174","190","10:02","8:10","6","7","0.92","0.0","--","--","--","3,548","--","--","No","00:00:03.2","3","00:19:43","00:23:20","46","52"
Running,2024-04-09 09:52:01,false,"Yolo County Running","3.05","240","00:23:52","162","178","3.0","169","204","7:50","4:26","3","3","1.18","0.0","--","--","--","4,020","--","--","No","00:00:36.6","16","00:22:51","00:24:32","49","52"
Running,2024-04-09 09:20:05,false,"Yolo County Running","2.00","153","00:16:15","149","164","2.5","177","189","8:07","7:29","--","--","1.13","0.0","--","--","--","2,898","--","--","No","00:00:01.6","3","00:16:14","00:17:21","46","59"
Running,2024-04-07 09:34:46,false,"Davis Running","9.01","680","01:07:34","151","179","3.9","181","191","7:30","6:35","20","22","1.19","0.0","--","--","--","12,286","--","--","No","00:00:02.2","10","01:07:17","01:14:12","33","52"
Running,2024-04-06 15:02:03,false,"Berkeley Running","2.11","172","00:22:24","136","146","2.0","175","194","10:37","8:00","89","96","0.86","0.0","--","--","--","3,956","--","--","No","00:01:02.6","3","00:22:15","00:24:01","203","314"
Running,2024-04-06 12:11:13,false,"Berkeley Running","2.06","176","00:20:32","143","160","2.1","169","194","9:58","6:03","133","135","0.97","0.0","--","--","--","3,502","--","--","No","00:01:21.8","3","00:19:22","01:30:08","205","345"
Running,2024-04-06 11:00:13,false,"Berkeley Running","2.29","183","00:19:56","151","166","2.5","178","189","8:43","6:09","133","137","1.04","0.0","--","--","--","3,520","--","--","No","00:03:01.9","3","00:19:55","00:31:02","200","271"
Running,2024-04-05 09:26:02,false,"Yolo County Running","3.78","291","00:29:56","149","162","3.0","183","196","7:55","6:44","29","25","1.11","0.0","--","--","--","5,498","--","--","No","00:06:08.0","4","00:29:51","00:31:44","44","66"
Running,2024-04-04 09:43:00,false,"Yolo County Running","1.81","139","00:17:44","134","143","1.9","178","198","9:50","8:13","3","3","0.92","0.0","--","--","--","3,180","--","--","No","00:08:07.3","2","00:17:28","00:19:17","46","52"
Running,2024-04-04 09:18:26,false,"Yolo County Running","2.46","167","00:17:01","154","174","2.6","184","205","6:55","4:34","3","3","1.26","0.0","--","--","--","3,084","--","--","No","00:00:58.2","9","00:16:56","00:17:01","49","52"
Running,2024-04-04 08:48:47,false,"Yolo County Running","2.00","151","00:17:14","140","150","2.1","181","190","8:36","6:47","6","6","1.03","0.0","--","--","--","3,150","--","--","No","00:00:02.7","3","00:17:11","00:18:26","47","60"
Running,2024-04-03 12:24:33,false,"Davis Running","6.00","455","00:49:00","149","163","3.1","179","189","8:10","6:46","9","9","1.10","0.0","--","--","--","8,828","--","--","No","00:00:01.5","7","00:48:45","00:57:00","52","69"
Running,2024-04-02 10:03:47,false,"Yolo County Running","2.46","202","00:22:49","151","161","2.4","177","190","9:17","7:18","3","3","0.98","0.0","--","--","--","4,068","--","--","No","00:04:14.7","3","00:22:31","00:27:27","46","52"
Running,2024-04-02 09:17:44,false,"Yolo County Running","3.38","324","00:35:02","156","188","3.1","109","212","10:23","3:55","3","3","1.41","0.0","--","--","--","4,232","--","--","No","00:00:03.3","22","00:23:39","00:35:02","49","52"
Running,2024-04-02 08:44:53,false,"Yolo County Running","2.01","162","00:16:23","153","166","2.7","181","189","8:09","7:27","--","--","1.09","0.0","--","--","--","2,968","--","--","No","00:00:04.9","3","00:16:22","00:16:41","43","60"
Running,2024-03-31 06:22:24,false,"Los Gatos Running","10.01","734","01:15:40","152","167","3.8","181","194","7:34","6:05","307","308","1.18","0.0","--","--","--","13,746","--","--","No","00:00:03.3","11","01:15:07","01:36:42","240","418"
Running,2024-03-29 16:01:01,false,"Hayward Running","2.42","197","00:25:47","139","175","2.2","169","189","10:39","7:40","--","--","0.90","0.0","--","--","--","4,412","--","--","No","00:04:28.2","3","00:25:25","00:50:24","39","40"
Running,2024-03-29 15:05:59,false,"Hayward Running","1.07","83","00:08:54.3","140","165","2.1","173","185","8:22","7:25","3","10","1.12","0.0","--","--","--","1,570","--","--","No","00:00:34.2","2","00:08:45","00:13:35","36","49"
Running,2024-03-28 10:28:15,false,"Yolo County Running","3.82","279","00:29:44","147","161","2.9","179","212","7:47","3:51","10","13","1.15","0.0","--","--","--","5,376","--","--","No","00:06:07.5","4","00:29:34","00:50:11","49","59"
Running,2024-03-27 16:19:58,false,"Davis Running","6.00","451","00:46:36","153","164","3.4","180","191","7:46","7:04","13","13","1.15","0.0","--","--","--","8,448","--","--","No","00:00:02.1","7","00:46:18","00:51:59","49","63"
Running,2024-03-26 11:27:50,false,"Yolo County Running","1.96","152","00:18:41","139","165","2.0","172","188","9:33","8:24","--","3","0.98","0.0","--","--","--","3,304","--","--","No","00:09:05.8","2","00:18:07","00:25:41","49","52"
Running,2024-03-26 10:50:19,false,"Yolo County Running","1.90","164","00:16:58","159","189","2.6","111","203","8:57","4:17","2","3","1.55","0.0","--","--","--","2,212","--","--","No","00:00:06.1","12","00:12:50","00:16:58","49","52"
Running,2024-03-26 10:12:14,false,"Yolo County Running","3.00","237","00:23:06","160","172","3.1","181","191","7:42","6:28","9","6","1.16","0.0","--","--","--","4,190","--","--","No","00:00:01.1","4","00:23:05","00:23:11","46","60"
Running,2024-03-24 09:37:29,false,"Sacramento County Running","7.00","525","00:52:08","156","178","3.6","183","192","7:27","6:47","108","120","1.18","0.0","--","--","--","9,538","--","--","No","00:00:01.9","8","00:52:04","00:55:08","34","65"
Running,2024-03-23 11:37:14,false,"Davis Running","5.01","373","00:40:00","146","163","3.1","180","233","7:59","6:39","13","13","1.12","0.0","--","--","--","7,212","--","--","No","00:00:04.4","6","00:39:43","00:43:58","49","59"
Running,2024-03-22 11:13:21,false,"Yolo County Running","2.01","158","00:17:50","147","159","2.2","180","190","8:52","7:53","7","7","1.01","0.0","--","--","--","3,230","--","--","No","00:00:04.2","3","00:17:38","00:20:10","46","52"
Running,2024-03-22 10:32:04,false,"Yolo County Running","3.46","263","00:28:49","154","187","2.9","123","242","8:20","4:27","3","3","1.53","0.0","--","--","--","4,072","--","--","No","00:00:05.3","14","00:23:37","00:28:49","49","52"
Running,2024-03-22 09:58:07,false,"Yolo County Running","2.01","153","00:15:51","148","158","2.4","180","188","7:53","7:25","--","--","1.14","0.0","--","--","--","2,828","--","--","No","00:00:03.3","3","00:15:50","00:15:51","43","60"
Running,2024-03-21 09:39:46,false,"Davis Running","5.00","371","00:41:07","142","159","2.9","180","198","8:13","7:08","7","7","1.09","0.0","--","--","--","7,436","--","--","No","00:00:02.2","6","00:40:43","00:51:35","49","63"
Running,2024-03-20 11:20:20,false,"Davis Running","2.22","183","00:19:41","152","159","2.5","180","188","8:51","8:03","3","--","1.01","0.0","--","--","--","3,574","--","--","No","00:01:52.1","3","00:19:37","00:21:36","46","49"
Running,2024-03-20 10:47:47,false,"Davis Running","3.92","300","00:28:39","166","187","3.4","163","194","7:18","5:24","7","6","1.49","0.0","--","--","--","4,778","--","--","No","00:01:34.6","10","00:26:03","00:28:39","46","52"
Running,2024-03-20 10:18:17,false,"Davis Running","2.51","195","00:19:58","148","158","2.7","178","187","7:57","7:28","3","3","1.14","0.0","--","--","--","3,574","--","--","No","00:04:02.1","3","00:19:52","00:20:06","45","49"
Running,2024-03-19 11:21:32,false,"Davis Running","6.01","462","00:48:39","152","167","3.3","177","190","8:06","7:25","8","8","1.12","0.0","--","--","--","8,654","--","--","No","00:00:02.3","7","00:47:12","00:54:11","52","69"
Running,2024-03-18 14:42:34,false,"Davis Running","7.01","518","00:53:13","154","169","3.5","175","223","7:36","6:44","7","7","1.21","0.0","--","--","--","9,320","--","--","No","00:00:02.6","8","00:52:39","01:17:42","46","52"
Running,2024-03-16 18:39:21,false,"Sacramento Running","0.97","71","00:11:46","119","139","0.7","161","184","12:05","7:45","--","--","0.83","0.0","--","--","--","1,978","--","--","No","00:11:46","1","00:11:10","00:24:33","36","39"
Running,2024-03-16 17:11:26,false,"Sacramento Running","1.99","156","00:17:08","149","158","2.3","174","184","8:37","7:10","10","10","1.07","0.0","--","--","--","3,016","--","--","No","00:08:31.9","2","00:16:59","00:18:16","30","50"
Running,2024-03-15 20:33:06,false,"Sacramento Running","1.77","137","00:18:12","131","148","2.0","155","182","10:17","8:03","--","--","1.01","0.0","--","--","--","2,920","--","--","No","00:06:56.9","2","00:17:19","00:23:44","38","39"
Running,2024-03-15 18:35:22,false,"Sacramento Running","2.00","160","00:16:49","152","160","2.4","176","186","8:23","7:34","3","4","1.09","0.0","--","--","--","2,972","--","--","No","00:00:02.1","3","00:16:47","00:17:48","12","43"
Running,2024-03-15 09:57:45,false,"Davis Running","2.00","160","00:15:41","155","165","2.7","180","190","7:50","6:45","--","--","1.14","0.0","--","--","--","2,814","--","--","No","00:00:01.8","3","00:15:38","00:15:41","43","60"
Running,2024-03-14 09:24:59,false,"Yolo County Running","4.02","311","00:31:10","159","189","3.3","182","192","7:46","6:57","10","10","1.14","0.0","--","--","--","5,696","--","--","No","00:00:07.3","5","00:31:08","00:32:33","43","67"
Running,2024-03-13 10:20:52,false,"Davis Running","6.01","473","00:49:46","153","164","3.2","180","198","8:17","7:14","10","10","1.08","0.0","--","--","--","9,014","--","--","No","00:00:03.3","7","00:49:24","00:55:19","37","59"
Running,2024-03-12 10:26:13,false,"Yolo County Running","1.72","127","00:15:47","131","143","1.9","171","182","9:10","8:36","3","3","1.03","0.0","--","--","--","2,724","--","--","No","00:06:38.2","2","00:15:40","00:17:36","46","52"
Running,2024-03-12 09:27:35,false,"Yolo County Running","2.03","162","00:18:57","146","183","2.3","112","212","9:21","4:23","--","--","1.42","0.0","--","--","--","2,456","--","--","No","00:00:34.6","14","00:14:59","00:18:57","49","52"
Running,2024-03-12 08:59:07,false,"Yolo County Running","2.00","155","00:16:08","149","159","2.4","179","188","8:03","7:07","--","--","1.12","0.0","--","--","--","2,884","--","--","No","00:00:02.3","3","00:16:07","00:16:08","45","68"
Running,2024-03-10 12:44:39,false,"Davis Running","4.11","303","00:31:24","150","161","3.0","176","185","7:39","6:54","7","7","1.20","0.0","--","--","--","5,534","--","--","No","00:00:52.5","5","00:31:12","00:38:56","49","59"
Running,2024-03-09 14:39:52,false,"Yolo County Running","1.07","89","00:11:47","128","142","1.4","156","187","11:04","9:04","--","--","0.93","0.0","--","--","--","1,864","--","--","No","00:00:39.2","2","00:10:40","00:14:37","49","52"
Running,2024-03-09 13:03:45,false,"Yolo County Running","1.01","81","00:09:16.5","142","154","1.9","175","181","9:10","8:13","--","10","1.01","0.0","--","--","--","1,622","--","--","No","00:00:05.6","2","00:09:16.5","00:09:16.5","47","63"
Running,2024-03-09 11:39:38,false,"Yolo County Running","1.42","97","00:14:12","124","140","1.2","165","182","10:01","8:59","--","--","0.97","0.0","--","--","--","2,402","--","--","No","00:04:10.7","2","00:13:46","00:20:58","52","52"
Running,2024-03-09 10:23:18,false,"Yolo County Running","2.01","155","00:16:22","148","159","2.4","178","187","8:10","7:20","5","5","1.11","0.0","--","--","--","2,928","--","--","No","00:00:03.6","3","00:16:14","00:16:54","47","60"
Running,2024-03-08 09:24:40,false,"Yolo County Running","4.01","302","00:32:49","146","157","2.8","177","185","8:11","7:32","7","7","1.11","0.0","--","--","--","5,838","--","--","No","00:00:03.5","5","00:32:45","00:34:07","49","59"
Running,2024-03-07 09:20:57,false,"Yolo County Running","7.40","559","01:00:24","150","170","3.4","177","198","8:10","5:27","14","17","1.11","0.0","--","--","--","10,770","--","--","No","00:03:43.7","8","01:00:02","01:22:31","36","56"
Elliptical,2024-03-06 11:20:44,false,"Elliptical","0.00","443","01:00:02","136","155","2.5","129","172","--","--","--","--","0.00","0.0","--","--","--","9,360","--","--","No","01:00:02","1","00:00:00","01:00:02","--","--"
Running,2024-03-05 09:44:25,false,"Cooldown HR goes crazy","2.07","198","00:19:24","175","190","3.0","176","186","9:22","7:54","3","157","0.98","0.0","--","--","--","3,444","--","--","No","00:00:38.7","3","00:19:22","00:21:51","46","207"
Running,2024-03-05 09:06:29,false,"Yolo County Running","3.03","232","00:23:59","160","191","3.1","132","247","7:55","4:29","--","0","1.39","0.0","--","--","--","3,500","--","--","No","00:00:24.8","11","00:19:39","00:26:55","49","52"
Running,2024-03-05 08:27:37,false,"Yolo County Running","3.01","240","00:24:34","155","164","2.9","179","187","8:11","7:34","3","--","1.10","0.0","--","--","--","4,408","--","--","No","00:00:02.7","4","00:24:28","00:24:34","47","61"
Running,2024-03-03 09:35:09,false,"Solano County Running","11.02","830","01:23:50","159","189","4.2","180","198","7:37","6:05","130","132","1.17","0.0","--","--","--","15,160","--","--","No","00:00:04.1","13","01:23:32","01:37:30","34","69"
Pool Swim,2024-03-02 09:24:47,false,"Pool Swimming","2,200","281","00:45:11","114","132","1.0","--","--","1:51","0:51","--","--","--","0.0","1053","40","26","--","--","--","No","00:02:56.9","5","00:40:41","00:46:57","--","--"
Elliptical,2024-03-01 10:41:42,false,"Elliptical","0.00","174","00:20:02","142","158","2.3","136","158","--","--","--","--","0.00","0.0","--","--","--","2,914","--","--","No","00:20:02","1","00:00:00","00:20:02","--","--"
Running,2024-03-01 09:23:43,false,"Davis Running","6.03","447","00:48:09","148","166","3.1","181","192","7:59","7:09","20","20","1.11","0.0","--","--","--","8,716","--","--","No","00:00:10.4","7","00:47:40","00:51:15","43","52"
Strength Training,2024-02-29 10:52:59,false,"Strength","0.00","93","00:22:55","103","121","0.4","--","--","--","--","--","--","--","0.0","--","--","--","8","4","1","No","00:22:55","1","00:22:55","00:23:40","--","--"
Running,2024-02-29 09:28:37,false,"Yolo County Running","5.01","381","00:39:39","153","164","3.2","180","194","7:55","6:44","15","15","1.13","0.0","--","--","--","7,136","--","--","No","00:00:05.5","6","00:38:08","00:49:23","43","60"
Running,2024-02-29 08:32:01,false,"Yolo County Running","3.01","233","00:23:33","152","161","2.9","180","188","7:50","7:18","7","7","1.14","0.0","--","--","--","4,290","--","--","No","00:00:01.9","4","00:23:25","00:24:41","34","59"
Running,2024-02-28 09:41:37,false,"Davis Running","4.01","296","00:32:45","144","159","2.7","176","188","8:11","7:25","3","3","1.12","0.0","--","--","--","5,804","--","--","No","00:00:03.0","5","00:32:36","00:36:54","50","59"
Running,2024-02-27 13:20:03,false,"Davis Running","2.01","150","00:16:23","147","169","2.4","172","184","8:10","7:25","2","3","1.15","0.0","--","--","--","2,854","--","--","No","00:00:02.4","3","00:16:11","00:19:45","49","52"
Running,2024-02-25 09:29:02,false,"Davis Running","10.00","747","01:21:49","148","163","3.5","178","188","8:11","7:26","30","30","1.11","0.0","--","--","--","14,630","--","--","No","00:00:01.8","11","01:21:11","01:33:52","29","64"
Running,2024-02-24 12:31:43,false,"Yolo County Running","5.01","351","00:37:18","153","168","3.1","174","212","7:27","4:28","13","13","1.24","0.0","--","--","--","6,542","--","--","No","00:00:03","6","00:36:56","00:51:22","49","62"
Running,2024-02-23 10:16:20,false,"Davis Running","5.01","359","00:40:47","140","162","2.9","178","190","8:08","7:12","15","18","1.11","0.0","--","--","--","7,322","--","--","No","00:00:05.3","6","00:40:27","00:57:02","46","59"
Strength Training,2024-02-22 10:37:04,false,"Strength","0.00","89","00:26:18","96","114","0.2","--","--","--","--","--","--","--","0.0","--","--","--","8","4","1","No","00:26:18","1","00:26:18","00:26:18","--","--"
Running,2024-02-22 09:35:38,false,"Solano County Running","3.32","249","00:29:26","134","148","2.3","179","218","8:53","7:46","31","17","1.01","0.0","--","--","--","5,286","--","--","No","00:02:41.1","4","00:29:22","00:35:37","39","59"
Running,2024-02-22 09:18:05,false,"Yolo County Running","2.14","153","00:15:12","154","168","2.5","181","190","7:06","5:32","--","2","1.25","0.0","--","--","--","2,748","--","--","No","00:00:02.2","7","00:15:09","00:16:23","48","59"
Running,2024-02-22 08:28:31,false,"Yolo County Running","2.01","151","00:16:53","142","156","2.2","177","185","8:24","6:35","4","4","1.08","0.0","--","--","--","2,998","--","--","No","00:00:03.0","3","00:16:43","00:17:42","47","59"
Elliptical,2024-02-21 09:18:48,false,"Elliptical","0.00","504","01:10:02","140","155","2.7","126","159","--","--","--","--","0.00","0.0","--","--","--","9,610","--","--","No","01:10:02","1","00:00:00","01:11:03","--","--"
Strength Training,2024-02-20 11:12:20,false,"Strength","0.00","80","00:22:24","98","114","0.2","--","--","--","--","--","--","--","0.0","--","--","--","12","6","1","No","00:22:24","1","00:22:24","00:22:24","--","--"
Running,2024-02-20 09:58:49,false,"Yolo County Running","2.01","156","00:18:20","143","153","2.1","175","188","9:08","7:49","7","7","1.01","0.0","--","--","--","3,264","--","--","No","00:00:02.2","3","00:17:56","00:20:17","46","52"
Running,2024-02-20 09:08:11,false,"Yolo County Running","5.60","413","00:44:42","159","186","3.5","141","198","7:59","5:01","7","7","1.43","0.0","--","--","--","6,826","--","--","No","00:00:27.6","10","00:38:04","00:44:42","49","52"
Running,2024-02-20 08:28:20,false,"Yolo County Running","2.08","160","00:16:52","150","160","2.4","178","186","8:06","7:07","5","5","1.12","0.0","--","--","--","3,002","--","--","No","00:00:35.8","3","00:16:46","00:16:52","46","60"
Running,2024-02-18 09:32:23,false,"Sacramento County Running","10.01","755","01:13:36","162","187","4.0","182","190","7:21","6:38","136","136","1.20","0.0","--","--","--","13,414","--","--","No","00:00:02.9","11","01:13:31","01:26:45","33","72"
Elliptical,2024-02-17 10:26:39,false,"Elliptical","0.00","501","01:00:02","144","163","2.9","119","144","--","--","--","--","0.00","0.0","--","--","--","7,492","--","--","No","01:00:02","1","00:00:00","01:00:28","--","--"
Running,2024-02-16 09:21:29,false,"Yolo County Running","6.02","447","00:47:04","142","167","3.1","179","192","7:49","6:56","9","9","1.15","0.0","--","--","--","8,492","--","--","No","00:00:10.0","7","00:46:26","00:59:02","49","59"
Elliptical,2024-02-15 13:39:45,false,"Elliptical","0.00","358","00:40:57","151","169","3.1","120","151","--","--","--","--","0.00","0.0","--","--","--","5,234","--","--","No","00:02:00.1","5","00:00:00","00:41:39","--","--"
Running,2024-02-15 08:34:13,false,"Yolo County Running","5.00","378","00:37:08","160","186","3.5","182","192","7:25","6:20","15","15","1.19","0.0","--","--","--","6,748","--","--","No","00:00:01.6","6","00:36:56","00:38:12","46","60"
Strength Training,2024-02-14 13:55:29,false,"Strength","0.00","107","00:31:35","96","123","0.3","--","--","--","--","--","--","--","0.0","--","--","--","34","17","1","No","00:31:35","1","00:31:35","00:31:35","--","--"
Elliptical,2024-02-14 09:41:15,false,"Elliptical","0.00","525","01:10:02","139","154","2.5","121","141","--","--","--","--","0.00","0.0","--","--","--","8,668","--","--","No","01:10:02","1","00:00:00","01:10:02","--","--"
Indoor Cycling,2024-02-13 10:17:00,false,"Indoor Cycling","0.00","244","00:40:01","130","166","2.2","--","--","--","--","--","--","--","0.0","--","--","--","--","--","--","No","00:01:59.7","9","00:00:00","00:40:01","--","--"
Running,2024-02-13 09:49:19,false,"Yolo County Running","1.63","123","00:12:34","159","188","2.4","140","200","7:42","4:32","--","--","1.35","0.0","--","--","--","1,944","--","--","No","00:00:13.5","5","00:10:16","00:12:34","49","52"
Running,2024-02-13 09:09:51,false,"Yolo County Running","3.01","234","00:24:11","155","163","2.8","180","190","8:02","6:44","5","6","1.11","0.0","--","--","--","4,386","--","--","No","00:00:02.8","4","00:24:05","00:24:11","47","60"
Running,2024-02-11 09:30:45,false,"Solano County Running","12.01","911","01:29:31","159","171","4.2","184","194","7:27","6:43","95","106","1.18","0.0","--","--","--","16,446","--","--","No","00:00:02.4","13","01:29:20","01:36:19","33","72"
Pool Swim,2024-02-10 11:00:45,false,"Pool Swimming","2,200","281","00:45:08","112","138","0.9","--","--","2:02","0:55","--","--","--","0.0","1185","44","26","--","--","--","No","00:45:08","1","00:44:44","00:46:15","--","--"
Running,2024-02-09 09:29:00,false,"Davis Running","5.01","374","00:40:43","143","155","2.9","184","198","8:08","7:17","10","7","1.08","0.0","--","--","--","7,522","--","--","No","00:00:02.1","6","00:40:34","00:44:34","38","52"
Running,2024-02-08 09:56:42,false,"Yolo County Running","2.01","170","00:19:37","151","169","2.2","183","198","9:46","7:17","9","9","0.90","0.0","--","--","--","3,630","--","--","No","00:00:03.8","3","00:19:35","00:19:45","47","60"
Running,2024-02-08 09:07:14,false,"Yolo County Running","4.53","339","00:30:26","169","190","3.8","164","198","6:43","5:24","4","4","1.43","0.0","--","--","--","5,114","--","--","No","00:00:02.3","12","00:28:38","00:30:26","49","52"
Running,2024-02-08 08:32:13,false,"Yolo County Running","2.01","153","00:16:15","146","156","2.4","183","192","8:06","6:45","3","6","1.09","0.0","--","--","--","2,968","--","--","No","00:00:02.4","3","00:16:14","00:16:15","47","60"
Running,2024-02-07 10:12:48,false,"Davis Running","6.01","456","00:47:07","148","172","3.3","183","205","7:51","6:37","10","10","1.12","0.0","--","--","--","8,620","--","--","No","00:00:02.8","7","00:46:55","00:51:41","49","59"
Running,2024-02-06 09:43:24,false,"Yolo County Running","2.99","237","00:29:04","133","145","2.2","180","189","9:43","8:51","3","3","0.92","0.0","--","--","--","5,232","--","--","No","00:09:31.9","3","00:29:02","00:29:47","49","52"
Running,2024-02-06 09:07:49,false,"Yolo County Running","2.59","156","00:19:17","138","156","2.1","158","203","7:27","4:36","--","2","1.31","0.0","--","--","--","3,202","--","--","No","00:00:02.8","20","00:17:34","00:19:17","49","52"
Running,2024-02-06 08:26:37,false,"Yolo County Running","3.01","230","00:24:06","147","158","2.7","183","190","8:00","6:53","10","7","1.10","0.0","--","--","--","4,398","--","--","No","00:00:06.1","4","00:24:02","00:24:06","46","59"
Treadmill Running,2024-02-04 12:11:02,false,"Treadmill Running","10.00","759","01:22:36","154","170","3.5","174","186","8:16","9:08","--","--","0.96","0.0","--","--","--","14,398","--","--","No","00:05:23.1","9","01:22:33","01:35:16","--","--"
Indoor Cycling,2024-02-03 11:58:37,false,"Indoor Cycling","0.00","75","00:20:02","99","116","1.1","--","--","--","--","--","--","--","0.0","--","--","--","--","--","--","No","00:20:02","1","00:00:00","00:20:02","--","--"
Running,2024-02-03 10:34:24,false,"Davis Running","5.01","373","00:40:37","139","152","2.9","181","190","8:07","7:26","7","7","1.10","0.0","--","--","--","7,382","--","--","No","00:00:03.2","6","00:40:25","00:46:15","43","52"
Running,2024-02-02 09:24:38,false,"Davis Running","7.01","500","00:54:39","145","158","3.2","177","188","7:48","6:52","16","16","1.17","0.0","--","--","--","9,716","--","--","No","00:00:03.1","8","00:54:23","00:58:47","43","52"
Strength Training,2024-02-01 16:09:29,false,"Strength","0.00","140","00:45:54","93","119","0.2","--","--","--","--","--","--","--","0.0","--","--","--","44","22","1","No","00:45:54","1","00:45:54","00:49:42","--","--"
Running,2024-02-01 09:51:07,false,"Yolo County Running","3.01","236","00:29:14","144","162","2.3","178","190","9:43","7:37","7","7","0.93","0.0","--","--","--","5,234","--","--","No","00:00:04.6","4","00:28:47","00:32:49","46","182"
Running,2024-02-01 09:11:32,false,"Yolo County Running","3.62","257","00:24:24","168","189","3.5","170","215","6:44","3:22","3","3","1.36","0.0","--","--","--","4,146","--","--","No","00:00:00.5","11","00:22:42","00:29:17","49","52"
Running,2024-02-01 08:29:34,false,"Yolo County Running","2.52","192","00:20:20","149","157","2.5","180","194","8:04","7:12","11","11","1.11","0.0","--","--","--","3,670","--","--","No","00:04:14.6","3","00:20:19","00:20:20","46","59"
Running,2024-01-31 09:37:33,false,"Davis Running","6.00","438","00:49:20","143","156","3.0","177","189","8:13","7:22","13","13","1.11","0.0","--","--","--","8,760","--","--","No","00:00:01.7","7","00:48:55","00:52:48","49","59"
Running,2024-01-30 09:45:22,false,"Yolo County Running","2.51","194","00:24:21","139","163","2.1","177","190","9:41","7:41","3","3","0.94","0.0","--","--","--","4,320","--","--","No","00:05:19.6","3","00:23:58","00:28:44","46","52"
Running,2024-01-30 09:03:51,false,"Yolo County Running","4.35","317","00:33:03","156","187","3.2","138","198","7:36","4:44","6","7","1.49","0.0","--","--","--","5,004","--","--","No","00:01:20.4","13","00:28:49","00:33:03","49","52"
Running,2024-01-30 08:27:30,false,"Yolo County Running","3.01","234","00:24:44","149","161","2.7","179","186","8:14","7:23","3","3","1.09","0.0","--","--","--","4,420","--","--","No","00:00:02.1","4","00:24:41","00:24:44","46","59"
Running,2024-01-28 09:27:01,false,"Davis Running","12.00","927","01:28:06","170","189","4.9","179","247","7:20","6:33","34","35","1.23","0.0","--","--","--","15,710","--","--","No","00:00:01.6","13","01:27:59","01:36:16","20","56"
Running,2024-01-27 10:16:59,false,"Davis Running","6.01","454","00:49:08","148","160","3.1","178","187","8:11","7:20","13","13","1.11","0.0","--","--","--","8,760","--","--","No","00:00:03.7","7","00:48:58","00:52:14","43","56"
Running,2024-01-26 09:35:32,false,"Davis Running","6.01","458","00:44:56","161","188","3.6","180","187","7:29","6:52","6","6","1.20","0.0","--","--","--","8,074","--","--","No","00:00:02.5","7","00:44:46","00:46:23","21","52"
Strength Training,2024-01-25 14:07:19,false,"Strength","0.00","156","00:52:48","92","140","0.4","--","--","--","--","--","--","--","0.0","--","--","--","32","16","1","No","00:52:48","1","00:52:48","00:52:48","--","--"
Running,2024-01-25 09:37:47,false,"Yolo County Running","2.70","227","00:26:15","151","166","2.4","177","190","9:42","7:19","13","14","0.93","0.0","--","--","--","4,670","--","--","No","00:06:56.1","3","00:26:12","00:33:02","44","59"
Running,2024-01-25 09:11:46,false,"Yolo County Running","3.39","260","00:24:05","165","190","3.4","181","196","7:06","4:53","61","52","1.24","0.0","--","--","--","4,350","--","--","No","00:00:00.1","21","00:23:58","00:24:05","40","72"
Running,2024-01-25 08:28:28,false,"Yolo County Running","3.01","228","00:24:44","145","157","2.7","179","188","8:13","7:14","5","--","1.09","0.0","--","--","--","4,450","--","--","No","00:00:04.8","4","00:24:27","00:24:51","47","59"
Running,2024-01-24 09:22:00,false,"Davis Running","6.01","461","00:47:42","150","161","3.4","179","195","7:57","7:01","13","13","1.13","0.0","--","--","--","8,526","--","--","No","00:00:02.8","7","00:47:32","00:50:54","14","59"
Running,2024-01-23 09:34:21,false,"Yolo County Running","3.01","293","00:30:59","166","186","3.1","176","192","10:18","8:57","3","3","0.89","0.0","--","--","--","5,466","--","--","No","00:00:03.0","4","00:30:42","00:35:09","46","52"
Running,2024-01-23 09:05:10,false,"Yolo County Running","2.60","186","00:21:10","148","187","2.5","143","207","8:08","4:09","3","3","1.29","0.0","--","--","--","3,202","--","--","No","00:00:01.8","14","00:19:33","00:21:10","49","52"
Running,2024-01-23 08:26:11,false,"Yolo County Running","3.00","232","00:24:13","151","163","2.9","179","188","8:04","7:05","5","5","1.12","0.0","--","--","--","4,314","--","--","No","00:00:02.0","4","00:24:12","00:24:13","46","61"
Running,2024-01-21 09:32:31,false,"West Sacramento Running","10.01","755","01:12:59","165","187","4.2","181","189","7:18","6:22","56","62","1.22","0.0","--","--","--","13,240","--","--","No","00:00:03.0","11","01:12:37","01:26:00","7","33"
Pool Swim,2024-01-20 10:23:22,false,"Pool Swimming","2,125","272","00:45:21","116","138","1.0","--","--","2:03","0:50","--","--","--","0.0","1165","44","27","--","--","--","No","00:01:42.3","4","00:43:30","00:50:04","--","--"
Running,2024-01-19 09:29:45,false,"Davis Running","6.01","454","00:49:52","145","167","3.1","180","195","8:18","7:23","16","16","1.08","0.0","--","--","--","8,966","--","--","No","00:00:02.7","7","00:49:45","00:52:30","43","52"
Strength Training,2024-01-18 16:15:15,false,"Strength","0.00","115","00:46:10","86","122","0.2","--","--","--","--","--","--","--","0.0","--","--","--","46","23","1","No","00:46:10","1","00:46:10","00:52:35","--","--"
Running,2024-01-18 09:47:27,false,"Yolo County Running","2.01","169","00:18:10","161","186","2.4","178","190","9:03","7:56","3","7","1.00","0.0","--","--","--","3,242","--","--","No","00:00:04.2","3","00:17:49","00:21:09","49","59"
Running,2024-01-18 09:08:48,false,"2 x 2 mile tempo (3m)","4.08","307","00:28:29","166","187","3.6","168","198","6:59","5:29","63","67","1.35","0.0","--","--","--","4,970","--","--","No","00:00:01.8","6","00:27:01","00:28:29","41","72"
Running,2024-01-18 08:35:35,false,"Yolo County Running","2.01","151","00:16:21","135","158","2.3","180","192","8:09","6:28","7","6","1.10","0.0","--","--","--","2,944","--","--","No","00:00:02.3","3","00:16:12","00:19:38","49","59"
Running,2024-01-17 10:10:48,false,"Solano County Running","5.01","380","00:40:34","149","164","3.0","180","188","8:06","7:39","70","70","1.10","0.0","--","--","--","7,282","--","--","No","00:00:03.3","6","00:40:26","00:46:22","36","62"
Running,2024-01-16 09:41:56,false,"Yolo County Running","1.85","172","00:19:58","151","164","2.2","174","198","10:46","8:43","3","3","0.86","0.0","--","--","--","3,498","--","--","No","00:08:26.0","2","00:19:47","00:22:07","49","52"
Running,2024-01-16 09:02:54,false,"Yolo County Running","3.02","234","00:26:58","151","192","2.7","133","203","8:56","4:07","3","3","1.26","0.0","--","--","--","3,932","--","--","No","00:00:05.3","16","00:22:59","00:27:30","49","52"
Running,2024-01-16 08:26:08,false,"Yolo County Running","3.00","235","00:23:49","155","165","2.8","178","187","7:56","6:37","3","--","1.14","0.0","--","--","--","4,232","--","--","No","00:00:01.6","4","00:23:44","00:23:52","46","62"
Running,2024-01-15 10:39:59,false,"Solano County Running","5.00","391","00:42:22","155","182","3.0","179","188","8:28","7:47","99","95","1.06","0.0","--","--","--","7,592","--","--","No","00:00:01.2","6","00:42:21","00:45:06","38","63"
Walking,2024-01-14 10:38:54,false,"Madera County Walking","1.15","190","01:27:24","79","111","0.1","27","212","--","7:33","46","39","0.70","0.0","--","--","--","3,144","--","--","No","00:38:13","2","00:23:08","01:27:24","3,369","3,402"
Running,2024-01-12 09:41:01,false,"Yolo County Running","5.01","391","00:41:38","147","163","3.1","176","220","8:18","6:47","10","8","1.10","0.0","--","--","--","7,362","--","--","No","00:00:05.8","6","00:40:08","00:42:54","39","60"
Strength Training,2024-01-11 15:57:12,false,"Strength","0.00","93","00:48:28","78","109","0.1","--","--","--","--","--","--","--","0.0","--","--","--","74","37","1","No","00:48:28","1","00:48:28","00:54:51","--","--"
Running,2024-01-11 09:40:24,false,"Yolo County Running","2.01","157","00:18:20","140","158","2.2","179","194","9:07","8:09","--","9","0.99","0.0","--","--","--","3,318","--","--","No","00:00:08.3","3","00:18:07","00:22:07","49","59"
Running,2024-01-11 09:05:57,false,"Yolo County Running","4.00","296","00:26:53","169","185","3.5","181","190","6:43","6:12","7","7","1.32","0.0","--","--","--","4,904","--","--","No","00:00:01.8","5","00:26:49","00:27:25","59","69"
Running,2024-01-11 08:34:42,false,"Yolo County Running","2.01","153","00:15:37","151","163","2.4","177","188","7:47","7:12","7","2","1.17","0.0","--","--","--","2,798","--","--","No","00:00:01.6","3","00:15:35","00:16:19","49","59"
Running,2024-01-10 10:45:39,false,"Davis Running","6.01","452","00:48:33","148","162","3.2","176","236","8:04","7:14","13","13","1.13","0.0","--","--","--","8,568","--","--","No","00:00:06.4","7","00:48:06","00:56:56","11","59"
Strength Training,2024-01-09 16:59:38,false,"Strength","0.00","162","00:51:26","94","126","0.3","--","--","--","--","--","--","--","0.0","--","--","--","40","20","1","No","00:51:26","1","00:51:26","00:51:26","--","--"
Running,2024-01-09 09:43:42,false,"Yolo County Running","2.00","176","00:21:19","149","165","2.1","172","194","10:38","8:10","7","7","0.88","0.0","--","--","--","3,704","--","--","No","00:00:02.0","3","00:21:01","00:25:11","46","52"
Running,2024-01-09 09:03:09,false,"Yolo County Running","3.23","268","00:28:45","156","188","3.0","128","200","8:53","4:38","1","1","1.26","0.0","--","--","--","3,990","--","--","No","00:00:59.2","12","00:22:36","00:28:45","49","52"
Running,2024-01-09 08:27:17,false,"Yolo County Running","2.99","240","00:24:14","156","170","2.9","178","186","8:05","7:01","6","8","1.12","0.0","--","--","--","4,304","--","--","No","00:07:43.5","3","00:24:13","00:24:14","46","62"
Running,2024-01-07 09:49:59,false,"Davis Running","10.01","740","01:13:34","155","184","3.9","182","198","7:21","6:50","73","62","1.21","0.0","--","--","--","13,368","--","--","No","00:00:03.4","11","01:13:18","01:24:02","33","72"
Running,2024-01-06 14:50:52,false,"Davis Running","5.01","360","00:40:33","138","150","2.7","177","187","8:06","7:23","13","13","1.12","0.0","--","--","--","7,214","--","--","No","00:00:04.1","6","00:40:23","00:49:51","52","62"
Strength Training,2024-01-05 15:37:24,false,"Strength","0.00","122","00:46:47","88","112","0.1","--","--","--","--","--","--","--","0.0","--","--","--","8","4","1","No","00:46:47","1","00:46:47","00:46:47","--","--"
Running,2024-01-05 09:15:56,false,"Azusa Running","2.01","157","00:17:27","153","168","2.2","179","190","8:41","7:55","42","39","1.04","0.0","--","--","--","3,142","--","--","No","00:00:04.7","3","00:17:17","00:18:37","629","681"
Running,2024-01-05 08:40:20,false,"Azusa Running","4.24","324","00:29:11","174","192","3.7","180","190","6:53","5:00","22","23","1.29","0.0","--","--","--","5,180","--","--","No","00:00:59.4","17","00:29:07","00:29:11","632","641"
Running,2024-01-05 08:07:39,false,"Azusa Running","2.03","156","00:16:08","147","158","2.4","180","191","7:58","7:21","42","40","1.12","0.0","--","--","--","2,916","--","--","No","00:00:11.8","3","00:16:03","00:16:08","629","681"
Running,2024-01-04 09:50:03,false,"Encinitas Running","6.01","450","00:47:58","144","182","3.2","178","212","7:59","4:58","144","189","1.13","0.0","--","--","--","8,486","--","--","No","00:00:04.0","7","00:47:44","00:56:48","18","99"
Running,2024-01-03 07:38:21,false,"Walnut Running","8.02","611","01:04:25","150","181","3.4","179","212","8:02","6:58","634","618","1.12","0.0","--","--","--","11,536","--","--","No","00:00:07.7","9","01:04:18","01:10:14","563","798"
Running,2024-01-02 12:55:27,false,"Claremont Running","2.01","154","00:19:31","142","153","2.0","176","184","9:44","8:35","65","76","0.94","0.0","--","--","--","3,428","--","--","No","00:00:04.5","3","00:19:22","00:21:42","1,268","1,350"
Running,2024-01-02 12:13:59,false,"Claremont Running","4.19","333","00:30:21","168","188","3.7","158","188","7:14","5:36","12","19","1.44","0.0","--","--","--","4,980","--","--","No","00:00:01.7","9","00:26:47","00:30:21","1,296","1,308"
Running,2024-01-02 11:42:45,false,"Claremont Running","2.01","159","00:16:05","152","176","2.5","176","184","8:01","7:22","82","89","1.14","0.0","--","--","--","2,832","--","--","No","00:00:03.0","3","00:16:01","00:16:05","1,268","1,350"
Running,2023-12-31 08:31:24,false,"Walnut Running","10.06","771","01:20:26","154","182","4.0","176","186","7:59","6:37","635","651","1.15","0.0","--","--","--","14,142","--","--","No","00:00:30.9","11","01:20:07","01:29:19","561","801"
Running,2023-12-30 11:43:03,false,"Diamond Bar Running","6.01","437","00:49:12","143","159","3.0","174","181","8:11","6:46","452","460","1.13","0.0","--","--","--","8,580","--","--","No","00:00:05.2","7","00:48:57","00:54:55","560","760"
Running,2023-12-29 08:23:22,false,"Claremont Running","8.03","586","01:03:50","145","182","3.5","175","186","7:57","6:17","237","237","1.16","0.0","--","--","--","11,230","--","--","No","00:02:29.3","12","01:03:18","01:26:45","1,168","1,288"
Running,2023-12-28 09:53:10,false,"Claremont Running","6.19","439","00:54:58","128","146","2.6","175","194","8:52","4:52","484","483","1.04","0.0","--","--","--","9,638","--","--","No","00:01:10.7","7","00:54:40","01:10:18","1,306","1,629"
Elliptical,2023-12-27 11:26:07,false,"Elliptical","0.00","293","00:30:03","155","165","3.1","140","152","--","--","--","--","0.00","0.0","--","--","--","4,272","--","--","No","00:30:03","1","00:00:00","00:30:03","--","--"
Running,2023-12-27 09:50:58,false,"Rancho Cucamonga Running","6.04","451","00:47:55","151","164","3.2","175","186","7:56","7:19","56","52","1.16","0.0","--","--","--","8,476","--","--","No","00:00:19.3","7","00:47:12","00:51:51","1,316","1,373"
Running,2023-12-26 10:01:26,false,"Claremont Running","2.01","150","00:18:05","142","157","2.0","174","182","9:00","7:58","89","109","1.03","0.0","--","--","--","3,154","--","--","No","00:00:04.6","3","00:18:03","00:27:53","1,174","1,219"
Running,2023-12-26 09:26:48,false,"Claremont Running","4.01","295","00:27:13","169","186","3.5","176","185","6:47","6:02","94","115","1.35","0.0","--","--","--","4,742","--","--","No","00:00:02.5","5","00:27:07","00:27:13","1,198","1,269"
Running,2023-12-26 09:09:42,false,"Claremont Running","1.00","76","00:08:24.5","136","154","1.8","174","179","8:22","7:29","32","21","1.10","0.0","--","--","--","1,458","--","--","No","00:00:01.7","2","00:08:24.5","00:08:24.5","1,202","1,233"
Running,2023-12-24 09:23:58,false,"Upland Running","8.01","601","01:00:26","156","181","3.6","176","184","7:33","6:44","221","220","1.21","0.0","--","--","--","10,560","--","--","No","00:00:04.0","9","01:00:15","01:07:44","1,232","1,381"
Running,2023-12-23 09:29:26,false,"Fontana Running","6.01","436","00:47:03","147","158","3.1","172","185","7:49","7:16","69","69","1.20","0.0","--","--","--","8,170","--","--","No","00:00:06.9","7","00:46:30","00:53:24","1,302","1,372"
Elliptical,2023-12-22 17:06:48,false,"Elliptical","0.00","226","00:25:02","146","160","2.7","143","151","--","--","--","--","0.00","0.0","--","--","--","3,602","--","--","No","00:25:02","1","00:00:00","00:25:02","--","--"
Running,2023-12-22 09:18:38,false,"Claremont Running","2.00","117","00:17:45","139","158","1.7","171","200","8:52","8:00","98","95","1.03","0.0","--","--","--","2,376","--","--","No","00:04:30.3","2","00:13:40","00:30:55","1,198","1,219"
Running,2023-12-22 08:50:54,false,"Claremont Running","2.89","212","00:22:30","147","188","3.0","130","194","7:48","4:51","143","159","1.64","0.0","--","--","--","3,224","--","--","No","00:00:01.2","10","00:19:45","00:22:30","1,198","1,218"
Running,2023-12-22 08:21:54,false,"Claremont Running","1.52","108","00:12:39","137","152","2.0","173","177","8:20","7:45","85","89","1.11","0.0","--","--","--","2,194","--","--","No","00:04:07.3","2","00:12:38","00:13:50","1,198","1,219"
Elliptical,2023-12-21 13:50:37,false,"Elliptical","0.00","236","00:25:02","150","160","2.8","142","152","--","--","--","--","0.00","0.0","--","--","--","3,600","--","--","No","00:25:02","1","00:00:00","00:25:02","--","--"
Running,2023-12-21 11:37:02,false,"Upland Running","5.43","394","00:43:30","147","171","3.1","169","219","8:01","4:36","125","132","1.19","0.0","--","--","--","7,438","--","--","No","00:03:45.9","6","00:43:00","00:56:56","1,232","1,309"
Elliptical,2023-12-20 14:14:36,false,"Elliptical","0.00","297","00:30:03","157","168","3.2","141","150","--","--","--","--","0.00","0.0","--","--","--","4,280","--","--","No","00:30:03","1","00:00:00","00:30:03","--","--"
Running,2023-12-20 12:44:54,false,"Upland Running","5.01","390","00:40:22","153","178","3.2","172","179","8:03","7:16","108","118","1.16","0.0","--","--","--","6,978","--","--","No","00:00:04.8","6","00:40:09","00:44:39","1,554","1,611"
Elliptical,2023-12-19 16:37:43,false,"Elliptical","0.00","296","00:30:03","157","167","3.2","142","152","--","--","--","--","0.00","0.0","--","--","--","4,340","--","--","No","00:30:03","1","00:00:00","00:30:03","--","--"
Running,2023-12-19 10:14:58,false,"Claremont Running","1.51","131","00:14:25","161","177","2.3","172","177","9:33","8:54","3","--","0.98","0.0","--","--","--","2,498","--","--","No","00:04:39.6","2","00:14:24","00:18:04","1,198","1,219"
Running,2023-12-19 09:48:29,false,"Claremont Running","3.20","239","00:21:59","165","181","3.4","173","191","6:52","5:47","148","147","1.35","0.0","--","--","--","3,796","--","--","No","00:00:46.1","11","00:21:51","00:21:59","1,197","1,220"
Running,2023-12-19 09:22:23,false,"Claremont Running","1.51","118","00:12:48","143","164","2.2","172","179","8:29","7:36","63","78","1.10","0.0","--","--","--","2,206","--","--","No","00:04:06.2","2","00:12:45","00:12:48","1,174","1,224"
Elliptical,2023-12-17 10:45:41,false,"Elliptical","0.00","392","00:50:01","139","164","2.8","129","158","--","--","--","--","0.00","0.0","--","--","--","6,756","--","--","No","00:50:01","1","00:00:00","00:57:34","--","--"
Running,2023-12-17 09:40:32,false,"Yolo County Running","5.01","357","00:40:49","139","158","2.7","172","182","8:09","7:16","9","9","1.15","0.0","--","--","--","7,054","--","--","No","00:00:03.9","6","00:40:34","00:49:16","52","69"
Elliptical,2023-12-16 13:12:34,false,"Elliptical","0.00","486","01:00:04","149","171","3.2","115","186","--","--","--","--","0.00","0.0","--","--","--","7,632","--","--","No","01:00:04","1","00:00:00","01:00:04","--","--"
Running,2023-12-16 12:14:40,false,"Davis Running","4.02","298","00:31:18","147","172","3.0","174","186","7:47","7:10","7","7","1.19","0.0","--","--","--","5,468","--","--","No","00:00:12.1","5","00:31:00","00:38:25","49","59"
Running,2023-12-15 15:20:22,false,"Davis Running","4.01","293","00:33:56","133","148","2.5","172","220","8:28","7:49","--","--","1.11","0.0","--","--","--","5,812","--","--","No","00:00:04.5","5","00:33:54","00:37:39","52","56"
Elliptical,2023-12-14 11:31:12,false,"Elliptical","0.00","361","00:40:01","148","166","3.2","128","156","--","--","--","--","0.00","0.0","--","--","--","5,298","--","--","No","00:03:18.0","2","00:00:00","00:40:25","--","--"
Running,2023-12-14 10:47:48,false,"Yolo County Running","3.05","223","00:24:45","143","159","2.6","174","182","8:08","7:07","7","7","1.14","0.0","--","--","--","4,330","--","--","No","00:00:21.6","4","00:24:43","00:27:55","52","59"
Elliptical,2023-12-13 15:23:07,false,"Elliptical","0.00","279","00:31:11","146","166","3.0","125","154","--","--","--","--","0.00","0.0","--","--","--","4,250","--","--","No","00:31:11","1","00:00:00","00:31:11","--","--"
Pool Swim,2023-12-13 14:00:15,false,"Pool Swimming","1,725","219","00:40:04","110","127","0.8","--","--","2:08","0:59","--","--","--","0.0","911","45","25","--","--","--","No","00:01:48.9","4","00:36:42","00:44:24","--","--"
Elliptical,2023-12-12 09:32:00,false,"Elliptical","0.00","724","01:30:10","147","168","3.7","137","163","--","--","--","--","0.00","0.0","--","--","--","13,244","--","--","No","01:30:10","1","00:00:00","01:33:42","--","--"
Elliptical,2023-12-10 11:17:05,false,"Elliptical","0.00","294","00:35:05","143","167","2.7","114","147","--","--","--","--","0.00","0.0","--","--","--","4,176","--","--","No","00:35:05","1","00:00:00","00:35:05","--","--"
Pool Swim,2023-12-10 09:33:50,false,"Pool Swimming","2,475","315","00:55:09","113","137","1.2","--","--","2:08","0:48","--","--","--","0.0","1385","46","26","--","--","--","No","00:12:28","3","00:52:52","01:13:20","--","--"
Elliptical,2023-12-09 10:29:26,false,"Elliptical","0.00","426","00:50:02","147","165","3.2","138","163","--","--","--","--","0.00","0.0","--","--","--","7,268","--","--","No","00:50:02","1","00:00:00","00:50:16","--","--"
Running,2023-12-09 09:54:50,false,"Davis Running","2.01","152","00:16:27","144","156","2.4","174","179","8:11","7:35","3","3","1.13","0.0","--","--","--","2,872","--","--","No","00:00:04.2","3","00:16:26","00:17:14","3","52"
Indoor Cycling,2023-12-08 10:59:42,false,"Indoor Cycling","0.00","266","00:40:04","129","143","2.0","--","--","--","--","--","--","--","0.0","--","--","--","--","--","--","No","00:40:04","1","00:00:00","00:40:04","--","--"
Elliptical,2023-12-07 16:28:26,false,"Elliptical","0.00","244","00:30:02","140","162","2.5","115","149","--","--","--","--","0.00","0.0","--","--","--","3,652","--","--","No","00:30:02","1","00:00:00","00:30:02","--","--"
Pool Swim,2023-12-06 12:07:03,false,"Pool Swimming","1,550","194","00:30:21","118","144","1.2","--","--","1:58","0:50","--","--","--","0.0","838","43","28","--","--","--","No","00:05:22.6","3","00:30:21","00:32:03","--","--"
Running,2023-12-05 09:16:40,false,"Yolo County Running","4.33","317","00:36:09","134","152","2.7","174","184","8:21","7:45","13","13","1.11","0.0","--","--","--","6,316","--","--","No","00:02:46.4","5","00:35:58","00:55:24","43","60"
Running,2023-12-03 09:31:22,false,"Davis Running","8.01","598","01:00:56","153","180","3.9","174","184","7:37","6:42","13","16","1.22","0.0","--","--","--","10,636","--","--","No","00:00:04.0","9","01:00:37","01:11:26","31","59"
Running,2023-12-02 09:10:08,false,"Yolo County Running","4.52","314","00:36:32","137","154","2.6","172","182","8:05","7:40","10","10","1.16","0.0","--","--","--","6,368","--","--","No","00:04:14.5","5","00:35:57","00:53:51","49","59"
Running,2023-12-01 10:22:03,false,"Yolo County Running","1.00","79","00:10:03","135","157","1.5","168","179","10:04","8:59","--","3","0.95","0.0","--","--","--","1,736","--","--","No","00:10:03","1","00:09:54","00:12:36","49","52"
Running,2023-12-01 09:42:57,false,"Yolo County Running","4.59","339","00:30:03","171","192","4.0","179","189","6:33","5:14","5","7","1.37","0.0","--","--","--","5,338","--","--","No","00:00:58.4","18","00:29:54","00:30:03","49","52"
Running,2023-12-01 09:16:44,false,"Yolo County Running","2.01","156","00:16:24","145","154","2.5","175","182","8:10","7:32","3","3","1.13","0.0","--","--","--","2,868","--","--","No","00:00:04.1","3","00:16:23","00:16:37","47","62"
Running,2023-11-30 09:25:12,false,"Davis Running","6.01","424","00:47:41","144","161","3.3","176","200","7:56","4:36","13","13","1.15","0.0","--","--","--","8,400","--","--","No","00:00:05.7","7","00:47:21","00:56:12","43","52"
Running,2023-11-29 09:08:24,false,"Davis Running","5.30","387","00:42:28","141","158","3.1","176","186","8:01","7:29","9","9","1.14","0.0","--","--","--","7,528","--","--","No","00:02:28.6","6","00:42:11","00:51:14","49","62"
Running,2023-11-28 10:13:13,false,"Yolo County Running","0.48","44","00:06:08.0","136","150","0.8","152","176","12:45","9:47","16","--","0.83","0.0","--","--","--","968","--","--","No","00:06:08.0","1","00:05:20","00:10:55","36","56"
Running,2023-11-28 09:48:45,false,"Yolo County Running","3.04","203","00:23:04","141","172","2.9","170","194","7:35","5:16","3","3","1.22","0.0","--","--","--","3,972","--","--","No","00:01:55.2","9","00:22:04","00:23:04","49","52"
Running,2023-11-28 09:17:45,false,"Yolo County Running","2.13","167","00:17:42","147","158","2.5","178","184","8:19","7:29","--","--","1.09","0.0","--","--","--","3,144","--","--","No","00:01:02.8","3","00:17:35","00:17:42","47","56"
Running,2023-11-26 11:36:48,false,"West Covina Running","8.01","578","01:02:20","149","167","3.6","175","186","7:47","7:05","207","207","1.18","0.0","--","--","--","10,988","--","--","No","00:00:02.8","9","01:01:46","01:22:19","459","638"
Running,2023-11-25 10:00:52,false,"Fontana Running","4.03","294","00:31:52","144","157","2.9","175","184","7:54","7:00","43","43","1.16","0.0","--","--","--","5,584","--","--","No","00:00:15.8","5","00:31:46","00:36:19","1,302","1,352"
Running,2023-11-24 10:27:24,false,"Fontana Running","6.02","450","00:46:23","152","178","3.4","175","212","7:42","6:51","213","220","1.19","0.0","--","--","--","8,102","--","--","No","00:00:07.4","7","00:46:12","00:52:16","1,467","1,619"
Running,2023-11-23 06:08:07,false,"Dana Point Running","7.05","541","00:56:20","148","176","3.4","176","201","8:00","7:16","804","795","1.15","0.0","--","--","--","9,898","--","--","No","00:00:26.1","8","00:56:16","01:53:51","0","125"
Running,2023-11-22 08:39:57,false,"Upland Running","5.01","387","00:39:37","153","177","3.3","175","182","7:54","7:02","167","168","1.16","0.0","--","--","--","6,928","--","--","No","00:00:05.8","6","00:39:37","00:43:16","1,479","1,609"
Running,2023-11-14 04:01:01,false,"Yolo County Running","3.00","225","00:24:01","149","162","2.8","174","182","8:00","6:16","40","7","1.15","0.0","--","--","--","4,212","--","--","No","00:00:02.1","4","00:23:59","00:26:43","19","59"
Running,2023-11-10 07:50:04,false,"Davis Running","6.01","441","00:47:34","143","163","3.2","177","188","7:55","7:10","13","13","1.15","0.0","--","--","--","8,518","--","--","No","00:00:02.6","7","00:47:07","00:54:30","46","59"
Running,2023-11-09 08:28:27,false,"Davis Running","6.06","442","00:50:26","130","154","2.9","173","184","8:20","5:38","13","13","1.12","0.0","--","--","--","8,778","--","--","No","00:00:26.8","7","00:50:08","01:15:41","43","52"
Running,2023-11-07 09:55:56,false,"Davis Running","1.34","100","00:12:27","132","142","1.5","175","184","9:17","8:51","--","3","0.99","0.0","--","--","--","2,202","--","--","No","00:03:05.8","2","00:12:24","00:13:49","39","43"
Running,2023-11-07 09:28:20,false,"Davis Running","2.87","215","00:19:40","157","190","3.2","178","224","6:51","5:04","3","--","1.32","0.0","--","--","--","3,440","--","--","No","00:01:02.1","11","00:19:38","00:19:40","39","46"
Running,2023-11-07 08:59:11,false,"Davis Running","2.01","151","00:15:46","141","153","2.4","174","182","7:51","7:14","7","3","1.18","0.0","--","--","--","2,746","--","--","No","00:00:04.8","3","00:15:45","00:15:46","38","46"
Running,2023-11-05 09:31:08,false,"Davis Running","8.06","594","01:03:56","147","161","3.4","176","187","7:56","7:05","25","26","1.15","0.0","--","--","--","11,324","--","--","No","00:00:32.9","9","01:03:47","01:06:32","33","52"
Running,2023-11-04 08:28:51,false,"Yolo County Running","5.19","373","00:41:49","136","155","2.9","174","184","8:03","7:17","10","10","1.15","0.0","--","--","--","7,280","--","--","No","00:01:28.8","6","00:41:44","00:44:50","52","62"
Running,2023-11-03 10:20:47,false,"Davis Running","1.81","135","00:15:40","140","155","2.1","176","187","8:39","7:39","--","--","1.06","0.0","--","--","--","2,772","--","--","No","00:06:36.8","2","00:15:25","00:16:37","38","46"
Running,2023-11-03 09:47:09,false,"Davis Running","3.76","274","00:25:07","169","185","3.5","178","200","6:40","4:40","3","3","1.35","0.0","--","--","--","4,514","--","--","No","00:00:58.8","13","00:25:00","00:25:07","39","46"
Running,2023-11-03 09:16:44,false,"Davis Running","2.01","150","00:16:12","142","155","2.3","176","186","8:03","7:22","7","3","1.14","0.0","--","--","--","2,824","--","--","No","00:00:06.4","3","00:16:10","00:16:34","39","46"
Running,2023-11-02 09:25:02,false,"Davis Running","6.16","438","00:50:49","136","149","2.9","174","201","8:15","4:35","13","13","1.12","0.0","--","--","--","8,908","--","--","No","00:01:30.4","7","00:50:26","00:54:45","43","52"
Indoor Cycling,2023-11-01 10:24:11,false,"Indoor Cycling","0.00","308","01:05:16","113","140","1.1","--","--","--","--","--","--","--","0.0","--","--","--","--","--","--","No","01:05:16","1","00:00:00","01:06:39","--","--"
Running,2023-10-31 10:21:54,false,"Yolo County Running","2.05","159","00:18:51","139","147","2.1","179","188","9:12","7:05","33","35","0.98","0.0","--","--","--","3,342","--","--","No","00:00:25.8","3","00:18:44","00:22:02","43","72"
Running,2023-10-31 09:42:35,false,"Yolo County Running","4.94","360","00:32:43","165","188","3.9","174","202","6:38","5:02","46","52","1.39","0.0","--","--","--","5,700","--","--","No","00:00:00.6","9","00:32:25","00:34:21","41","69"
Running,2023-10-31 09:08:20,false,"Yolo County Running","2.02","157","00:16:03","144","159","2.6","179","188","7:58","7:20","21","18","1.13","0.0","--","--","--","2,862","--","--","No","00:00:07.8","3","00:15:42","00:16:03","43","72"
Running,2023-10-29 09:39:00,false,"Davis Running","10.00","751","01:11:55","164","197","4.6","179","188","7:11","6:17","45","48","1.25","0.0","--","--","--","12,864","--","--","No","00:00:01.4","11","01:11:44","01:20:26","27","59"
Running,2023-10-28 08:40:35,false,"Davis Running","5.02","344","00:40:32","133","147","2.6","178","190","8:05","7:18","16","16","1.12","0.0","--","--","--","7,290","--","--","No","00:00:07.0","6","00:40:17","00:43:06","43","52"
Running,2023-10-27 10:09:49,false,"Yolo County Running","3.03","237","00:35:12","153","179","2.9","126","190","11:36","7:06","--","13","1.70","0.0","--","--","--","4,456","--","--","No","00:07:22.9","4","00:24:51","00:36:24","46","59"
Running,2023-10-27 09:31:21,false,"Yolo County Running","5.10","374","00:37:02","157","176","3.4","180","198","7:15","4:57","36","36","1.22","0.0","--","--","--","6,672","--","--","No","00:00:01.2","18","00:36:58","00:37:02","41","72"
Running,2023-10-27 09:10:31,false,"Davis Running","2.01","150","00:16:17","143","163","2.3","175","182","8:07","7:19","13","--","1.13","0.0","--","--","--","2,860","--","--","No","00:00:02.3","3","00:16:10","00:17:15","46","59"
Running,2023-10-26 08:42:18,false,"Davis Running","7.13","499","00:59:07","138","155","3.1","170","201","8:18","4:21","13","13","1.14","0.0","--","--","--","10,128","--","--","No","00:01:24.3","8","00:57:04","01:07:20","43","52"
Indoor Cycling,2023-10-25 10:36:05,false,"Indoor Cycling","0.00","366","01:00:04","127","156","2.1","--","--","--","--","--","--","--","0.0","--","--","--","--","--","--","No","01:00:04","1","00:00:00","01:03:08","--","--"
Running,2023-10-24 10:04:41,false,"Davis Running","2.01","162","00:17:53","150","163","2.3","176","188","8:55","7:50","3","3","1.02","0.0","--","--","--","3,164","--","--","No","00:00:03.0","3","00:17:44","00:18:26","38","46"
Running,2023-10-24 09:38:58,false,"Davis Running","2.03","147","00:16:31","145","177","2.5","136","196","8:08","4:53","--","--","1.31","0.0","--","--","--","2,414","--","--","No","00:01:20.1","7","00:12:25","00:16:31","39","46"
Running,2023-10-24 09:05:43,false,"Davis Running","2.03","156","00:16:29","144","173","2.5","174","184","8:08","7:32","7","3","1.14","0.0","--","--","--","2,878","--","--","No","00:00:14.0","3","00:16:24","00:17:13","37","46"
Running,2023-10-22 09:38:13,false,"Yolo County Running","7.05","509","00:57:15","143","157","3.1","178","188","8:07","7:39","26","13","1.12","0.0","--","--","--","10,194","--","--","No","00:00:23.4","8","00:56:58","00:58:27","43","72"
Running,2023-10-21 16:54:05,false,"Davis Running","4.98","345","00:42:30","129","147","2.5","177","188","8:32","6:57","10","10","1.07","0.0","--","--","--","7,534","--","--","No","00:08:18.9","5","00:42:21","00:46:33","49","59"
Running,2023-10-20 10:24:36,false,"Davis Running","2.01","159","00:20:15","134","143","2.0","174","187","10:03","9:02","7","7","0.92","0.0","--","--","--","3,514","--","--","No","00:00:09.1","3","00:20:14","00:20:31","36","43"
Running,2023-10-20 09:48:38,false,"Davis Running","3.07","217","00:23:58","147","177","2.7","144","202","7:49","4:32","5","8","1.36","0.0","--","--","--","3,626","--","--","No","00:00:00.7","12","00:19:24","00:23:58","39","46"
Running,2023-10-20 09:17:07,false,"Davis Running","2.01","150","00:16:21","139","155","2.2","176","187","8:09","7:40","7","3","1.12","0.0","--","--","--","2,886","--","--","No","00:00:03.1","3","00:16:19","00:16:39","39","46"
Running,2023-10-19 09:15:39,false,"Davis Running","6.14","446","00:49:17","143","160","3.1","175","198","8:02","4:43","13","13","1.14","0.0","--","--","--","8,660","--","--","No","00:01:03.8","7","00:48:57","00:54:05","43","52"
Indoor Cycling,2023-10-18 11:18:25,false,"Indoor Cycling","0.00","57","00:15:44","97","115","0.2","--","--","--","--","--","--","--","0.0","--","--","--","--","--","--","No","00:15:44","1","00:00:00","00:15:44","--","--"
Running,2023-10-18 10:08:20,false,"Davis Running","5.01","364","00:41:00","142","153","2.9","175","186","8:11","7:03","10","10","1.13","0.0","--","--","--","7,170","--","--","No","00:00:05.0","6","00:40:46","00:44:20","49","62"
Running,2023-10-17 10:14:46,false,"Yolo County Running","2.01","163","00:19:41","141","152","2.1","172","182","9:48","8:19","3","--","0.95","0.0","--","--","--","3,384","--","--","No","00:00:05.1","3","00:19:40","00:21:09","39","46"
Running,2023-10-17 09:36:23,false,"Yolo County Running","4.71","339","00:30:03","176","193","3.8","182","190","6:23","5:37","10","10","1.39","0.0","--","--","--","5,480","--","--","No","00:00:00.3","6","00:29:54","00:32:23","26","43"
Running,2023-10-17 09:06:44,false,"Davis Running","2.38","183","00:18:52","149","160","2.6","176","187","7:55","7:22","7","7","1.16","0.0","--","--","--","3,316","--","--","No","00:03:07.0","3","00:18:48","00:18:52","36","46"
Running,2023-10-15 09:17:49,false,"West Sacramento Running","10.01","737","01:18:11","150","166","3.8","176","186","7:49","6:37","61","65","1.17","0.0","--","--","--","13,726","--","--","No","00:00:02.8","11","01:17:45","01:32:14","7","33"
Running,2023-10-14 11:43:53,false,"Sunnyvale Running","3.08","244","00:30:54","136","150","2.2","164","224","10:03","7:50","5","5","0.98","0.0","--","--","--","5,182","--","--","No","00:00:43.8","4","00:29:46","00:34:19","--","7"
Running,2023-10-14 10:37:14,false,"Sunnyvale Running","0.00","--","00:00:00.8","84","84","0.0","--","--","--","--","--","--","--","0.0","--","--","--","--","--","--","No","00:00:00.8","1","00:00:00","00:00:00.8","-42","-42"
Running,2023-10-14 08:57:53,false,"Sunnyvale Running","2.01","154","00:16:45","142","156","2.3","171","179","8:20","7:30","--","--","1.13","0.0","--","--","--","2,890","--","--","No","00:00:04.3","3","00:16:37","00:17:31","3","7"
Running,2023-10-13 09:19:14,false,"Yolo County Running","4.25","297","00:32:35","143","163","3.0","171","198","7:40","4:32","8","8","1.24","0.0","--","--","--","5,550","--","--","No","00:01:34.4","5","00:31:47","00:43:05","46","61"
Running,2023-10-12 09:12:45,false,"Davis Running","6.01","449","00:47:58","147","160","3.2","175","184","7:59","6:40","13","10","1.15","0.0","--","--","--","8,410","--","--","No","00:00:02.8","7","00:47:42","00:49:18","43","52"
Indoor Cycling,2023-10-11 10:11:06,false,"Indoor Cycling","0.00","247","01:10:06","101","133","0.7","--","--","--","--","--","--","--","0.0","--","--","--","--","--","--","No","01:10:06","1","00:00:00","01:11:52","--","--"
Running,2023-10-10 09:57:21,false,"Davis Running","1.99","152","00:19:43","133","142","1.8","170","177","9:53","9:13","--","--","0.96","0.0","--","--","--","3,362","--","--","No","00:09:49.2","2","00:19:37","00:20:21","39","46"
Running,2023-10-10 09:29:55,false,"Davis Running","3.02","226","00:21:33","161","179","3.2","175","188","7:08","5:24","--","--","1.28","0.0","--","--","--","3,730","--","--","No","00:00:01.1","12","00:21:26","00:21:33","39","46"
Running,2023-10-10 08:58:16,false,"Davis Running","2.01","151","00:16:04","144","160","2.4","175","186","8:00","7:30","7","3","1.15","0.0","--","--","--","2,810","--","--","No","00:00:03.6","3","00:16:00","00:16:10","39","46"
Running,2023-10-08 08:59:18,false,"Yolo County Running","9.01","661","01:11:14","150","165","3.6","175","205","7:54","6:41","16","13","1.16","0.0","--","--","--","12,462","--","--","No","00:00:05.5","10","01:10:58","01:22:18","13","26"
Running,2023-10-06 16:44:35,false,"San Francisco Running","1.83","142","00:18:01","133","157","2.1","167","177","9:50","8:00","129","112","0.98","0.0","--","--","--","3,046","--","--","No","00:07:30.5","2","00:17:55","00:46:28","139","236"
Running,2023-10-06 15:30:37,false,"San Francisco Running","3.74","280","00:25:28","173","183","3.5","178","194","6:49","4:50","235","235","1.33","0.0","--","--","--","4,536","--","--","No","00:05:11.5","4","00:25:23","00:25:28","101","190"
Running,2023-10-06 14:48:10,false,"Running","1.45","114","00:12:00","152","166","2.2","169","179","8:17","6:11","--","--","1.15","0.0","--","--","--","2,044","--","--","No","00:03:43.7","2","00:12:00","00:12:21","--","--"
Running,2023-10-05 09:06:43,false,"Davis Running","3.07","224","00:24:43","141","154","2.6","173","181","8:03","7:17","10","7","1.15","0.0","--","--","--","4,298","--","--","No","00:00:33.4","4","00:24:43","00:28:48","43","52"
Running,2023-10-04 09:18:16,false,"Davis Running","4.02","286","00:35:14","134","148","2.4","171","184","8:46","7:32","12","12","1.07","0.0","--","--","--","6,070","--","--","No","00:00:09.5","5","00:34:32","00:37:53","28","55"
Running,2023-10-03 10:12:37,false,"Davis Running","2.01","150","00:20:14","128","142","1.8","171","181","10:05","9:01","--","--","0.93","0.0","--","--","--","3,466","--","--","No","00:00:03.0","3","00:20:13","00:22:29","39","46"
Running,2023-10-03 09:31:35,false,"Davis Running","2.95","223","00:24:44","145","174","2.9","139","201","8:22","4:05","4","6","1.30","0.0","--","--","--","3,672","--","--","No","00:00:36.1","15","00:19:35","00:28:23","39","46"
Running,2023-10-03 09:05:51,false,"Davis Running","2.01","147","00:15:58","143","156","2.3","174","212","7:58","7:12","7","3","1.16","0.0","--","--","--","2,788","--","--","No","00:00:02.3","3","00:15:58","00:16:04","39","46"
Running,2023-10-01 09:37:43,false,"Solano County Running","9.01","678","01:07:32","158","184","4.0","176","189","7:30","6:55","58","55","1.22","0.0","--","--","--","11,876","--","--","No","00:00:02.5","10","01:07:13","01:12:36","34","72"
Running,2023-09-30 10:25:37,false,"Davis Running","7.03","515","00:55:28","149","164","3.3","175","182","7:54","7:20","8","8","1.17","0.0","--","--","--","9,698","--","--","No","00:00:13.2","8","00:55:13","01:01:41","49","69"
Running,2023-09-29 09:11:15,false,"Yolo County Running","2.01","154","00:17:52","142","154","2.2","173","184","8:54","7:50","7","10","1.04","0.0","--","--","--","3,124","--","--","No","00:00:02.9","3","00:17:30","00:20:50","49","56"
Running,2023-09-29 08:34:50,false,"Yolo County Running","3.95","283","00:26:07","164","187","3.5","164","190","6:37","5:36","3","3","1.54","0.0","--","--","--","4,428","--","--","No","00:00:00.4","8","00:25:50","00:26:07","49","52"
Running,2023-09-29 08:03:48,false,"Yolo County Running","2.01","145","00:16:22","138","160","2.2","172","182","8:09","7:34","7","10","1.15","0.0","--","--","--","2,832","--","--","No","00:00:03.7","3","00:16:03","00:19:45","49","56"
Running,2023-09-28 08:37:19,false,"Davis Running","6.01","422","00:48:42","140","153","2.9","174","184","8:06","7:33","13","13","1.14","0.0","--","--","--","8,528","--","--","No","00:00:02.4","7","00:48:24","01:00:25","43","52"
Running,2023-09-27 07:26:30,false,"Davis Running","7.02","489","00:54:38","142","153","3.1","175","186","7:47","7:10","20","20","1.18","0.0","--","--","--","9,620","--","--","No","00:00:08.3","8","00:54:18","01:00:29","46","59"
Running,2023-09-26 09:51:54,false,"Davis Running","2.23","179","00:19:51","149","157","2.4","175","186","8:54","8:14","6","7","1.03","0.0","--","--","--","3,478","--","--","No","00:01:59.3","3","00:19:46","00:20:07","36","43"
Running,2023-09-26 09:17:37,false,"Davis Running","3.79","270","00:28:15","159","185","3.1","152","202","7:28","4:35","--","--","1.38","0.0","--","--","--","4,464","--","--","No","00:00:00.4","12","00:24:40","00:28:15","39","46"
Running,2023-09-26 08:44:56,false,"Davis Running","2.01","152","00:15:50","148","160","2.4","178","187","7:53","7:28","7","3","1.14","0.0","--","--","--","2,826","--","--","No","00:00:02.3","3","00:15:48","00:16:02","38","46"
Running,2023-09-24 09:02:19,false,"Davis Running","12.01","924","01:29:32","168","193","4.7","177","188","7:27","6:19","21","23","1.22","0.0","--","--","--","15,876","--","--","No","00:00:02.9","13","01:29:19","01:37:24","43","52"
Running,2023-09-23 10:11:56,false,"Davis Running","7.01","520","00:56:06","149","163","3.3","175","184","8:00","7:22","16","16","1.15","0.0","--","--","--","9,852","--","--","No","00:00:04.0","8","00:55:52","01:04:07","46","59"
Running,2023-09-22 08:58:45,false,"Lane County Running","6.12","433","00:48:10","142","162","3.2","174","184","7:52","6:55","230","230","1.18","0.0","--","--","--","8,380","--","--","No","00:00:54.4","7","00:47:58","00:50:23","839","923"
Running,2023-09-21 10:41:00,false,"Eugene Running","7.51","577","00:57:19","161","186","4.0","175","188","7:38","5:18","113","113","1.20","0.0","--","--","--","10,076","--","--","No","00:00:02.6","16","00:57:09","01:02:03","396","445"
Running,2023-09-19 09:30:20,false,"Davis Running","2.52","202","00:23:13","145","156","2.3","176","185","9:13","7:58","22","3","0.99","0.0","--","--","--","4,086","--","--","No","00:04:26.7","3","00:20:35","00:23:19","24","46"
Running,2023-09-19 08:56:47,false,"Davis Running","3.52","244","00:23:05","166","183","3.3","181","198","6:33","4:38","--","--","1.35","0.0","--","--","--","4,176","--","--","No","00:00:00.9","12","00:22:54","00:24:19","39","46"
Running,2023-09-19 08:24:20,false,"Davis Running","2.01","151","00:16:10","140","157","2.3","176","187","8:03","7:29","7","3","1.13","0.0","--","--","--","2,860","--","--","No","00:00:04.8","3","00:16:05","00:16:16","38","46"
Running,2023-09-18 08:27:37,false,"Solano County Running","5.02","355","00:40:32","140","154","2.8","178","187","8:05","7:28","83","80","1.12","0.0","--","--","--","7,232","--","--","No","00:00:07.1","6","00:40:17","00:42:08","38","62"
Running,2023-09-17 08:25:24,false,"Davis Running","9.01","658","01:15:20","143","158","3.2","177","187","8:22","7:09","18","20","1.09","0.0","--","--","--","13,302","--","--","No","00:00:04.5","10","01:14:54","01:20:27","39","52"
Running,2023-09-16 09:08:58,false,"Yolo County Running","6.02","427","00:48:26","142","158","3.0","174","187","8:02","7:37","7","7","1.15","0.0","--","--","--","8,534","--","--","No","00:00:09.9","7","00:47:42","00:59:51","49","59"
Running,2023-09-15 19:03:06,false,"Davis Running","1.45","110","00:16:32","122","143","1.1","155","199","11:25","6:51","--","--","0.91","0.0","--","--","--","2,648","--","--","No","00:05:03.0","2","00:15:57","00:35:41","39","43"
Running,2023-09-15 17:30:16,false,"Davis Running","1.64","129","00:13:02","159","174","2.4","172","179","7:58","7:18","--","--","1.18","0.0","--","--","--","2,246","--","--","No","00:05:07.1","2","00:13:02","00:13:33","39","43"
Running,2023-09-14 08:27:26,false,"Davis Running","4.01","293","00:32:23","143","156","2.8","176","186","8:05","7:25","10","7","1.13","0.0","--","--","--","5,682","--","--","No","00:00:03.0","5","00:32:16","00:33:24","33","46"
Running,2023-09-13 08:31:52,false,"Solano County Running","5.01","364","00:40:51","143","158","2.9","176","184","8:09","7:29","46","44","1.12","0.0","--","--","--","7,196","--","--","No","00:00:05.9","6","00:40:44","00:43:10","38","69"
Running,2023-09-12 09:25:46,false,"Yolo County Running","2.50","189","00:28:23","126","146","1.5","170","186","11:20","9:57","26","22","0.84","0.0","--","--","--","4,836","--","--","No","00:05:26.2","3","00:28:17","00:32:42","42","56"
Running,2023-09-12 09:06:18,false,"Yolo County Running","2.31","163","00:16:03","157","175","2.9","179","198","6:56","4:34","29","35","1.28","0.0","--","--","--","2,880","--","--","No","00:01:27.8","9","00:16:01","00:16:03","41","62"
Running,2023-09-12 08:30:34,false,"Yolo County Running","2.02","148","00:16:10","144","162","2.3","174","186","7:59","7:22","21","3","1.16","0.0","--","--","--","2,820","--","--","No","00:00:10.4","3","00:16:01","00:16:36","43","72"
Running,2023-09-10 08:34:24,false,"Sacramento County Running","10.01","735","01:13:35","161","186","4.4","179","190","7:21","5:51","145","145","1.22","0.0","--","--","--","13,180","--","--","No","00:00:10.0","11","01:13:18","01:18:20","34","71"
Running,2023-09-09 08:50:59,false,"Yolo County Running","6.04","451","00:49:10","148","166","3.1","174","184","8:08","7:26","16","16","1.14","0.0","--","--","--","8,628","--","--","No","00:00:19.1","7","00:48:37","00:56:38","49","59"
Running,2023-09-08 09:45:14,false,"Davis Running","1.50","117","00:17:14","125","138","1.1","172","185","11:28","10:27","--","--","0.82","0.0","--","--","--","2,980","--","--","No","00:05:52.6","2","00:17:11","00:18:08","39","46"
Running,2023-09-08 08:45:56,false,"Davis Running","5.48","413","00:40:35","158","184","3.7","158","193","7:25","5:14","5","4","1.33","0.0","--","--","--","6,604","--","--","No","00:01:22.4","13","00:36:10","00:40:35","39","46"
Running,2023-09-08 08:10:04,false,"Davis Running","2.01","154","00:16:05","150","169","2.5","175","186","8:01","7:26","7","3","1.15","0.0","--","--","--","2,826","--","--","No","00:00:02.9","3","00:15:54","00:16:30","38","46"
Running,2023-09-07 08:43:55,false,"Davis Running","5.02","367","00:41:32","141","151","2.9","176","186","8:16","7:33","15","15","1.10","0.0","--","--","--","7,294","--","--","No","00:00:11.3","6","00:41:22","00:47:47","26","46"
Running,2023-09-06 08:23:43,false,"Solano County Running","7.01","512","00:56:11","145","161","3.3","175","185","8:01","7:20","45","45","1.15","0.0","--","--","--","9,838","--","--","No","00:00:03.5","8","00:55:57","01:03:39","30","62"
Running,2023-09-05 09:31:23,false,"Yolo County Running","3.01","239","00:26:11","149","176","2.8","174","189","8:42","7:49","11","5","1.06","0.0","--","--","--","4,574","--","--","No","00:00:04.2","4","00:26:03","00:39:56","16","23"
Running,2023-09-05 09:03:59,false,"Yolo County Running","3.00","217","00:18:50","178","190","3.5","181","190","6:16","5:24","--","6","1.42","0.0","--","--","--","3,406","--","--","No","00:00:01.1","4","00:18:45","00:18:50","16","26"
Running,2023-09-05 08:33:36,false,"Yolo County Running","2.00","153","00:15:30","151","164","2.6","174","184","7:46","7:26","21","14","1.19","0.0","--","--","--","2,718","--","--","No","00:07:42.4","2","00:15:26","00:15:39","8","27"
Running,2023-09-03 06:58:37,false,"San Luis Obispo County Running","6.07","498","00:53:24","152","179","3.5","174","190","8:47","6:12","444","426","1.05","0.0","--","--","--","9,364","--","--","No","00:00:40.2","7","00:52:49","00:57:13","1,305","1,526"
Running,2023-09-02 08:47:47,false,"San Luis Obispo County Running","11.09","823","01:27:28","150","182","4.1","175","186","7:53","6:42","308","449","1.16","0.0","--","--","--","15,332","--","--","No","00:00:38.7","12","01:27:15","01:36:19","1,152","1,524"
Running,2023-09-01 09:11:56,false,"San Luis Obispo County Running","6.26","484","00:47:01","163","185","4.0","173","202","7:30","5:29","250","280","1.23","0.0","--","--","--","8,158","--","--","No","00:00:57.4","14","00:46:49","00:53:00","303","385"
Running,2023-09-01 08:27:25,false,"San Luis Obispo County Running","1.87","149","00:15:52","138","168","2.3","169","182","8:30","7:05","54","55","1.12","0.0","--","--","--","2,716","--","--","No","00:07:16.8","2","00:15:44","00:39:03","310","351"
Running,2023-08-31 15:31:11,false,"San Luis Obispo County Running","5.41","403","00:41:35","154","168","3.4","172","186","7:41","6:13","88","85","1.22","0.0","--","--","--","7,168","--","--","No","00:03:21.5","6","00:41:31","00:45:04","310","347"
Cycling,2023-08-30 08:40:22,false,"Yolo County Cycling","1.22","310","01:10:18","111","139","1.2","--","--","1.0","12.8","--","0","--","0.0","--","--","--","--","--","--","No","01:10:18","1","00:36:18","01:12:34","52","75"
Running,2023-08-29 09:20:24,false,"Davis Running","1.12","89","00:13:18","133","149","0.9","168","179","11:53","7:17","--","--","0.81","0.0","--","--","--","2,248","--","--","No","00:01:24.8","2","00:13:06","00:13:18","39","46"
Running,2023-08-29 08:28:09,false,"Davis Running","5.10","389","00:38:26","166","189","3.7","156","239","7:32","5:08","3","3","1.33","0.0","--","--","--","6,264","--","--","No","00:00:00.7","14","00:35:09","00:38:27","39","46"
Running,2023-08-29 07:54:20,false,"Davis Running","2.00","156","00:16:35","146","160","2.5","174","186","8:17","7:21","--","1","1.11","0.0","--","--","--","2,912","--","--","No","00:00:02.2","3","00:16:26","00:16:47","39","46"
Running,2023-08-27 08:04:37,false,"Yolo County Running","10.04","758","01:18:06","161","184","4.4","179","188","7:47","6:13","13","13","1.15","0.0","--","--","--","13,974","--","--","No","00:00:06.8","12","01:17:54","01:23:42","13","26"
Running,2023-08-26 09:22:21,false,"Yolo County Running","4.03","301","00:32:30","148","166","3.0","178","188","8:04","7:33","7","7","1.12","0.0","--","--","--","5,800","--","--","No","00:00:15.3","5","00:32:10","00:37:14","49","111"
Running,2023-08-25 09:14:07,false,"Davis Running","1.51","119","00:15:21","132","147","1.8","178","190","10:10","8:38","--","--","0.89","0.0","--","--","--","2,738","--","--","No","00:04:56.6","2","00:15:17","00:15:48","39","46"
Running,2023-08-25 08:32:05,false,"Davis Running","4.06","284","00:35:18","148","185","3.1","130","194","8:41","5:11","3","6","1.36","0.0","--","--","--","4,986","--","--","No","00:01:17.4","15","00:30:14","00:37:54","39","46"
Running,2023-08-25 07:58:21,false,"Davis Running","1.51","117","00:12:33","140","152","2.2","180","188","8:20","7:49","--","--","1.07","0.0","--","--","--","2,260","--","--","No","00:04:08.2","2","00:12:32","00:12:33","39","46"
Running,2023-08-24 11:01:45,false,"Marin County Running","5.01","370","00:39:08","149","165","3.1","179","216","7:49","6:57","202","203","1.15","0.0","--","--","--","6,998","--","--","No","00:00:03.4","6","00:38:57","00:43:06","19","149"
Elliptical,2023-08-23 16:58:40,false,"Elliptical","0.00","118","00:20:02","120","134","0.8","117","155","--","--","--","--","0.00","0.0","--","--","--","2,632","--","--","No","00:20:02","1","00:00:00","00:20:02","--","--"
Running,2023-08-23 08:28:51,false,"Solano County Running","5.02","381","00:40:21","150","166","3.1","179","188","8:02","7:13","12","13","1.12","0.0","--","--","--","7,252","--","--","No","00:00:10.4","6","00:40:13","00:48:04","30","59"
Running,2023-08-22 08:55:52,false,"Yolo County Running","1.51","126","00:14:15","151","160","2.2","176","186","9:25","8:32","20","--","0.97","0.0","--","--","--","2,528","--","--","No","00:04:41.8","2","00:13:57","00:14:48","3","26"
Running,2023-08-22 08:32:49,false,"Yolo County Running","3.00","224","00:20:27","173","189","3.3","180","190","6:48","5:38","--","4","1.31","0.0","--","--","--","3,698","--","--","No","00:00:01.7","4","00:20:21","00:20:27","16","26"
Running,2023-08-22 08:04:20,false,"Yolo County Running","2.00","154","00:15:48","155","165","2.6","175","182","7:53","7:26","20","16","1.17","0.0","--","--","--","2,774","--","--","No","00:00:01.7","3","00:15:42","00:15:58","8","27"
Indoor Cycling,2023-08-20 12:12:39,false,"Indoor Cycling","0.00","254","00:40:10","125","162","2.3","--","--","--","--","--","--","--","0.0","--","--","--","--","--","--","No","00:40:10","1","00:00:00","00:43:17","--","--"
Running,2023-08-20 08:00:20,false,"Davis Running","6.01","446","00:48:20","148","160","3.2","175","187","8:03","7:19","10","13","1.14","0.0","--","--","--","8,576","--","--","No","00:00:03.7","7","00:47:56","00:51:00","46","52"
Indoor Cycling,2023-08-19 11:44:09,false,"Indoor Cycling","0.00","224","01:00:02","100","172","1.1","--","--","--","--","--","--","--","0.0","--","--","--","--","--","--","No","01:00:02","1","00:00:00","01:00:46","--","--"
Elliptical,2023-08-18 16:51:08,false,"Elliptical","0.00","318","00:45:02","140","171","3.0","114","159","--","--","--","--","0.00","0.0","--","--","--","5,944","--","--","No","00:01:29.3","7","00:00:00","00:45:02","--","--"
Running,2023-08-18 08:06:12,false,"Davis Running","3.52","275","00:28:28","152","165","3.0","177","186","8:06","7:20","7","7","1.13","0.0","--","--","--","5,048","--","--","No","00:04:11.5","4","00:28:22","00:34:26","38","46"
Pool Swim,2023-08-17 15:52:31,false,"Pool Swimming","900","112","00:20:27","111","140","0.5","--","--","2:05","0:50","--","--","--","0.0","492","45","26","--","--","--","No","00:20:27","1","00:18:47","00:45:40","--","--"
Indoor Cycling,2023-08-17 09:34:20,false,"Indoor Cycling","0.00","226","01:00:01","105","131","0.7","--","--","--","--","--","--","--","0.0","--","--","--","--","--","--","No","01:00:01","1","00:00:00","01:00:01","--","--"
Indoor Cycling,2023-08-16 09:04:47,false,"Indoor Cycling","0.00","137","00:35:00","104","125","0.6","--","--","--","--","--","--","--","0.0","--","--","--","--","--","--","No","00:35:00","1","00:00:00","00:35:00","--","--"
Running,2023-08-16 08:11:55,false,"Davis Running","3.07","222","00:25:15","142","163","2.6","176","192","8:13","7:21","--","3","1.11","0.0","--","--","--","4,476","--","--","No","00:00:39.9","4","00:24:57","00:29:25","39","49"
Indoor Cycling,2023-08-15 14:33:02,false,"Indoor Cycling","0.00","360","01:15:38","113","161","2.4","--","--","--","--","--","--","--","0.0","--","--","--","--","--","--","No","01:15:38","1","00:00:00","01:16:08","--","--"
Pool Swim,2023-08-13 14:38:51,false,"Pool Swimming","3,250","433","01:00:52","106","129","0.8","--","--","1:51","0:39","--","--","--","0.0","1597","40","27","--","--","--","No","00:08:51.9","4","01:00:10","01:10:42","--","--"
Running,2023-08-12 08:14:37,false,"Rancho Cucamonga Running","5.00","379","00:42:01","151","164","2.9","177","194","8:24","7:44","141","141","1.08","0.0","--","--","--","7,554","--","--","No","00:00:01.9","6","00:41:15","00:53:31","1,270","1,407"
Running,2023-08-10 15:37:35,false,"Upland Running","5.01","392","00:42:47","152","166","3.1","178","188","8:33","7:44","110","125","1.06","0.0","--","--","--","7,596","--","--","No","00:00:02.3","6","00:42:45","00:50:45","1,556","1,609"
Pool Swim,2023-08-09 14:48:47,false,"Pool Swimming","1,000","138","00:17:00","90","122","0.1","--","--","1:42","0:53","--","--","--","0.0","359","34","21","--","--","--","No","00:00:53.8","9","00:17:00","01:08:10","--","--"
Running,2023-08-09 08:02:34,false,"Claremont Running","5.01","384","00:43:11","146","164","3.1","180","194","8:37","7:26","410","411","1.04","0.0","--","--","--","7,806","--","--","No","00:00:03.5","6","00:42:57","00:48:02","1,461","1,839"
Running,2023-08-08 08:48:28,false,"Chino Running","1.35","110","00:13:11","142","154","2.0","175","186","9:46","8:20","16","--","0.94","0.0","--","--","--","2,332","--","--","No","00:03:07.8","2","00:13:04","00:15:51","643","666"
Running,2023-08-08 07:54:23,false,"Chino Running","6.34","460","00:45:01","161","189","3.8","177","228","7:06","6:17","41","56","1.28","0.0","--","--","--","7,986","--","--","No","00:02:10.6","7","00:44:58","00:49:12","643","673"
Running,2023-08-06 06:48:43,false,"Claremont Running","11.01","815","01:25:51","155","173","3.9","177","187","7:48","6:49","278","289","1.17","0.0","--","--","--","15,170","--","--","No","00:00:02.6","12","01:25:26","01:29:13","1,174","1,260"
Treadmill Running,2023-08-05 12:03:05,false,"Treadmill Running","6.50","486","00:55:41","148","171","3.1","169","176","8:34","9:27","--","--","0.96","0.0","--","--","--","9,410","--","--","No","00:05:58.2","6","00:55:40","01:05:13","--","--"
Running,2023-08-04 19:50:25,false,"Brea Running","2.01","159","00:18:15","146","153","2.2","176","186","9:05","8:33","3","--","1.01","0.0","--","--","--","3,230","--","--","No","00:00:05.2","3","00:18:07","00:19:16","337","348"
Running,2023-08-04 19:25:37,false,"Brea Running","3.47","243","00:22:02","172","186","3.4","179","186","6:20","5:59","--","--","1.42","0.0","--","--","--","3,942","--","--","No","00:03:00.2","4","00:22:00","00:22:02","337","348"
Running,2023-08-04 18:57:48,false,"Brea Running","2.01","147","00:16:37","143","152","2.2","175","184","8:16","7:44","8","2","1.11","0.0","--","--","--","2,924","--","--","No","00:00:03.7","3","00:16:33","00:17:03","330","348"
Pool Swim,2023-08-04 15:23:53,false,"Pool Swimming","900","144","00:15:02","89","123","0.1","--","--","1:32","0:47","--","--","--","0.0","327","32","24","--","--","--","No","00:15:02","1","00:13:47","00:15:48","--","--"
Running,2023-08-03 18:33:13,false,"Upland Running","3.01","231","00:24:03","151","163","2.9","179","188","8:00","7:17","44","47","1.13","0.0","--","--","--","4,278","--","--","No","00:00:03.0","4","00:24:01","00:24:38","1,556","1,610"
Running,2023-08-03 07:45:20,false,"Upland Running","6.06","463","00:51:36","146","166","3.2","179","188","8:31","7:30","127","131","1.06","0.0","--","--","--","9,238","--","--","No","00:00:29.5","7","00:51:28","00:52:03","1,556","1,613"
Running,2023-08-02 18:28:19,false,"Fontana Running","8.00","611","01:08:10","150","164","3.3","176","186","8:31","7:36","274","273","1.07","0.0","--","--","--","12,086","--","--","No","00:00:01.5","9","01:07:28","01:13:28","1,467","1,619"
Running,2023-08-01 17:48:48,false,"Rancho Cucamonga Running","8.00","589","01:06:39","149","180","3.4","172","210","8:20","6:44","252","250","1.12","0.0","--","--","--","11,604","--","--","No","00:00:02.2","9","01:05:40","01:34:48","1,270","1,407"
Running,2023-07-30 08:26:10,false,"Solana Beach Running","11.02","798","01:26:58","150","166","3.6","177","188","7:54","7:19","199","184","1.15","0.0","--","--","--","15,472","--","--","No","00:00:06.9","12","01:26:30","01:36:06","7","99"
Running,2023-07-29 09:09:27,false,"Oceanside Running","6.02","435","00:51:16","137","159","2.9","174","187","8:31","7:29","118","110","1.09","0.0","--","--","--","8,972","--","--","No","00:00:06.7","7","00:50:42","01:00:11","13","59"
Running,2023-07-28 07:57:25,false,"Ontario Running","2.58","199","00:24:49","141","151","2.1","173","182","9:38","8:07","20","15","0.97","0.0","--","--","--","4,318","--","--","No","00:05:22.8","3","00:24:26","00:35:28","1,109","1,122"
Running,2023-07-28 07:35:19,false,"2 x 9 min tempo","2.93","212","00:20:05","166","187","3.1","167","222","6:52","5:33","34","39","1.44","0.0","--","--","--","3,494","--","--","No","00:02:00.5","5","00:20:03","00:20:05","1,109","1,122"
Running,2023-07-28 07:16:14,false,"Ontario Running","1.51","107","00:11:42","141","157","2.1","179","188","7:45","6:54","--","--","1.16","0.0","--","--","--","2,082","--","--","No","00:03:47.4","2","00:11:41","00:11:42","1,109","1,122"
Running,2023-07-27 06:57:11,false,"Rancho Cucamonga Running","8.25","601","01:08:17","147","158","3.3","175","188","8:16","5:51","382","368","1.11","0.0","--","--","--","12,030","--","--","No","00:01:33.7","9","01:07:47","01:22:53","1,534","1,626"
Treadmill Running,2023-07-26 13:56:44,false,"Treadmill Running","8.00","583","01:05:52","151","176","3.3","167","176","8:14","9:33","--","--","0.96","0.0","--","--","--","10,988","--","--","No","00:05:39.9","7","01:05:51","01:16:19","--","--"
Treadmill Running,2023-07-25 18:06:02,false,"Treadmill Running","7.00","411","00:41:50","159","183","3.6","170","180","5:59","6:50","--","--","0.96","0.0","--","--","--","7,092","--","--","No","00:01:59.4","5","00:41:49","00:41:50","--","--"
Treadmill Running,2023-07-24 12:46:24,false,"Treadmill Running","4.05","303","00:33:31","149","173","3.0","167","171","8:17","9:45","--","--","0.95","0.0","--","--","--","5,588","--","--","No","00:02:58.8","4","00:33:29","00:33:31","--","--"
Running,2023-07-22 07:17:26,false,"Upland Running","10.01","726","01:15:38","156","187","4.0","176","188","7:33","6:45","243","244","1.22","0.0","--","--","--","13,372","--","--","No","00:00:04.7","11","01:14:22","01:31:13","1,232","1,407"
Running,2023-07-21 07:07:11,false,"Upland Running","8.01","593","01:05:36","147","165","3.4","176","187","8:11","7:03","123","132","1.12","0.0","--","--","--","11,570","--","--","No","00:00:03.7","9","01:05:08","01:14:06","1,556","1,612"
Running,2023-07-20 07:45:04,false,"Ontario Running","4.53","350","00:41:45","147","161","2.9","174","184","9:13","7:12","44","55","1.00","0.0","--","--","--","7,286","--","--","No","00:05:56.3","5","00:41:33","00:48:12","1,097","1,122"
Running,2023-07-20 07:23:50,false,"Ontario Running","2.97","215","00:20:04","166","185","3.1","178","186","6:46","6:18","28","29","1.34","0.0","--","--","--","3,566","--","--","No","00:06:30.4","3","00:20:02","00:20:04","1,109","1,122"
Running,2023-07-20 07:14:37,false,"Ontario Running","0.58","43","00:05:06.4","137","148","1.0","171","177","8:46","8:07","--","--","1.07","0.0","--","--","--","886","--","--","No","00:05:06.4","1","00:05:06","00:05:06.4","1,109","1,122"
Running,2023-07-19 07:15:36,false,"Claremont Running","8.12","623","01:13:58","147","178","3.4","171","216","9:07","4:16","1,106","1,103","1.03","0.0","--","--","--","12,776","--","--","No","00:00:35.6","9","01:12:27","01:27:40","1,486","2,482"
Elliptical,2023-07-18 09:16:58,false,"Elliptical","0.00","236","00:40:05","124","143","1.5","129","156","--","--","--","--","0.00","0.0","--","--","--","5,282","--","--","No","00:40:05","1","00:00:00","00:40:05","--","--"
Running,2023-07-18 07:43:09,false,"Ontario Running","1.65","131","00:14:03","153","164","2.3","175","184","8:32","7:40","32","30","1.08","0.0","--","--","--","2,470","--","--","No","00:05:26.4","2","00:13:54","00:15:33","1,109","1,122"
Running,2023-07-18 06:58:29,false,"Ontario Running","5.51","416","00:40:02","166","183","3.9","176","186","7:16","6:47","3","9","1.26","0.0","--","--","--","7,030","--","--","No","00:03:33.5","6","00:40:00","00:40:02","1,109","1,122"
Running,2023-07-16 06:52:58,false,"Claremont Running","10.01","701","01:15:23","150","167","3.7","174","190","7:32","6:35","121","124","1.23","0.0","--","--","--","13,186","--","--","No","00:00:04.2","11","01:13:05","01:24:35","1,182","1,259"
Running,2023-07-15 07:56:28,false,"Walnut Running","6.03","444","00:48:34","148","163","3.2","175","194","8:03","6:47","463","466","1.15","0.0","--","--","--","8,496","--","--","No","00:00:15.1","7","00:48:18","00:55:44","718","867"
Elliptical,2023-07-14 16:22:11,false,"Elliptical","0.00","194","00:30:04","127","151","1.4","135","157","--","--","--","--","0.00","0.0","--","--","--","4,164","--","--","No","00:30:04","1","00:00:00","00:30:04","--","--"
Running,2023-07-14 09:21:15,false,"Irvine Running","1.27","101","00:11:16","151","161","2.0","174","184","8:54","7:30","34","--","1.04","0.0","--","--","--","1,980","--","--","No","00:02:22.9","2","00:11:05","00:12:05","7","47"
Running,2023-07-14 08:42:45,false,"Irvine Running","4.83","354","00:35:02","160","187","3.6","177","186","7:15","6:16","24","64","1.25","0.0","--","--","--","6,116","--","--","No","00:05:38.5","5","00:35:00","00:36:16","7","56"
Running,2023-07-13 08:46:41,false,"Irvine Running","6.20","468","00:47:01","161","181","3.8","176","196","7:35","4:57","78","79","1.21","0.0","--","--","--","8,268","--","--","No","00:01:08.5","7","00:46:45","00:52:13","-36","56"
Running,2023-07-12 11:46:54,false,"Irvine Running","6.01","484","00:49:15","162","182","3.7","174","184","8:12","7:28","49","61","1.13","0.0","--","--","--","8,614","--","--","No","00:00:02.7","7","00:49:01","00:51:52","7","37"
Running,2023-07-11 17:55:12,false,"Irvine Running","7.01","512","00:56:06","150","182","3.4","173","188","8:00","7:12","166","255","1.16","0.0","--","--","--","9,782","--","--","No","00:00:06.0","8","00:55:35","01:15:12","-7","204"
Running,2023-07-09 06:49:24,false,"Claremont Running","9.01","650","01:07:45","153","173","3.7","175","188","7:31","6:26","127","132","1.22","0.0","--","--","--","11,892","--","--","No","00:00:03.2","10","01:07:20","01:14:22","1,182","1,259"
Treadmill Running,2023-07-08 09:37:02,false,"Treadmill Running","2.85","195","00:28:40","131","139","1.9","170","176","10:04","9:27","--","--","0.94","0.0","--","--","--","4,870","--","--","No","00:08:41.2","3","00:28:40","00:28:40","--","--"
Running,2023-07-07 07:53:03,false,"La Verne Running","8.29","611","01:03:37","153","168","3.7","177","188","7:40","6:49","560","547","1.18","0.0","--","--","--","11,266","--","--","No","00:02:03.9","9","01:03:24","01:07:08","938","1,058"
Treadmill Running,2023-07-06 12:32:39,false,"Treadmill Running","7.00","530","00:58:02","152","175","3.5","172","178","8:17","9:16","--","--","0.95","0.0","--","--","--","9,986","--","--","No","00:08:51.2","6","00:58:01","01:01:26","--","--"
Running,2023-07-05 18:06:23,false,"Irvine Running","4.26","309","00:35:07","147","179","2.9","171","184","8:14","6:50","153","175","1.14","0.0","--","--","--","6,072","--","--","No","00:02:18.8","5","00:34:11","00:44:15","63","149"
Elliptical,2023-07-04 16:56:44,false,"Elliptical","0.00","137","00:35:01","105","129","0.6","25","158","--","--","--","--","0.00","0.0","--","--","--","960","--","--","No","00:35:01","1","00:00:00","00:38:08","--","--"
Running,2023-07-04 10:42:10,false,"Irvine Running","0.51","40","00:04:23.2","144","160","1.3","167","181","8:39","7:20","41","--","1.11","0.0","--","--","--","750","--","--","No","00:04:23.2","1","00:04:12","00:04:57.2","147","205"
Running,2023-07-04 10:18:51,false,"Irvine Running ","2.81","203","00:20:02","158","180","3.0","175","179","7:07","6:29","121","162","1.29","0.0","--","--","--","3,522","--","--","No","00:05:26.8","3","00:20:00","00:20:02","127","171"
Running,2023-07-02 07:21:31,false,"Claremont Running","9.01","671","01:09:36","156","185","4.0","175","186","7:44","6:47","485","488","1.19","0.0","--","--","--","12,236","--","--","No","00:00:03.4","10","01:09:14","01:13:14","1,170","1,490"
Running,2023-07-01 07:22:36,false,"Fontana Running","5.01","361","00:39:55","144","160","3.0","177","186","7:58","7:07","65","54","1.14","0.0","--","--","--","7,056","--","--","No","00:00:03.3","6","00:39:47","00:44:57","1,302","1,368"
Treadmill Running,2023-06-30 11:48:13,false,"Treadmill Running","5.00","370","00:40:49","149","167","3.2","170","176","8:10","7:50","--","--","0.95","0.0","--","--","--","6,942","--","--","No","00:00:57.8","5","00:40:47","00:40:49","--","--"
Running,2023-06-29 08:10:57,false,"Upland Running","6.19","458","00:49:59","147","166","3.4","176","228","8:05","4:56","131","115","1.14","0.0","--","--","--","8,812","--","--","No","00:01:05.0","7","00:49:43","00:57:42","1,556","1,625"
Running,2023-06-28 08:38:12,false,"Upland Running","5.01","359","00:39:37","144","166","3.1","175","184","7:54","7:22","79","92","1.16","0.0","--","--","--","6,984","--","--","No","00:00:04.0","6","00:39:16","00:47:39","1,230","1,327"
Running,2023-06-27 09:55:48,false,"Upland Running","6.01","458","00:49:35","151","176","3.4","175","198","8:15","6:57","335","312","1.11","0.0","--","--","--","8,736","--","--","No","00:00:03.1","7","00:49:05","00:57:26","1,312","1,618"
Running,2023-06-25 08:07:28,false,"Fontana Running","8.01","586","00:59:38","156","172","3.8","177","186","7:27","6:49","83","71","1.22","0.0","--","--","--","10,568","--","--","No","00:00:02.0","9","00:59:23","01:03:38","1,302","1,374"
Running,2023-06-24 08:42:17,false,"Claremont Running","4.01","299","00:34:09","140","158","2.9","176","184","8:32","7:16","113","132","1.07","0.0","--","--","--","6,010","--","--","No","00:00:02.6","5","00:34:05","00:34:09","1,171","1,224"
Running,2023-06-23 09:07:55,false,"Upland Running","7.00","502","00:56:11","145","155","3.3","174","187","8:01","7:09","249","262","1.15","0.0","--","--","--","9,882","--","--","No","00:00:01.1","8","00:55:43","01:02:03","1,299","1,528"
Running,2023-06-22 07:51:32,false,"Upland Running","6.02","448","00:46:37","153","169","3.6","176","187","7:44","6:36","334","331","1.18","0.0","--","--","--","8,202","--","--","No","00:00:10.0","7","00:46:22","00:53:31","1,312","1,620"
Running,2023-06-21 08:12:39,false,"Claremont Running","5.01","365","00:40:36","144","163","3.1","174","184","8:06","7:10","333","330","1.14","0.0","--","--","--","7,056","--","--","No","00:00:03.4","6","00:40:11","00:45:02","1,311","1,654"
Running,2023-06-20 09:28:30,false,"Upland Running","6.01","430","00:48:22","143","168","3.2","175","186","8:03","6:56","120","131","1.14","0.0","--","--","--","8,476","--","--","No","00:00:01.9","7","00:48:03","00:58:02","1,232","1,310"
Running,2023-06-18 11:34:46,false,"Upland Running","7.01","534","00:54:14","160","182","4.0","174","184","7:44","6:59","126","180","1.19","0.0","--","--","--","9,482","--","--","No","00:00:02.3","8","00:54:06","00:58:37","1,230","1,331"
Running,2023-06-17 09:56:34,false,"Davis Running","6.01","465","00:47:21","157","177","3.7","178","191","7:53","7:11","7","10","1.15","0.0","--","--","--","8,452","--","--","No","00:00:04.2","7","00:46:56","00:49:10","11","59"
Elliptical,2023-06-16 10:50:37,false,"Elliptical","0.00","184","00:30:03","125","142","1.4","140","161","--","--","--","--","0.00","0.0","--","--","--","4,440","--","--","No","00:30:03","1","00:00:00","00:30:03","--","--"
Running,2023-06-16 09:17:01,false,"Yolo County Running","6.01","451","00:47:18","154","182","3.4","177","185","7:52","7:12","10","10","1.15","0.0","--","--","--","8,370","--","--","No","00:00:05.3","7","00:47:15","00:52:20","49","62"
Pool Swim,2023-06-15 12:03:12,false,"Pool Swimming","1,325","194","00:30:04","125","181","2.4","--","--","1:42","0:51","--","--","--","0.0","560","36","25","--","--","--","No","00:01:11.3","4","00:22:36","00:36:24","--","--"
Running,2023-06-15 11:12:39,false,"Davis Running","2.00","149","00:16:09","147","160","2.5","175","184","8:04","7:23","--","--","1.14","0.0","--","--","--","2,822","--","--","No","00:00:01.4","3","00:16:07","00:16:09","49","52"
Running,2023-06-14 09:25:33,false,"Yolo County Running","5.01","387","00:41:14","149","162","3.3","177","189","8:14","7:29","7","9","1.11","0.0","--","--","--","7,298","--","--","No","00:00:09.3","6","00:41:14","00:41:15","46","59"
Running,2023-06-13 08:54:11,false,"Yolo County Running","5.06","378","00:39:12","150","166","3.4","177","186","7:45","6:55","14","14","1.18","0.0","--","--","--","6,972","--","--","No","00:00:26.0","6","00:38:57","00:41:47","43","52"
Running,2023-06-11 09:26:42,false,"Yolo County Running","7.00","526","00:57:19","147","169","3.4","177","188","8:11","7:08","25","28","1.11","0.0","--","--","--","10,168","--","--","No","00:00:01.2","8","00:57:13","01:02:13","30","62"
Running,2023-06-10 12:56:24,false,"Davis Running","5.01","371","00:38:55","154","175","3.4","176","189","7:46","7:02","7","7","1.18","0.0","--","--","--","6,860","--","--","No","00:00:02.4","6","00:38:33","00:43:29","49","59"
Pool Swim,2023-06-08 12:05:05,false,"Pool Swimming","1,600","210","00:30:06","120","147","1.4","--","--","1:53","0:54","--","--","--","0.0","859","42","29","--","--","--","No","00:00:56.4","9","00:30:06","01:02:51","--","--"
Running,2023-05-17 09:26:09,false,"Davis Running","4.02","301","00:33:35","146","168","3.1","177","188","8:22","7:40","7","7","1.09","0.0","--","--","--","6,006","--","--","No","00:00:08.2","5","00:33:02","00:41:02","56","62"
Running,2023-05-15 18:47:05,false,"Davis Running","5.50","417","00:46:34","147","171","3.1","174","190","8:28","7:21","4","7","1.09","0.0","--","--","--","8,172","--","--","No","00:04:04.0","6","00:46:16","01:05:23","43","52"
Running,2023-05-13 08:36:45,false,"Davis Running","4.34","336","00:35:35","143","168","3.3","177","190","8:12","7:29","20","20","1.11","0.0","--","--","--","6,320","--","--","No","00:02:45.8","5","00:35:16","00:55:10","43","57"
Running,2023-05-11 10:35:58,false,"Yolo County Running","1.10","84","00:12:35","127","142","1.0","171","182","11:28","9:59","--","5","0.82","0.0","--","--","--","2,176","--","--","No","00:00:59.4","2","00:12:28","00:13:39","46","52"
Running,2023-05-11 10:06:46,false,"Yolo County Running","3.00","223","00:22:02","161","185","3.2","180","194","7:21","5:27","--","1","1.21","0.0","--","--","--","3,958","--","--","No","00:01:27.2","11","00:21:58","00:22:08","49","51"
Running,2023-05-11 09:38:13,false,"Yolo County Running","2.02","144","00:17:52","131","144","2.1","176","186","8:52","6:47","17","17","1.03","0.0","--","--","--","3,154","--","--","No","00:00:07.6","3","00:17:41","00:19:12","35","52"
Running,2023-05-09 10:47:10,false,"Yolo County Running","2.00","165","00:21:01","141","154","2.1","172","186","10:31","5:36","7","7","0.89","0.0","--","--","--","3,656","--","--","No","00:09:48.9","2","00:20:53","00:22:09","46","52"
Running,2023-05-09 10:16:02,false,"Yolo County Running","2.23","164","00:17:30","151","183","2.6","135","228","7:51","4:16","3","3","1.41","0.0","--","--","--","2,754","--","--","No","00:00:37.2","9","00:14:29","00:17:33","49","52"
Running,2023-05-09 09:44:47,false,"Yolo County Running","2.01","161","00:16:14","149","165","2.7","179","188","8:05","7:14","--","--","1.11","0.0","--","--","--","2,902","--","--","No","00:00:02.0","3","00:16:14","00:16:14","43","60"
Running,2023-05-07 09:30:21,false,"Yolo County Running","5.00","385","00:39:24","152","169","3.3","182","190","7:53","6:54","90","99","1.12","0.0","--","--","--","7,172","--","--","No","00:00:01.1","6","00:39:19","00:41:17","38","64"
Elliptical,2023-05-06 13:31:00,false,"Elliptical","0.00","164","00:40:00","106","128","0.7","118","161","--","--","--","--","0.00","0.0","--","--","--","5,664","--","--","No","00:40:00","1","00:00:00","00:40:09","--","--"
Running,2023-05-05 11:06:33,false,"Yolo County Running","5.01","368","00:40:51","148","159","3.0","178","188","8:10","7:05","7","7","1.11","0.0","--","--","--","7,292","--","--","No","00:00:02.0","6","00:40:32","00:47:23","49","59"
Running,2023-05-04 10:41:28,false,"Yolo County Running","2.01","166","00:23:32","135","151","1.8","175","186","11:44","9:39","3","3","0.78","0.0","--","--","--","4,112","--","--","No","00:00:03.7","3","00:23:28","00:24:16","49","52"
Running,2023-05-04 10:08:13,false,"Yolo County Running","2.10","194","00:22:28","146","178","2.5","100","217","10:41","3:41","--","3","1.55","0.0","--","--","--","2,886","--","--","No","00:00:33.0","15","00:17:06","00:22:28","49","52"
Running,2023-05-04 09:36:07,false,"Yolo County Running","2.04","156","00:15:57","149","163","2.6","182","190","7:48","7:16","--","--","1.13","0.0","--","--","--","2,916","--","--","No","00:00:19.8","3","00:15:56","00:16:08","49","66"
Running,2023-05-03 09:23:53,false,"Yolo County Running","6.02","446","00:46:07","152","165","3.4","181","198","7:40","6:57","6","10","1.16","0.0","--","--","--","8,400","--","--","No","00:00:07.6","7","00:45:57","00:51:31","43","52"
Running,2023-05-02 11:01:06,false,"Yolo County Running","1.01","84","00:10:01","148","169","1.7","177","190","9:56","7:30","11","--","0.92","0.0","--","--","--","1,788","--","--","No","00:00:05.4","2","00:09:45.4","00:10:01","-69","52"
Running,2023-05-02 10:35:23,false,"Yolo County Running","2.29","170","00:15:03","169","191","3.3","182","192","6:33","5:21","2","3","1.34","0.0","--","--","--","2,726","--","--","No","00:00:58.1","7","00:14:57","00:15:03","49","52"
Running,2023-05-02 10:07:40,false,"Yolo County Running","2.00","154","00:17:01","141","158","2.4","182","192","8:30","7:42","--","--","1.04","0.0","--","--","--","3,094","--","--","No","00:00:02.9","3","00:16:57","00:18:28","45","60"
Running,2023-04-29 18:51:33,false,"Davis Running","5.45","387","00:48:00","134","149","2.4","181","188","8:49","8:03","29","29","1.01","0.0","--","--","--","8,694","--","--","No","00:03:43.7","6","00:47:43","01:09:46","47","59"
Running,2023-04-28 19:01:58,false,"Yolo County Running","1.06","88","00:11:49","138","152","1.6","174","186","11:11","9:53","6","6","0.83","0.0","--","--","--","2,068","--","--","No","00:00:40.2","2","00:11:43","00:13:44","46","52"
Running,2023-04-27 09:24:59,false,"Yolo County Running","3.00","229","00:24:46","148","161","2.7","179","187","8:15","7:35","6","9","1.09","0.0","--","--","--","4,456","--","--","No","00:00:01.6","4","00:24:43","00:25:53","47","66"
Running,2023-04-26 09:04:50,false,"Davis Running","3.59","270","00:32:30","137","153","2.4","178","220","9:03","7:54","15","12","1.00","0.0","--","--","--","5,834","--","--","No","00:05:12.6","4","00:31:57","00:38:28","43","56"
Running,2023-04-25 11:04:02,false,"Yolo County Running","1.63","147","00:20:15","139","149","1.8","168","187","12:24","10:36","7","4","0.77","0.0","--","--","--","3,410","--","--","No","00:07:19.7","2","00:19:23","00:25:24","46","52"
Running,2023-04-25 10:44:27,false,"Yolo County Running","1.45","105","00:10:35","166","184","2.4","180","200","7:18","4:38","--","--","1.21","0.0","--","--","--","2,082","--","--","No","00:00:03.7","8","00:10:29","00:10:35","49","52"
Running,2023-04-25 10:15:47,false,"Yolo County Running","2.00","162","00:17:02","151","165","2.5","179","187","8:30","7:27","--","--","1.06","0.0","--","--","--","3,042","--","--","No","00:00:02.0","3","00:17:01","00:17:14","7","62"
Pool Swim,2023-04-24 12:09:52,false,"Pool Swimming","750","108","00:20:25","106","139","0.4","--","--","1:53","0:50","--","--","--","0.0","384","41","27","--","--","--","No","00:02:16.4","3","00:14:09","00:21:19","--","--"
Running,2023-04-22 09:27:23,false,"Davis Running","6.00","467","00:49:19","155","166","3.3","182","198","8:13","7:02","16","18","1.07","0.0","--","--","--","9,028","--","--","No","00:00:01.7","7","00:49:03","00:54:43","33","49"
Running,2023-04-21 10:36:36,false,"Davis Running","5.01","382","00:41:18","144","163","3.1","181","188","8:14","7:34","9","9","1.08","0.0","--","--","--","7,494","--","--","No","00:00:04.8","6","00:40:57","00:53:28","39","59"
Running,2023-04-20 11:29:34,false,"Yolo County Running","2.03","161","00:26:13","126","146","1.4","172","186","12:56","9:16","3","3","0.72","0.0","--","--","--","4,584","--","--","No","00:00:18.6","3","00:25:48","00:32:40","46","52"
Running,2023-04-20 10:48:25,false,"3x(3x300) 4mR at set ","2.33","213","00:24:20","154","188","2.6","118","212","10:25","3:58","--","3","1.26","0.0","--","--","--","3,238","--","--","No","00:00:51.6","17","00:18:30","00:24:20","49","52"
Running,2023-04-20 10:16:50,false,"Yolo County Running","2.00","162","00:16:29","156","165","2.6","183","190","8:14","7:27","--","3","1.07","0.0","--","--","--","3,018","--","--","No","00:00:01.7","3","00:16:27","00:16:32","44","61"
Running,2023-04-19 08:41:25,false,"Davis Running","5.11","373","00:42:48","141","154","2.9","180","188","8:23","7:04","20","23","1.07","0.0","--","--","--","7,742","--","--","No","00:00:55.9","6","00:42:33","00:47:13","44","66"
Running,2023-04-18 11:06:22,false,"Yolo County Running","2.05","153","00:22:41","129","144","2.0","170","187","11:04","9:29","--","--","0.85","0.0","--","--","--","3,930","--","--","No","00:00:33.6","3","00:22:14","00:25:27","46","52"
Running,2023-04-18 10:34:02,false,"Yolo County Running","2.69","193","00:19:04","163","184","3.0","181","198","7:06","4:58","--","1","1.24","0.0","--","--","--","3,574","--","--","No","00:00:02.1","14","00:18:57","00:19:04","49","51"
Running,2023-04-18 10:04:19,false,"Yolo County Running","2.01","152","00:17:21","141","151","2.2","179","217","8:39","6:21","3","--","1.04","0.0","--","--","--","3,116","--","--","No","00:00:04.1","3","00:17:17","00:18:44","46","61"
Running,2023-04-16 17:25:26,false,"Davis Running","10.01","725","01:16:47","154","188","3.9","181","194","7:40","6:46","16","16","1.16","0.0","--","--","--","13,922","--","--","No","00:00:02.2","11","01:16:10","01:40:12","35","59"
Running,2023-04-14 10:00:46,false,"Run & convos w John 😌","7.01","518","00:56:34","146","163","3.2","184","210","8:04","7:16","10","7","1.08","0.0","--","--","--","10,442","--","--","No","00:00:02.3","8","00:56:05","01:14:48","46","49"
Running,2023-04-13 11:23:14,false,"Yolo County Running","1.21","109","00:12:56","149","176","2.0","177","190","10:39","8:03","--","3","0.85","0.0","--","--","--","2,332","--","--","No","00:02:15.2","2","00:12:36","00:14:57","46","52"
Running,2023-04-13 10:45:50,false,"8x400 (2m)","2.43","159","00:24:56","126","173","2.0","98","207","10:16","4:22","3","3","1.47","0.0","--","--","--","3,068","--","--","No","00:01:15.4","15","00:18:00","00:24:56","49","52"
Running,2023-04-13 10:15:34,false,"Yolo County Running","2.01","161","00:17:19","146","162","2.4","182","192","8:37","7:37","--","--","1.02","0.0","--","--","--","3,182","--","--","No","00:00:03.0","3","00:17:12","00:17:26","43","60"
Running,2023-04-12 08:44:48,false,"Davis Running","5.00","377","00:41:43","130","150","3.0","185","196","8:20","7:36","8","8","1.04","0.0","--","--","--","7,772","--","--","No","00:00:01.9","6","00:41:16","00:52:09","49","62"
Running,2023-04-11 10:48:57,false,"Yolo County Running","2.01","161","00:18:28","145","155","2.2","178","188","9:10","8:07","7","7","0.98","0.0","--","--","--","3,310","--","--","No","00:00:07.0","3","00:18:20","00:21:52","46","52"
Running,2023-04-11 10:17:05,false,"3-2-2-1-2-2-3 ","3.14","240","00:21:42","179","189","3.5","182","194","6:55","5:19","--","1","1.27","0.0","--","--","--","3,978","--","--","No","00:00:00.5","14","00:21:35","00:21:42","49","52"
Running,2023-04-11 09:51:47,false,"Yolo County Running","1.99","152","00:15:20","143","156","2.6","183","190","7:42","7:19","3","3","1.14","0.0","--","--","--","2,802","--","--","No","00:07:34.0","2","00:15:17","00:15:20","46","60"
Running,2023-04-09 09:31:08,false,"Davis Running","6.02","487","00:47:35","157","190","3.9","182","190","7:54","7:08","16","19","1.12","0.0","--","--","--","8,736","--","--","No","00:00:08.5","7","00:47:30","00:47:46","33","49"
Running,2023-04-08 15:48:42,false,"1500 — 4:51 , 800 — 2:24","1.51","127","00:16:17","137","150","1.7","180","200","10:47","9:18","65","69","0.83","0.0","--","--","--","2,946","--","--","No","00:05:17.2","2","00:16:16","00:16:17","200","277"
Running,2023-04-08 13:25:55,false,"Berkeley Running","0.86","78","00:09:30.4","144","160","1.8","176","186","11:00","9:35","46","49","0.83","0.0","--","--","--","1,672","--","--","No","00:09:30.4","1","00:09:26","00:21:03","200","252"
Running,2023-04-08 12:15:55,false,"Berkeley Running","1.74","142","00:15:09","153","164","2.4","180","189","8:44","7:44","90","92","1.02","0.0","--","--","--","2,744","--","--","No","00:06:08.7","2","00:15:05","00:15:17","200","304"
Running,2023-04-07 09:58:29,false,"Yolo County Running","3.07","231","00:26:19","140","157","2.5","184","208","8:35","4:23","17","17","1.03","0.0","--","--","--","4,850","--","--","No","00:00:19.7","4","00:26:13","00:45:20","43","64"
Running,2023-04-06 10:28:20,false,"Yolo County Running","1.51","113","00:15:27","131","149","1.5","176","190","10:16","7:34","--","3","0.89","0.0","--","--","--","2,740","--","--","No","00:05:04.4","2","00:15:15","00:21:19","49","52"
Running,2023-04-06 10:14:19,false,"Yolo County Running","1.69","121","00:11:05","149","164","2.8","185","196","6:33","5:02","--","--","1.33","0.0","--","--","--","2,038","--","--","No","00:00:02.4","8","00:11:03","00:11:05","49","52"
Running,2023-04-06 09:49:02,false,"Yolo County Running","2.01","158","00:17:47","135","150","2.3","180","188","8:51","8:10","4","5","1.01","0.0","--","--","--","3,210","--","--","No","00:00:04.0","3","00:17:42","00:18:12","46","61"
Indoor Cycling,2023-04-05 11:24:02,false,"Indoor Cycling","0.00","91","00:33:05","89","103","0.4","--","--","--","--","--","--","--","0.0","--","--","--","--","--","--","No","00:33:05","1","00:00:00","00:36:00","--","--"
Running,2023-04-05 10:12:42,false,"Yolo County Running","4.03","295","00:34:25","134","153","2.6","183","198","8:32","5:59","10","11","1.03","0.0","--","--","--","6,352","--","--","No","00:00:15.8","5","00:34:02","00:39:37","49","61"
Running,2023-04-04 11:12:26,false,"Yolo County Running","2.10","160","00:22:06","129","139","1.7","178","188","10:32","7:42","7","7","0.86","0.0","--","--","--","3,962","--","--","No","00:00:52.1","3","00:21:54","00:25:52","46","52"
Running,2023-04-04 10:17:30,false,"3xmile (60s), 4x400 (1:45s) ","4.41","322","00:32:12","164","187","3.6","156","247","7:19","4:24","2","2","1.37","0.0","--","--","--","5,162","--","--","No","00:00:01.2","17","00:27:55","00:37:46","49","52"
Running,2023-04-04 09:51:09,false,"Yolo County Running","1.52","123","00:13:29","148","156","2.2","182","188","8:51","8:00","--","--","1.00","0.0","--","--","--","2,440","--","--","No","00:04:35.3","2","00:13:28","00:13:29","46","60"
Running,2023-04-02 09:34:29,false,"Davis Running","10.01","776","01:14:12","169","188","4.5","181","192","7:25","6:36","20","23","1.20","0.0","--","--","--","13,484","--","--","No","00:00:02.7","11","01:13:55","01:22:27","26","52"
Running,2023-04-01 09:55:44,false,"Davis Running","7.01","528","00:58:57","140","164","3.2","180","194","8:25","7:32","16","16","1.05","0.0","--","--","--","10,818","--","--","No","00:00:02.1","8","00:58:26","01:12:26","43","62"
Running,2023-03-31 13:18:18,false,"San Francisco Running","3.01","223","00:26:35","134","156","2.4","180","188","8:50","8:09","83","87","1.01","0.0","--","--","--","4,814","--","--","No","00:00:02.7","4","00:26:20","00:28:33","38","95"
Running,2023-03-31 11:14:49,false,"San Francisco Running","2.69","221","00:28:03","139","159","2.3","159","192","10:25","8:10","150","147","0.97","0.0","--","--","--","4,498","--","--","No","00:06:00.6","3","00:24:32","00:31:43","23","95"
Running,2023-03-31 10:04:00,false,"San Francisco Running","1.72","138","00:15:13","150","162","2.3","176","187","8:49","7:39","47","46","1.03","0.0","--","--","--","2,724","--","--","No","00:06:33.9","2","00:15:00","00:22:02","59","100"
Running,2023-03-30 10:51:40,false,"Yolo County Running","3.23","234","00:24:39","141","160","3.0","181","216","7:37","4:05","4","4","1.17","0.0","--","--","--","4,482","--","--","No","00:01:14.6","4","00:24:21","00:54:06","46","66"
Running,2023-03-29 10:01:36,false,"Davis Running","5.00","391","00:43:26","144","162","3.1","184","194","8:41","7:42","7","7","1.01","0.0","--","--","--","8,004","--","--","No","00:00:01.8","6","00:43:19","00:45:06","33","46"
Running,2023-03-27 10:48:40,false,"Yolo County Running","2.51","193","00:26:23","134","161","2.0","181","198","10:32","7:51","7","7","0.85","0.0","--","--","--","4,826","--","--","No","00:04:52.6","3","00:26:11","00:38:02","46","52"
Running,2023-03-27 10:07:58,false,"6x600 ","2.79","223","00:27:17","148","184","2.6","104","215","9:47","4:27","3","3","1.45","0.0","--","--","--","3,532","--","--","No","00:00:00.9","12","00:20:48","00:27:17","49","52"
Running,2023-03-27 09:34:14,false,"Yolo County Running","2.00","160","00:16:38","154","165","2.5","179","192","8:18","7:21","3","3","1.09","0.0","--","--","--","3,002","--","--","No","00:00:01.5","3","00:16:25","00:16:49","46","60"
Running,2023-03-26 09:29:37,false,"Davis Running","6.17","462","00:48:32","148","163","3.3","181","215","7:52","7:13","16","16","1.13","0.0","--","--","--","8,740","--","--","No","00:01:22.3","7","00:48:22","00:51:28","43","52"
Running,2023-03-25 10:40:57,false,"Davis Running","2.54","198","00:25:10","140","168","2.1","184","192","9:54","7:32","3","3","0.88","0.0","--","--","--","4,652","--","--","No","00:05:09.9","3","00:25:04","00:26:02","49","52"
Running,2023-03-25 10:06:29,false,"Davis Running","3.54","263","00:25:04","165","187","3.4","184","200","7:05","4:36","3","7","1.23","0.0","--","--","--","4,704","--","--","No","00:00:03.7","12","00:24:58","00:25:04","46","52"
Running,2023-03-25 09:34:44,false,"Davis Running","2.00","151","00:18:35","134","152","2.0","185","194","9:17","7:30","3","3","0.94","0.0","--","--","--","3,470","--","--","No","00:00:01.8","3","00:18:29","00:20:18","49","52"
Running,2023-03-24 11:33:57,false,"Davis Running","7.51","517","00:58:26","143","160","3.2","186","200","7:47","5:05","16","16","1.11","0.0","--","--","--","10,926","--","--","No","00:03:33.9","8","00:57:42","01:19:31","46","59"
Indoor Cycling,2023-03-23 15:46:23,false,"Indoor Cycling","0.00","105","00:30:00","98","124","0.4","--","--","--","--","--","--","--","0.0","--","--","--","--","--","--","No","00:30:00","1","00:00:00","00:30:00","--","--"
Running,2023-03-23 13:50:12,false,"Yolo County Running","6.03","438","00:50:43","137","153","3.0","187","196","8:25","7:13","12","12","1.03","0.0","--","--","--","9,536","--","--","No","00:00:13.6","7","00:50:19","00:57:32","49","59"
Running,2023-03-22 16:33:58,false,"Yolo County Running","3.77","286","00:35:43","134","153","2.5","182","228","9:29","7:54","3","3","0.93","0.0","--","--","--","6,590","--","--","No","00:07:31.0","4","00:35:31","00:45:52","46","60"
Running,2023-03-22 15:57:25,false,"Yolo County Running","2.08","169","00:19:18","150","174","2.4","105","212","9:16","3:32","--","--","1.57","0.0","--","--","--","2,652","--","--","No","00:00:34.4","12","00:14:09","00:19:18","49","52"
Running,2023-03-22 15:23:25,false,"Yolo County Running","2.47","187","00:22:02","137","148","2.2","184","194","8:54","7:39","9","9","0.98","0.0","--","--","--","4,070","--","--","No","00:04:27.6","3","00:21:50","00:23:27","46","61"
Treadmill Running,2023-03-21 12:48:21,false,"Treadmill Running","6.00","410","00:49:45","146","168","3.1","181","188","8:18","8:52","--","--","0.95","0.0","--","--","--","8,962","--","--","No","00:02:37.2","6","00:49:43","00:58:21","--","--"
Running,2023-03-20 09:24:20,false,"Solano County Running","10.01","761","01:14:49","161","189","4.1","186","194","7:29","6:40","110","119","1.16","0.0","--","--","--","13,896","--","--","No","00:00:02.4","11","01:14:36","01:26:53","33","72"
Running,2023-03-18 12:28:50,false,"Cardinal Classic ","6.19","466","01:02:04","135","163","2.7","168","192","10:01","8:02","64","67","0.96","0.0","--","--","--","10,520","--","--","No","00:01:48.0","7","00:57:26","02:05:55","49","82"
Running,2023-03-17 15:12:23,false,"Yolo County Running","3.16","237","00:25:26","148","162","2.8","183","203","8:02","4:23","7","7","1.10","0.0","--","--","--","4,668","--","--","No","00:00:53.9","4","00:25:14","01:13:20","49","64"
Running,2023-03-16 14:54:42,false,"Yolo County Running","5.00","378","00:42:21","149","162","3.0","182","194","8:28","7:49","7","7","1.04","0.0","--","--","--","7,806","--","--","No","00:00:00.9","6","00:41:55","00:47:48","43","52"
Running,2023-03-15 16:28:01,false,"Yolo County Running","3.00","238","00:30:14","142","152","2.2","179","194","10:04","8:16","15","3","0.89","0.0","--","--","--","5,470","--","--","No","00:00:02.0","4","00:29:55","00:41:56","41","52"
Running,2023-03-15 15:51:32,false,"Yolo County Running","2.31","215","00:26:49","143","184","2.5","95","226","11:38","3:36","3","3","1.44","0.0","--","--","--","2,992","--","--","No","00:00:02.3","20","00:17:55","00:26:49","49","52"
Running,2023-03-15 15:15:51,false,"Yolo County Running","2.53","197","00:21:18","147","157","2.5","181","189","8:25","7:28","6","6","1.06","0.0","--","--","--","3,832","--","--","No","00:04:32.2","3","00:21:16","00:21:49","47","61"
Running,2023-03-14 14:22:06,false,"Yolo County Running","7.01","534","00:54:07","156","170","3.5","181","195","7:44","7:06","2","2","1.15","0.0","--","--","--","9,800","--","--","No","00:00:04.3","8","00:54:03","01:02:38","-7","56"
Running,2023-03-12 09:39:13,false,"West Sacramento Running","9.01","682","01:11:52","152","172","3.6","181","192","7:59","7:09","51","54","1.11","0.0","--","--","--","13,046","--","--","No","00:00:02.9","10","01:11:25","01:31:02","7","33"
Indoor Cycling,2023-03-11 14:27:02,false,"First track race as an Aggie 🥹","0.00","30","00:04:57","--","--","--","--","--","--","--","--","--","--","0.0","--","--","--","--","--","--","No","00:00:00","1","--:--:--","00:00:00","--","--"
Running,2023-03-11 12:52:43,false,"Yolo County Running","4.04","329","00:40:49","146","163","2.6","177","190","10:06","8:57","13","13","0.90","0.0","--","--","--","7,320","--","--","No","00:00:25.3","5","00:40:16","00:53:18","43","52"
Running,2023-03-11 11:37:41,false,"Yolo County Running","2.05","163","00:18:14","148","166","2.4","178","188","8:54","8:02","11","11","1.02","0.0","--","--","--","3,282","--","--","No","00:00:31.7","3","00:17:56","00:20:19","46","62"
Running,2023-03-10 14:58:50,false,"Yolo County Running","4.29","316","00:35:25","144","158","2.9","181","212","8:16","3:48","11","14","1.08","0.0","--","--","--","6,432","--","--","No","00:01:30.9","5","00:35:14","00:54:50","43","66"
Running,2023-03-09 15:04:56,false,"Yolo County Running","6.07","509","00:49:39","171","194","4.0","182","238","8:11","7:33","16","20","1.08","0.0","--","--","--","9,108","--","--","No","00:00:36.8","7","00:49:03","00:55:27","49","59"
Elliptical,2023-03-08 15:43:42,false,"Elliptical","0.00","229","00:40:02","123","139","1.3","102","145","--","--","--","--","0.00","0.0","--","--","--","4,916","--","--","No","00:40:02","1","00:00:00","00:40:02","--","--"
Running,2023-03-08 14:01:23,false,"Yolo County Running","5.01","370","00:41:09","144","157","3.0","182","247","8:13","6:15","13","16","1.08","0.0","--","--","--","7,506","--","--","No","00:00:02.4","6","00:40:40","00:45:47","43","63"
Elliptical,2023-03-07 17:25:54,false,"Elliptical","0.00","89","00:15:05","120","139","0.7","89","109","--","--","--","--","0.00","0.0","--","--","--","1,370","--","--","No","00:15:05","1","00:00:00","00:15:05","--","--"
Running,2023-03-07 16:04:11,false,"Yolo County Running","2.61","216","00:28:19","145","160","2.2","178","190","10:50","9:02","3","3","0.83","0.0","--","--","--","5,086","--","--","No","00:06:41.4","3","00:27:57","00:34:44","46","52"
Running,2023-03-07 15:25:56,false,"Yolo County Running","2.11","158","00:22:05","134","171","2.0","109","248","10:27","3:59","3","3","1.29","0.0","--","--","--","2,754","--","--","No","00:00:34.5","16","00:15:20","00:22:05","49","52"
Running,2023-03-07 14:44:40,false,"Yolo County Running","2.51","198","00:21:10","154","169","2.6","181","188","8:26","6:34","12","9","1.06","0.0","--","--","--","3,816","--","--","No","00:04:17.2","3","00:21:08","00:21:24","47","61"
Running,2023-03-05 09:40:47,false,"Sacramento County Running","10.01","756","01:12:21","171","189","4.6","183","228","7:14","6:07","144","144","1.22","0.0","--","--","--","13,266","--","--","No","00:00:01.9","11","01:12:09","01:25:44","34","71"
Running,2023-03-04 09:01:39,false,"Davis Running","7.01","516","00:55:24","148","163","3.3","183","202","7:54","7:16","10","10","1.11","0.0","--","--","--","10,192","--","--","No","00:00:02.2","8","00:54:51","01:00:33","43","52"
Running,2023-03-03 15:54:24,false,"Yolo County Running","3.20","246","00:32:55","134","144","2.1","178","188","10:18","9:06","11","--","0.88","0.0","--","--","--","5,862","--","--","No","00:01:53.0","4","00:32:45","00:38:26","28","39"
Running,2023-03-03 15:25:39,false,"Yolo County Running","3.82","278","00:25:02","175","190","3.6","183","190","6:33","5:38","--","16","1.34","0.0","--","--","--","4,562","--","--","No","00:05:18.9","4","00:24:59","00:25:02","23","39"
Running,2023-03-03 14:57:25,false,"Yolo County Running","2.01","144","00:16:02","139","152","2.2","177","188","7:59","7:30","4","4","1.14","0.0","--","--","--","2,888","--","--","No","00:00:02.7","3","00:15:49","00:20:53","36","43"
Running,2023-03-02 15:01:12,false,"Yolo County Running","7.58","538","01:01:21","143","158","3.2","179","220","8:05","3:48","20","20","1.11","0.0","--","--","--","11,084","--","--","No","00:05:17.7","8","01:00:32","01:17:35","43","78"
Indoor Cycling,2023-03-01 14:18:52,false,"Indoor Cycling","0.00","130","00:40:02","96","113","0.4","--","--","--","--","--","--","--","0.0","--","--","--","--","--","--","No","00:40:02","1","00:00:00","00:41:49","--","--"
Treadmill Running,2023-03-01 13:20:04,false,"Treadmill Running","5.00","359","00:42:39","144","157","2.6","177","184","8:32","7:28","--","--","0.96","0.0","--","--","--","7,552","--","--","No","00:04:44.0","5","00:42:37","00:51:11","--","--"
Running,2023-02-28 16:10:49,false,"Yolo County Running","3.50","285","00:32:58","155","175","2.6","180","194","9:25","8:13","7","10","0.95","0.0","--","--","--","5,946","--","--","No","00:04:30.5","4","00:32:33","00:41:16","46","52"
Running,2023-02-28 15:21:12,false,"8x600 (2m) @3k pace ","3.75","262","00:31:10","149","177","2.7","132","212","8:18","4:44","3","3","1.36","0.0","--","--","--","4,832","--","--","No","00:00:05.1","16","00:26:44","00:31:10","49","52"
Running,2023-02-28 14:42:45,false,"Yolo County Running","2.51","196","00:21:19","150","170","2.6","180","190","8:29","7:44","16","16","1.06","0.0","--","--","--","3,830","--","--","No","00:04:37.8","3","00:21:03","00:21:42","46","60"
Running,2023-02-26 09:30:50,false,"Solano County Running","12.00","918","01:32:46","155","184","4.3","185","237","7:44","7:00","181","178","1.12","0.0","--","--","--","17,172","--","--","No","00:00:01.3","13","01:32:32","01:48:35","30","72"
Indoor Cycling,2023-02-25 14:13:04,false,"Indoor Cycling","0.00","125","00:30:25","107","122","0.5","--","--","--","--","--","--","--","0.0","--","--","--","--","--","--","No","00:30:25","1","00:00:00","00:30:25","--","--"
Running,2023-02-25 10:40:31,false,"Yolo County Running","3.02","233","00:29:22","139","158","2.3","176","187","9:43","8:43","7","7","0.94","0.0","--","--","--","5,208","--","--","No","00:00:17.0","4","00:28:58","00:32:05","43","52"
Running,2023-02-25 09:27:33,false,"Yolo County Running","2.49","202","00:20:33","153","169","2.9","183","192","8:16","7:19","9","9","1.07","0.0","--","--","--","3,768","--","--","No","00:03:54.3","3","00:20:27","00:21:20","43","68"
Running,2023-02-24 11:24:18,false,"Yolo County Running","4.53","338","00:36:43","144","162","3.0","179","207","8:06","4:22","16","16","1.12","0.0","--","--","--","6,636","--","--","No","00:03:49.9","5","00:36:19","00:56:52","43","52"
Running,2023-02-23 15:01:34,false,"Yolo County Running","6.01","457","00:48:36","145","163","3.1","184","190","8:05","7:22","10","10","1.08","0.0","--","--","--","8,966","--","--","No","00:00:05.8","7","00:48:26","00:54:24","49","62"
Indoor Cycling,2023-02-22 17:25:44,false,"Bike","0.00","181","00:30:00","--","--","--","--","--","--","--","--","--","--","0.0","--","--","--","--","--","--","No","00:30:00","1","--:--:--","00:30:00","--","--"
Running,2023-02-22 14:46:07,false,"Sacramento County Running","5.01","360","00:40:26","140","153","2.8","182","189","8:04","7:13","7","6","1.10","0.0","--","--","--","7,392","--","--","No","00:00:02.8","6","00:40:16","00:43:49","26","43"
Running,2023-02-21 15:52:47,false,"Yolo County Running","2.51","197","00:24:42","137","151","2.1","180","192","9:50","8:43","12","3","0.91","0.0","--","--","--","4,458","--","--","No","00:04:54.1","3","00:24:11","00:26:33","44","52"
Running,2023-02-21 15:19:38,false,"2x(5x300)","2.59","151","00:24:15","122","147","1.3","127","205","9:21","4:36","3","3","1.24","0.0","--","--","--","3,474","--","--","No","00:00:05.9","20","00:18:58","00:24:15","49","52"
Running,2023-02-21 14:43:16,false,"Yolo County Running","2.51","192","00:20:24","148","161","2.6","181","190","8:08","7:17","9","10","1.09","0.0","--","--","--","3,728","--","--","No","00:04:03.4","3","00:20:17","00:21:32","46","60"
Running,2023-02-19 09:12:49,false,"Folsom Running","9.00","709","01:15:00","147","173","3.7","183","248","8:20","6:33","294","300","1.06","0.0","--","--","--","13,790","--","--","No","00:00:01.4","10","01:14:47","01:26:07","103","206"
Running,2023-02-18 13:00:07,false,"Lincoln Running","6.01","424","00:49:53","134","157","2.8","182","202","8:18","7:41","178","221","1.06","0.0","--","--","--","9,086","--","--","No","00:00:03.0","7","00:49:43","01:03:36","144","272"
Running,2023-02-17 15:48:06,false,"Davis Running","2.01","148","00:17:52","138","148","2.0","183","189","8:54","7:51","3","3","0.99","0.0","--","--","--","3,276","--","--","No","00:00:02.2","3","00:17:44","00:21:05","46","49"
Running,2023-02-17 15:11:00,false,"Yolo County Running","4.42","320","00:30:02","167","188","3.6","185","192","6:47","5:56","18","18","1.28","0.0","--","--","--","5,524","--","--","No","00:02:46.8","5","00:29:57","00:30:02","33","49"
Running,2023-02-17 14:54:17,false,"Davis Running","1.00","73","00:08:01.6","139","154","1.8","182","190","7:59","7:07","--","3","1.10","0.0","--","--","--","1,476","--","--","No","00:00:02.1","2","00:07:58","00:08:01.6","46","49"
Running,2023-02-16 14:58:19,false,"Yolo County Running","6.07","435","00:48:13","134","152","3.0","184","192","7:56","7:22","7","10","1.10","0.0","--","--","--","8,866","--","--","No","00:00:34.7","7","00:48:09","00:53:08","-3","56"
Running,2023-02-15 14:34:40,false,"Yolo County Running","6.51","486","00:53:27","136","156","3.2","181","234","8:13","7:08","13","13","1.08","0.0","--","--","--","9,770","--","--","No","00:04:15.9","7","00:52:59","01:04:58","49","62"
Running,2023-02-14 15:50:00,false,"Yolo County Running","2.51","195","00:24:05","146","163","2.2","177","188","9:36","8:23","7","7","0.95","0.0","--","--","--","4,316","--","--","No","00:04:34.7","3","00:23:46","00:29:56","46","52"
Running,2023-02-14 15:23:03,false,"Yolo County Running","2.48","177","00:20:33","145","175","2.6","123","203","8:18","3:52","3","3","1.48","0.0","--","--","--","3,098","--","--","No","00:01:17.0","7","00:15:41","00:20:33","49","52"
Running,2023-02-14 14:47:19,false,"Yolo County Running","2.00","156","00:16:29","144","158","2.4","182","190","8:13","7:35","7","4","1.07","0.0","--","--","--","3,012","--","--","No","00:00:02.1","3","00:16:25","00:16:46","46","61"
Running,2023-02-13 16:27:53,false,"Davis Running","4.01","285","00:31:47","142","151","2.7","180","187","7:56","7:25","5","5","1.13","0.0","--","--","--","5,740","--","--","No","00:00:02.3","5","00:31:39","00:33:35","43","62"
Running,2023-02-12 09:37:01,false,"West Sacramento Running","12.03","887","01:27:41","160","181","4.3","184","192","7:17","6:37","60","64","1.20","0.0","--","--","--","16,168","--","--","No","00:00:14.4","13","01:27:29","01:33:36","6","33"
Running,2023-02-11 13:34:23,false,"Yolo County Running","5.01","344","00:41:54","130","152","2.6","182","194","8:22","7:37","13","13","1.06","0.0","--","--","--","7,710","--","--","No","00:00:01.7","6","00:41:21","00:52:38","49","62"
Running,2023-02-10 15:54:03,false,"Yolo County Running","2.56","201","00:23:45","142","150","2.2","181","188","9:17","8:19","17","14","0.96","0.0","--","--","--","4,270","--","--","No","00:05:01.7","3","00:23:41","00:26:09","33","49"
Running,2023-02-10 15:21:19,false,"Yolo County Running","3.66","271","00:27:10","159","185","3.3","166","205","7:25","4:26","3","6","1.28","0.0","--","--","--","4,718","--","--","No","00:00:03.6","12","00:26:00","00:27:12","36","43"
Running,2023-02-10 14:53:30,false,"Davis Running","2.00","153","00:15:59","138","157","2.5","181","190","7:59","7:04","1","3","1.12","0.0","--","--","--","2,896","--","--","No","00:00:00.9","3","00:15:58","00:16:23","46","49"
Running,2023-02-09 14:58:43,false,"Yolo County Running","7.04","478","00:54:27","145","160","3.1","178","203","7:44","4:01","10","13","1.17","0.0","--","--","--","9,772","--","--","No","00:00:21.2","8","00:53:51","01:11:47","46","62"
Trail Running,2023-02-09 11:52:59,false,"Bike","0.00","242","00:40:00","--","--","--","--","--","--","--","--","--","--","0.0","--","--","--","--","--","--","No","00:40:00","1","--:--:--","00:40:00","--","--"
Running,2023-02-08 12:40:40,false,"Yolo County Running","6.00","370","00:47:34","139","153","2.9","180","198","7:56","7:19","10","13","1.12","0.0","--","--","--","7,504","--","--","No","00:01:44.9","6","00:41:20","00:46:00","49","59"
Running,2023-02-07 16:00:14,false,"Yolo County Running","2.50","196","00:27:48","129","149","1.9","163","184","11:07","8:13","36","3","0.89","0.0","--","--","--","4,558","--","--","No","00:04:33.2","3","00:26:05","00:29:38","20","52"
Running,2023-02-07 15:16:13,false,"5x800 (2m), 4x200 (90s)","3.45","228","00:29:44","145","192","2.9","112","212","8:38","3:42","3","7","1.70","0.0","--","--","--","3,736","--","--","No","00:00:00.4","18","00:21:47","00:35:19","49","52"
Running,2023-02-07 14:47:45,false,"Yolo County Running","2.05","160","00:16:31","152","162","2.5","179","188","8:04","7:27","--","--","1.12","0.0","--","--","--","2,952","--","--","No","00:00:24.7","3","00:16:31","00:16:31","46","62"
Running,2023-02-05 10:34:39,false,"Davis Running","0.22","16","00:01:55.6","141","150","0.4","179","186","8:44","8:33","--","--","1.03","0.0","--","--","--","340","--","--","No","00:01:55.6","1","00:01:54","00:01:55.6","46","49"
Running,2023-02-05 09:03:16,false,"Davis Running","11.01","798","01:19:58","157","184","4.3","182","190","7:16","6:40","23","26","1.22","0.0","--","--","--","14,522","--","--","No","00:00:01.8","12","01:19:43","01:29:34","26","59"
Running,2023-02-04 10:40:20,false,"Davis Running","7.00","530","00:59:00","139","153","3.1","181","188","8:25","7:54","16","16","1.06","0.0","--","--","--","10,656","--","--","No","00:00:02.1","8","00:58:46","01:14:23","35","69"
Running,2023-02-03 15:40:38,false,"Davis Running","3.00","240","00:27:20","146","157","2.5","177","187","9:06","8:16","7","3","1.00","0.0","--","--","--","4,864","--","--","No","00:00:01.7","4","00:27:12","00:27:38","39","46"
Running,2023-02-03 15:04:10,false,"Davis Running","4.01","294","00:27:33","154","168","3.4","182","196","6:52","5:14","13","10","1.29","0.0","--","--","--","5,046","--","--","No","00:00:04.9","5","00:27:26","00:29:27","33","43"
Running,2023-02-03 14:43:38,false,"Davis Running","2.00","156","00:16:07","152","167","2.5","182","188","8:03","7:27","7","12","1.10","0.0","--","--","--","2,920","--","--","No","00:00:01.8","3","00:16:03","00:16:07","37","46"
Running,2023-02-02 14:58:32,false,"Yolo County Running","7.01","508","00:55:40","144","160","3.3","180","216","7:57","3:49","27","27","1.13","0.0","--","--","--","9,996","--","--","No","00:00:03.0","8","00:55:23","01:20:01","35","59"
Indoor Cycling,2023-02-01 14:42:22,false,"Indoor Cycling","0.00","71","00:30:04","84","104","0.1","--","--","--","--","--","--","--","0.0","--","--","--","--","--","--","No","00:30:04","1","00:00:00","00:30:04","--","--"
Running,2023-02-01 11:40:21,false,"Yolo County Running","5.00","370","00:41:01","137","155","3.0","179","190","8:12","7:40","13","16","1.09","0.0","--","--","--","7,386","--","--","No","00:00:01.1","6","00:40:39","00:47:45","49","62"
Running,2023-01-31 15:55:14,false,"Yolo County Running","3.01","256","00:29:29","154","172","2.6","178","188","9:48","8:21","7","10","0.92","0.0","--","--","--","5,276","--","--","No","00:00:02.5","4","00:29:14","00:31:21","46","52"
Running,2023-01-31 15:15:45,false,"10 x 400 (90s) @ 80","2.87","210","00:23:59","150","178","2.6","118","204","8:22","4:29","3","3","1.56","0.0","--","--","--","3,126","--","--","No","00:00:00.9","19","00:16:40","00:26:51","49","52"
Running,2023-01-31 14:46:41,false,"Yolo County Running","2.01","161","00:16:20","151","161","2.6","182","190","8:08","7:28","--","--","1.09","0.0","--","--","--","2,986","--","--","No","00:00:05.3","3","00:16:20","00:16:20","47","62"
Running,2023-01-29 09:32:14,false,"Davis Running","12.01","887","01:30:48","156","188","4.2","184","198","7:34","6:38","36","39","1.16","0.0","--","--","--","16,710","--","--","No","00:00:03.2","13","01:30:45","01:37:29","18","56"
Running,2023-01-28 12:13:56,false,"Davis Running","6.02","443","00:49:20","143","160","3.1","180","228","8:11","7:20","10","10","1.09","0.0","--","--","--","8,872","--","--","No","00:00:12.1","7","00:49:06","00:55:40","23","59"
Running,2023-01-27 16:04:35,false,"Yolo County Running","2.01","152","00:18:15","140","157","2.1","181","194","9:06","6:47","4","4","0.98","0.0","--","--","--","3,328","--","--","No","00:00:03.4","3","00:18:03","00:21:30","46","52"
Running,2023-01-27 15:18:35,false,"4 x 8 min tempo","5.26","393","00:38:02","149","180","3.8","167","196","7:14","5:31","3","3","1.29","0.0","--","--","--","6,384","--","--","No","00:00:00.5","12","00:34:28","00:38:02","49","52"
Running,2023-01-27 14:49:22,false,"Yolo County Running","2.00","151","00:16:23","144","154","2.4","183","190","8:11","7:28","10","7","1.07","0.0","--","--","--","3,022","--","--","No","00:00:02.3","3","00:16:22","00:16:23","46","61"
Running,2023-01-26 14:56:54,false,"Yolo County Running","7.43","511","00:57:12","144","168","3.3","181","202","7:42","4:32","20","23","1.16","0.0","--","--","--","10,454","--","--","No","00:02:42.4","8","00:56:11","01:16:56","49","69"
Indoor Cycling,2023-01-25 13:37:16,false,"Indoor Cycling","0.00","95","00:33:31","90","132","0.6","--","--","--","--","--","--","--","0.0","--","--","--","--","--","--","No","00:33:31","1","00:00:00","00:46:32","--","--"
Running,2023-01-25 12:18:29,false,"Yolo County Running","4.01","289","00:32:05","140","158","2.7","182","194","8:00","7:12","7","10","1.10","0.0","--","--","--","5,888","--","--","No","00:00:02.4","5","00:31:45","00:40:43","14","59"
Running,2023-01-24 15:48:33,false,"Yolo County Running","2.01","155","00:18:32","143","154","2.1","179","194","9:14","8:20","7","7","0.97","0.0","--","--","--","3,346","--","--","No","00:00:03.2","3","00:18:25","00:21:21","46","52"
Running,2023-01-24 15:16:40,false,"1k/800/600/400/3x200","2.54","204","00:22:39","154","188","2.7","108","210","8:55","3:56","--","2","1.70","0.0","--","--","--","2,996","--","--","No","00:00:35.9","13","00:15:18","00:22:39","49","52"
Running,2023-01-24 14:47:17,false,"Yolo County Running","2.01","160","00:16:25","149","159","2.5","182","190","8:11","7:37","3","--","1.08","0.0","--","--","--","3,004","--","--","No","00:00:03.4","3","00:16:19","00:16:28","46","61"
Running,2023-01-22 09:28:57,false,"Solano County Running","12.03","885","01:34:00","151","172","4.0","185","192","7:49","6:51","129","125","1.11","0.0","--","--","--","17,446","--","--","No","00:00:12.1","13","01:33:40","01:46:12","30","72"
Running,2023-01-21 10:35:02,false,"Davis Running","5.01","357","00:40:31","140","151","2.8","184","190","8:05","7:26","7","7","1.08","0.0","--","--","--","7,438","--","--","No","00:00:03.8","6","00:40:30","00:44:42","49","59"
Running,2023-01-20 15:45:44,false,"Solano County Running","2.01","148","00:16:59","143","151","2.1","182","201","8:28","7:42","--","3","1.05","0.0","--","--","--","3,090","--","--","No","00:00:02.9","3","00:16:54","00:17:55","30","51"
Running,2023-01-20 15:14:44,false,"Solano County Running","4.01","295","00:27:12","173","187","3.6","185","190","6:47","5:46","19","33","1.28","0.0","--","--","--","4,974","--","--","No","00:00:02.4","5","00:27:11","00:27:17","34","51"
Running,2023-01-20 14:49:14,false,"Solano County Running","2.00","150","00:15:42","148","155","2.4","183","198","7:50","7:00","29","29","1.12","0.0","--","--","--","2,854","--","--","No","00:00:01.5","3","00:15:42","00:15:46","33","51"
Running,2023-01-19 14:50:58,false,"Yolo County Running","7.77","585","01:02:25","164","186","3.7","181","192","8:02","5:37","22","22","1.11","0.0","--","--","--","11,370","--","--","No","00:04:48.5","8","01:01:50","01:18:42","37","69"
Running,2023-01-18 14:35:21,false,"Yolo County Running","0.13","245","01:10:17","99","130","0.8","3","186","--","7:05","--","123","0.90","0.0","--","--","--","322","--","--","No","01:10:17","1","00:02:13","01:15:34","-70","55"
Running,2023-01-17 15:52:21,false,"Yolo County Running","3.13","246","00:26:37","149","162","2.9","182","194","8:31","7:30","10","10","1.04","0.0","--","--","--","4,864","--","--","No","00:01:05.7","4","00:26:24","00:30:38","43","52"
Running,2023-01-17 15:16:43,false,"8x600 @5k pace","3.80","265","00:27:51","159","181","3.1","160","201","7:20","4:40","7","7","1.31","0.0","--","--","--","4,770","--","--","No","00:01:29.6","15","00:24:23","00:27:51","49","52"
Running,2023-01-17 14:41:08,false,"Yolo County Running","3.01","232","00:23:40","152","165","3.0","181","190","7:51","7:16","11","7","1.13","0.0","--","--","--","4,260","--","--","No","00:00:08.4","4","00:23:39","00:23:40","46","66"
Running,2023-01-16 09:54:32,false,"Davis Running","3.00","220","00:24:59","143","154","2.4","181","188","8:19","7:26","3","3","1.07","0.0","--","--","--","4,526","--","--","No","00:00:01.5","4","00:24:54","00:26:42","49","56"
Running,2023-01-15 09:28:01,false,"West Sacramento Running","12.00","906","01:30:57","151","168","4.3","184","205","7:35","6:41","78","80","1.15","0.0","--","--","--","16,744","--","--","No","00:00:00.8","13","01:30:42","01:44:17","7","33"
Running,2023-01-14 11:14:38,false,"Davis Running","5.50","400","00:45:28","139","154","3.0","181","233","8:16","7:40","10","10","1.08","0.0","--","--","--","8,250","--","--","No","00:04:05.6","6","00:45:09","00:53:37","49","59"
Running,2023-01-13 15:47:32,false,"Yolo County Running","2.50","194","00:22:54","149","166","2.3","178","192","9:09","6:35","7","5","0.99","0.0","--","--","--","4,162","--","--","No","00:04:30.5","3","00:22:32","00:36:14","46","52"
Running,2023-01-13 15:15:10,false,"Yolo County Running","4.29","315","00:28:33","171","184","3.8","177","192","6:39","5:48","7","3","1.36","0.0","--","--","--","5,042","--","--","No","00:00:01.0","10","00:28:19","00:29:17","49","52"
Running,2023-01-13 14:33:24,false,"Yolo County Running","2.50","197","00:20:32","152","163","2.7","178","190","8:12","7:20","6","6","1.10","0.0","--","--","--","3,644","--","--","No","00:04:02.8","3","00:20:32","00:20:32","46","60"
Running,2023-01-12 14:52:00,false,"Yolo County Running","8.01","546","01:00:24","148","167","3.5","180","205","7:33","4:12","23","23","1.18","0.0","--","--","--","10,910","--","--","No","00:00:00.9","9","00:59:43","01:16:04","49","72"
Indoor Cycling,2023-01-11 14:39:25,false,"Indoor Cycling","0.00","226","01:10:02","97","128","0.5","--","--","--","--","--","--","--","0.0","--","--","--","--","--","--","No","01:10:02","1","00:00:00","01:10:17","--","--"
Running,2023-01-10 16:09:45,false,"Yolo County Running","2.01","163","00:18:02","157","171","2.4","183","192","8:59","8:19","3","3","0.98","0.0","--","--","--","3,322","--","--","No","00:00:04.4","3","00:17:54","00:19:20","46","52"
Running,2023-01-10 15:16:31,false,"2 mile tempo + 5x1k ","5.42","407","00:39:39","166","187","3.7","151","247","7:19","5:11","3","7","1.46","0.0","--","--","--","6,194","--","--","No","00:00:23.5","12","00:34:24","00:43:57","49","52"
Running,2023-01-10 14:41:45,false,"Yolo County Running","2.04","160","00:16:25","157","168","2.6","179","192","8:03","7:17","7","7","1.11","0.0","--","--","--","2,936","--","--","No","00:00:21.6","3","00:16:19","00:16:28","46","60"
Running,2023-01-08 10:35:16,false,"Davis Running","10.01","752","01:13:19","164","189","4.2","184","198","7:19","6:23","58","61","1.19","0.0","--","--","--","13,510","--","--","No","00:00:02.9","11","01:12:59","01:34:49","42","72"
Running,2023-01-07 15:33:44,false,"Davis Running","5.83","406","00:45:54","141","169","3.2","181","198","7:53","4:58","10","10","1.13","0.0","--","--","--","8,432","--","--","No","00:05:40.7","6","00:45:20","00:57:19","49","59"
Running,2023-01-06 12:13:09,false,"Claremont Running","2.01","152","00:17:59","142","152","2.1","181","194","8:57","8:14","61","54","0.99","0.0","--","--","--","3,262","--","--","No","00:00:03.8","3","00:17:52","00:22:02","1,182","1,247"
Running,2023-01-06 11:30:24,false,"4 x 1 mile @ tempo (90s) ","4.18","308","00:29:12","159","185","3.7","158","190","6:59","5:29","11","15","1.48","0.0","--","--","--","4,712","--","--","No","00:00:02.5","8","00:26:50","00:29:12","1,236","1,247"
Running,2023-01-06 10:54:54,false,"Claremont Running","2.01","151","00:16:45","138","160","2.4","178","194","8:21","7:26","59","68","1.09","0.0","--","--","--","3,020","--","--","No","00:00:02.8","3","00:16:39","00:18:10","1,176","1,245"
Treadmill Running,2023-01-05 12:19:06,false,"Treadmill Running","5.03","311","00:40:37","139","154","2.3","174","186","8:04","7:16","--","--","1.14","0.0","--","--","--","7,042","--","--","No","00:00:27.8","6","00:40:25","00:40:37","--","--"
Running,2023-01-04 10:45:46,false,"Upland Running","7.01","523","00:54:28","150","175","3.5","177","190","7:46","6:54","166","170","1.17","0.0","--","--","--","9,768","--","--","No","00:00:03.0","8","00:53:59","01:08:28","1,232","1,332"
Running,2023-01-03 12:12:22,false,"Claremont Running","2.01","157","00:18:03","146","157","2.3","177","198","9:00","8:13","53","52","1.01","0.0","--","--","--","3,220","--","--","No","00:00:02.7","3","00:17:49","00:20:11","1,182","1,245"
Running,2023-01-03 11:35:19,false,"Claremont Running","4.44","318","00:33:14","144","171","3.4","147","200","7:29","4:02","66","67","1.47","0.0","--","--","--","5,248","--","--","No","00:00:03.2","16","00:29:22","00:33:14","1,198","1,218"
Running,2023-01-03 11:01:46,false,"Claremont Running","2.01","150","00:17:03","135","162","2.3","179","186","8:30","7:49","49","54","1.06","0.0","--","--","--","3,068","--","--","No","00:00:04.1","3","00:16:52","00:18:34","1,172","1,245"
Running,2023-01-02 10:37:29,false,"Rancho Cucamonga Running","2.48","181","01:12:39","71","95","0.2","76","244","29:21","8:57","559","549","0.73","0.0","--","--","--","6,864","--","--","No","00:12:00","3","01:02:09","01:19:42","1,931","2,484"
Running,2023-01-01 11:26:37,false,"Rancho Cucamonga Running","10.01","740","01:14:01","164","186","4.5","180","220","7:24","6:36","130","126","1.21","0.0","--","--","--","13,346","--","--","No","00:00:02.8","11","01:13:36","01:31:49","1,243","1,372"
Running,2022-12-31 09:18:09,false,"Claremont Running","5.25","397","00:43:18","148","170","3.2","182","192","8:15","7:10","418","398","1.07","0.0","--","--","--","7,880","--","--","No","00:02:05.6","6","00:43:04","00:56:18","1,310","1,680"
Running,2022-12-30 10:22:36,false,"Claremont Running","2.01","155","00:19:15","150","169","2.3","173","196","9:35","5:10","81","72","0.97","0.0","--","--","--","3,378","--","--","No","00:00:03.5","3","00:18:43","00:25:11","1,182","1,247"
Running,2022-12-30 09:40:28,false,"Claremont Running","4.01","275","00:25:44","168","191","3.5","179","192","6:26","5:39","29","27","1.40","0.0","--","--","--","4,584","--","--","No","00:00:01.5","5","00:25:40","00:28:51","1,237","1,247"
Running,2022-12-30 09:05:27,false,"Claremont Running","2.00","145","00:17:01","135","160","2.2","179","190","8:29","7:34","85","89","1.06","0.0","--","--","--","3,086","--","--","No","00:00:01.5","3","00:16:41","00:20:30","1,183","1,253"
Running,2022-12-29 09:08:20,false,"Claremont Running","5.23","379","00:42:23","134","165","3.2","179","198","8:06","4:47","309","330","1.11","0.0","--","--","--","7,774","--","--","No","00:01:16.6","6","00:41:37","01:03:37","1,298","1,567"
Running,2022-12-28 09:49:09,false,"Upland Running","7.01","527","00:58:41","147","164","3.3","179","188","8:22","7:32","169","170","1.08","0.0","--","--","--","10,498","--","--","No","00:00:04.2","8","00:58:26","01:06:41","1,551","1,610"
Running,2022-12-27 10:20:03,false,"Claremont Running","2.03","158","00:18:44","142","151","2.2","184","194","9:13","8:36","41","50","0.95","0.0","--","--","--","3,428","--","--","No","00:00:18.4","3","00:18:43","00:18:44","1,203","1,247"
Running,2022-12-27 09:36:12,false,"Claremont Running","4.47","337","00:33:54","155","191","3.6","145","217","7:35","5:01","16","13","1.45","0.0","--","--","--","5,266","--","--","No","00:00:15.7","13","00:31:16","00:33:56","1,236","1,246"
Running,2022-12-27 08:57:41,false,"Claremont Running","2.00","145","00:16:59","139","158","2.3","179","190","8:29","7:39","66","66","1.06","0.0","--","--","--","3,050","--","--","No","00:00:01.6","3","00:16:43","00:17:39","1,202","1,241"
Running,2022-12-25 07:45:48,false,"Rancho Cucamonga Running","10.01","722","01:16:48","152","169","3.8","182","194","7:40","6:59","127","126","1.15","0.0","--","--","--","14,038","--","--","No","00:00:02.8","11","01:16:13","01:32:14","1,263","1,374"
Running,2022-12-24 10:53:12,false,"Upland Running","3.27","227","00:26:07","137","158","2.8","170","202","7:59","4:52","71","77","1.22","0.0","--","--","--","4,632","--","--","No","00:01:33.5","4","00:25:21","00:39:05","1,232","1,312"
Running,2022-12-23 10:00:03,false,"Claremont Running","2.18","181","00:19:50","153","162","2.5","181","192","9:06","8:11","93","91","0.98","0.0","--","--","--","3,578","--","--","No","00:01:31.7","3","00:19:45","00:19:50","1,301","1,402"
Running,2022-12-23 09:19:54,false,"Claremont Running","5.12","385","00:35:48","174","188","4.1","179","193","7:00","5:41","27","28","1.28","0.0","--","--","--","6,362","--","--","No","00:00:01.3","11","00:35:46","00:35:49","1,296","1,307"
Running,2022-12-23 08:51:02,false,"Claremont Running","1.13","83","00:09:25.9","138","154","2.0","182","192","8:21","7:39","39","41","1.06","0.0","--","--","--","1,712","--","--","No","00:01:05.8","2","00:09:21.8","00:09:25.9","1,302","1,351"
Running,2022-12-22 08:38:39,false,"Claremont Running","5.06","388","00:42:09","152","181","3.3","180","190","8:20","7:13","452","439","1.07","0.0","--","--","--","7,594","--","--","No","00:00:26.7","6","00:42:00","00:43:03","1,309","1,758"
Running,2022-12-21 12:19:25,false,"Upland Running","7.01","518","00:56:57","149","169","3.4","180","188","8:08","7:03","173","170","1.10","0.0","--","--","--","10,322","--","--","No","00:00:01.9","8","00:56:32","01:12:30","1,232","1,347"
Running,2022-12-20 08:46:44,false,"Claremont Running","8.02","591","01:00:56","158","184","4.3","179","190","7:36","6:09","215","232","1.18","0.0","--","--","--","10,832","--","--","No","00:03:32.2","9","01:00:44","01:15:04","1,197","1,326"
Running,2022-12-18 09:27:03,false,"San Dimas Running","9.01","686","01:10:43","160","191","4.3","184","233","7:51","6:41","730","791","1.12","0.0","--","--","--","12,998","--","--","No","00:00:03.7","10","01:10:30","01:21:20","930","1,074"
Running,2022-12-17 12:43:58,false,"Claremont Running","5.09","353","00:40:12","140","162","3.1","179","198","7:54","5:06","109","128","1.14","0.0","--","--","--","7,304","--","--","No","00:00:32.0","6","00:39:40","00:56:16","1,171","1,253"
Running,2022-12-16 11:01:35,false,"Upland Running","6.01","447","00:52:38","142","164","3.2","181","196","8:45","5:34","72","73","1.02","0.0","--","--","--","9,676","--","--","No","00:00:00.1","24","00:52:12","01:05:19","1,557","1,606"
Running,2022-12-15 12:49:15,false,"Claremont Running","6.01","476","00:50:23","156","184","3.6","180","188","8:23","7:36","202","208","1.06","0.0","--","--","--","9,078","--","--","No","00:00:02.1","7","00:50:17","00:53:55","1,174","1,237"
Running,2022-12-14 08:35:33,false,"Claremont Running","7.01","545","00:54:49","165","188","4.5","181","194","7:49","6:41","309","310","1.13","0.0","--","--","--","9,974","--","--","No","00:00:02.6","8","00:54:34","00:58:05","1,151","1,441"
Running,2022-12-13 09:01:56,false,"Claremont Running","6.00","463","00:51:07","147","164","3.5","181","188","8:31","7:42","202","204","1.05","0.0","--","--","--","9,268","--","--","No","00:00:01.2","7","00:50:52","01:00:23","1,174","1,261"
Running,2022-12-11 09:27:29,false,"Sacramento County Running","5.06","374","00:43:25","137","157","3.0","179","242","8:35","6:32","104","101","1.05","0.0","--","--","--","7,772","--","--","No","00:00:33.1","6","00:43:11","01:04:49","33","65"
Running,2022-12-10 12:03:09,false,"Yolo County Running","2.01","150","00:16:53","133","154","2.5","179","207","8:23","6:23","7","7","1.07","0.0","--","--","--","3,014","--","--","No","00:00:06.0","3","00:16:53","00:17:35","52","59"
Running,2022-12-09 10:27:47,false,"Yolo County Running","2.01","165","00:19:19","146","159","2.4","176","188","9:38","8:39","--","--","0.95","0.0","--","--","--","3,422","--","--","No","00:00:03.5","3","00:19:10","00:19:53","32","56"
Running,2022-12-09 09:52:39,false,"Yolo County Running","4.16","307","00:29:50","167","182","3.7","157","190","7:11","5:25","3","3","1.40","0.0","--","--","--","4,880","--","--","No","00:00:01.3","10","00:27:28","00:29:50","49","52"
Running,2022-12-09 09:26:47,false,"Yolo County Running","1.99","152","00:16:13","149","166","2.7","180","190","8:08","7:23","--","--","1.10","0.0","--","--","--","2,912","--","--","No","00:07:56.4","2","00:16:11","00:16:13","44","60"
Running,2022-12-08 09:50:13,false,"Davis Running","7.13","541","00:58:03","154","180","3.7","177","205","8:08","4:48","13","13","1.12","0.0","--","--","--","10,352","--","--","No","00:01:08.5","8","00:57:38","01:09:08","43","52"
Elliptical,2022-12-07 12:36:08,false,"Elliptical","0.00","387","01:00:01","132","159","2.3","132","175","--","--","--","--","0.00","0.0","--","--","--","8,294","--","--","No","01:00:01","1","00:00:00","01:02:52","--","--"
Running,2022-12-06 09:25:23,false,"Davis Running","5.92","441","00:43:37","164","185","4.1","177","188","7:22","6:22","35","35","1.23","0.0","--","--","--","7,678","--","--","No","00:03:10.4","7","00:43:26","00:48:54","30","62"
Running,2022-12-04 10:13:40,false,"Yolo County Running","7.00","528","00:53:37","160","188","4.0","179","188","7:39","7:07","81","81","1.17","0.0","--","--","--","9,626","--","--","No","00:00:01.6","8","00:53:33","01:04:47","41","72"
Running,2022-12-03 12:23:49,false,"Davis Running","4.64","336","00:36:26","154","181","3.3","174","202","7:52","4:46","10","10","1.18","0.0","--","--","--","6,374","--","--","No","00:04:55.5","5","00:35:21","00:44:41","49","59"
Running,2022-12-02 11:55:20,false,"Davis Running","5.01","389","00:39:41","159","185","3.6","176","186","7:55","7:12","7","10","1.16","0.0","--","--","--","6,962","--","--","No","00:00:05.3","6","00:39:39","00:43:53","49","59"
Running,2022-12-01 12:10:47,false,"Davis Running","5.01","373","00:40:11","153","171","3.2","173","184","8:01","6:53","10","11","1.16","0.0","--","--","--","6,998","--","--","No","00:00:06.5","6","00:39:53","00:47:38","49","62"
Running,2022-11-30 12:25:30,false,"Davis Running","3.02","232","00:25:07","148","170","2.9","175","186","8:19","7:35","10","10","1.10","0.0","--","--","--","4,406","--","--","No","00:00:09.0","4","00:25:05","00:28:39","43","62"
Running,2022-11-29 12:55:22,false,"Davis Running","2.03","156","00:16:27","152","168","2.6","173","181","8:06","7:30","--","--","1.15","0.0","--","--","--","2,870","--","--","No","00:00:15.2","3","00:16:21","00:19:41","46","58"
Running,2022-11-19 07:31:11,false,"Davis Running","1.68","126","00:14:30","140","160","2.3","178","190","8:36","7:39","3","7","1.05","0.0","--","--","--","2,604","--","--","No","00:05:35.3","2","00:14:26","00:15:39","46","52"
Running,2022-11-18 09:27:08,false,"Yolo County Running","3.16","231","00:26:27","139","156","2.6","177","203","8:22","4:15","13","13","1.10","0.0","--","--","--","4,722","--","--","No","00:00:49.5","4","00:26:08","00:35:37","43","65"
Running,2022-11-17 09:54:40,false,"Davis Running","4.50","337","00:36:08","149","176","3.1","178","188","8:02","7:02","7","7","1.12","0.0","--","--","--","6,424","--","--","No","00:04:05.5","5","00:36:06","00:39:10","44","66"
Running,2022-11-16 09:24:02,false,"Yolo County Running","4.84","377","00:40:05","148","167","3.3","176","188","8:17","6:21","23","92","1.11","0.0","--","--","--","7,184","--","--","No","00:06:50.3","5","00:39:37","00:41:59","5","125"
Running,2022-11-15 09:44:22,false,"Yolo County Running","1.86","146","00:17:22","149","166","2.2","176","190","9:19","8:07","--","3","0.98","0.0","--","--","--","3,056","--","--","No","00:08:08.4","2","00:17:00","00:19:50","46","52"
Running,2022-11-15 09:17:12,false,"600-2k tempo-600 ","2.39","164","00:16:18","151","170","3.0","175","196","6:48","4:46","--","3","1.33","0.0","--","--","--","3,012","--","--","No","00:01:41.9","6","00:15:56","00:16:18","49","52"
Running,2022-11-15 08:49:04,false,"Yolo County Running","1.88","147","00:15:31","150","165","2.5","179","188","8:15","7:28","7","3","1.09","0.0","--","--","--","2,808","--","--","No","00:07:24.1","2","00:15:09","00:15:36","47","60"
Running,2022-11-13 13:15:49,false,"Yolo County Running","9.01","685","01:07:37","157","188","4.5","183","190","7:30","6:45","97","97","1.17","0.0","--","--","--","12,360","--","--","No","00:00:02.6","10","01:07:32","01:08:19","40","72"
Running,2022-11-12 15:15:32,false,"Yolo County Running","6.01","472","00:47:25","164","187","3.8","178","188","7:54","7:13","13","10","1.14","0.0","--","--","--","8,450","--","--","No","00:00:01.9","7","00:47:15","00:53:35","49","62"
Running,2022-11-11 11:19:22,false,"Davis Running","6.68","519","00:52:36","160","184","3.8","178","190","7:52","6:43","13","13","1.15","0.0","--","--","--","9,418","--","--","No","00:05:21.0","7","00:52:08","01:00:16","10","59"
Running,2022-11-10 09:46:43,false,"Yolo County Running","1.86","152","00:17:19","152","181","2.4","170","188","9:19","7:46","3","3","1.02","0.0","--","--","--","3,022","--","--","No","00:07:59.5","2","00:16:29","00:20:07","4","55"
Running,2022-11-10 09:07:53,false,"4/3/2/1/1/2/3/4 ","4.70","341","00:34:03","145","161","3.6","180","194","7:15","5:09","3","5","1.23","0.0","--","--","--","6,164","--","--","No","00:00:01.5","16","00:33:55","00:34:03","49","52"
Running,2022-11-10 08:41:51,false,"Yolo County Running","1.72","138","00:15:07","136","152","2.4","178","188","8:47","7:50","--","--","1.03","0.0","--","--","--","2,684","--","--","No","00:06:17.3","2","00:15:06","00:15:17","46","56"
Running,2022-11-09 09:24:46,false,"Yolo County Running","5.86","455","00:45:09","163","186","3.8","180","190","7:42","6:02","11","11","1.16","0.0","--","--","--","8,110","--","--","No","00:06:34.8","6","00:44:48","00:45:51","46","62"
Running,2022-11-07 09:38:28,false,"Yolo County Running","1.81","148","00:16:02","157","181","2.4","173","182","8:52","7:50","28","--","1.05","0.0","--","--","--","2,806","--","--","No","00:07:16.8","2","00:15:58","00:17:19","25","52"
Running,2022-11-07 09:12:24,false,"400-1600-1200-400","2.85","183","00:19:47","149","186","3.0","166","200","6:57","4:40","3","3","1.35","0.0","--","--","--","3,398","--","--","No","00:00:01.0","9","00:18:52","00:22:25","49","52"
Running,2022-11-07 08:48:48,false,"Yolo County Running","1.93","146","00:15:01","150","162","2.6","178","190","7:48","6:48","--","--","1.16","0.0","--","--","--","2,672","--","--","No","00:07:06.5","2","00:15:00","00:15:01","46","60"
Running,2022-11-06 08:28:59,false,"Davis Running","7.87","628","01:00:16","168","189","4.6","181","194","7:40","6:56","23","18","1.16","0.0","--","--","--","10,854","--","--","No","00:06:26.0","8","01:00:13","01:00:40","39","52"
Running,2022-11-05 11:00:03,false,"Davis Running","6.24","471","00:50:56","146","163","3.3","176","188","8:09","7:20","13","13","1.12","0.0","--","--","--","8,964","--","--","No","00:01:55.7","7","00:50:30","00:55:23","43","52"
Running,2022-11-04 10:07:54,false,"Yolo County Running","1.31","117","00:15:07","145","161","2.0","168","180","11:30","9:41","3","3","0.83","0.0","--","--","--","2,560","--","--","No","00:03:23.7","2","00:14:56","00:16:12","46","52"
Running,2022-11-04 09:22:49,false,"800/300 x 5 ","4.09","271","00:30:07","150","180","3.0","161","212","7:22","3:57","1","1","1.29","0.0","--","--","--","5,444","--","--","No","00:00:03.7","19","00:28:51","00:34:34","49","52"
Running,2022-11-04 08:54:30,false,"Yolo County Running","1.84","145","00:15:17","144","161","2.6","178","190","8:17","7:17","--","--","1.09","0.0","--","--","--","2,726","--","--","No","00:06:53.7","2","00:15:08","00:15:37","43","59"
Running,2022-11-03 11:39:44,false,"Davis Running","6.51","491","00:51:30","147","162","3.6","178","188","7:55","7:10","13","13","1.15","0.0","--","--","--","9,130","--","--","No","00:03:59.9","7","00:51:20","00:55:05","49","59"
Running,2022-11-02 09:24:10,false,"Yolo County Running","6.37","485","00:50:07","150","169","3.6","179","190","7:52","7:12","15","15","1.14","0.0","--","--","--","9,012","--","--","No","00:02:53.8","7","00:50:02","00:52:29","43","52"
Running,2022-11-01 09:57:25,false,"Davis Running","1.49","123","00:15:23","146","159","2.0","174","184","10:19","8:41","--","--","0.90","0.0","--","--","--","2,674","--","--","No","00:05:02.0","2","00:15:19","00:15:23","39","46"
Running,2022-11-01 09:19:33,false,"Davis Running","3.61","285","00:29:22","159","183","3.4","151","202","8:08","5:30","3","--","1.23","0.0","--","--","--","4,766","--","--","No","00:02:57.5","8","00:26:50","00:29:22","39","46"
Running,2022-11-01 08:50:43,false,"Davis Running","1.86","146","00:15:02","156","177","2.6","178","188","8:05","7:08","7","3","1.12","0.0","--","--","--","2,702","--","--","No","00:06:37.7","2","00:14:58","00:15:02","39","46"
Running,2022-10-30 08:31:43,false,"Winters Running","1.41","112","00:13:55","129","140","1.9","177","188","9:52","8:59","24","23","0.92","0.0","--","--","--","2,446","--","--","No","00:04:01.6","2","00:13:55","00:14:06","105","131"
Running,2022-10-30 08:00:26,false,"Winters Running","3.12","228","00:21:33","166","184","3.3","178","190","6:55","5:56","40","42","1.31","0.0","--","--","--","3,844","--","--","No","00:00:44.7","4","00:21:32","00:21:33","98","139"
Running,2022-10-28 10:30:20,false,"Davis Running","0.83","60","00:07:26.0","131","148","1.2","179","184","8:55","8:35","--","3","1.01","0.0","--","--","--","1,328","--","--","No","00:07:26.0","1","00:07:26.0","00:07:26.0","46","54"
Running,2022-10-27 09:26:45,false,"Yolo County Running","5.72","426","00:45:03","147","164","3.4","176","186","7:53","7:22","7","10","1.16","0.0","--","--","--","7,876","--","--","No","00:05:33.4","6","00:44:52","00:48:37","49","59"
Running,2022-10-26 09:22:00,false,"Yolo County Running","6.28","462","00:50:04","141","167","3.4","174","194","7:58","7:16","12","12","1.16","0.0","--","--","--","8,738","--","--","No","00:02:10.1","7","00:49:32","00:55:50","49","59"
Running,2022-10-25 09:48:21,false,"Davis Running","1.42","121","00:15:06","151","164","2.0","173","181","10:36","9:35","--","--","0.88","0.0","--","--","--","2,610","--","--","No","00:04:30.1","2","00:15:06","00:15:06","39","46"
Running,2022-10-25 09:19:50,false,"1200-800-600-400-200 (400-79)","2.40","167","00:20:35","139","162","2.5","146","203","8:35","4:11","--","--","1.17","0.0","--","--","--","3,588","--","--","No","00:00:40.6","9","00:17:34","00:20:35","39","46"
Running,2022-10-25 08:49:53,false,"Davis Running","1.77","138","00:15:03","150","166","2.4","180","186","8:31","7:49","--","--","1.05","0.0","--","--","--","2,698","--","--","No","00:06:20.7","2","00:15:03","00:15:03","39","46"
Running,2022-10-23 09:03:57,false,"Davis Running","3.22","237","00:25:18","140","162","2.8","181","190","7:51","7:19","3","7","1.13","0.0","--","--","--","4,618","--","--","No","00:01:44.3","4","00:25:14","00:27:21","46","52"
Running,2022-10-22 12:05:44,false,"Davis Running","0.20","15","00:01:51.1","112","130","0.5","178","184","9:08","8:46","--","--","0.99","0.0","--","--","--","340","--","--","No","00:01:51.1","1","00:01:51","00:01:51.1","51","54"
Running,2022-10-21 09:56:56,false,"Davis Running","3.19","246","00:25:58","150","158","3.0","180","190","8:09","7:22","--","--","1.10","0.0","--","--","--","4,674","--","--","No","00:01:27.6","4","00:25:51","00:26:04","38","46"
Running,2022-10-21 09:19:17,false,"400-3x800-2x600-400","3.51","231","00:30:25","134","167","2.6","138","220","8:40","4:43","3","6","1.24","0.0","--","--","--","4,726","--","--","No","00:00:19.8","14","00:24:40","00:30:25","39","46"
Running,2022-10-21 08:51:56,false,"Davis Running","1.81","132","00:15:03","136","147","2.1","180","186","8:18","7:25","--","3","1.08","0.0","--","--","--","2,702","--","--","No","00:06:46.2","2","00:15:02","00:15:03","39","46"
Running,2022-10-20 12:57:50,false,"Therapy Run","4.26","297","00:33:55","139","151","2.8","176","184","7:57","6:24","38","38","1.15","0.0","--","--","--","5,948","--","--","No","00:02:07.4","5","00:33:51","00:34:58","43","79"
Running,2022-10-19 09:24:16,false,"Yolo County Running","6.15","450","00:50:03","145","156","3.2","177","192","8:08","7:11","10","13","1.12","0.0","--","--","--","8,868","--","--","No","00:01:13.2","7","00:49:50","00:54:25","49","62"
Running,2022-10-18 09:47:23,false,"Yolo County Running","1.75","132","00:18:23","129","141","1.6","166","182","10:29","8:24","3","--","0.92","0.0","--","--","--","3,138","--","--","No","00:07:15.3","2","00:17:40","00:26:47","43","49"
Running,2022-10-18 09:20:08,false,"15 min tempo + 5 min ","3.27","237","00:23:04","163","183","3.3","178","192","7:03","5:38","10","13","1.28","0.0","--","--","--","4,154","--","--","No","00:01:36.7","5","00:22:59","00:23:04","33","49"
Running,2022-10-18 08:53:50,false,"Davis Running","1.84","135","00:15:05","137","152","2.2","174","188","8:11","7:42","3","6","1.13","0.0","--","--","--","2,660","--","--","No","00:06:55.7","2","00:15:00","00:15:25","46","49"
Running,2022-10-16 09:01:25,false,"Solano County Running","8.35","623","01:05:21","148","169","3.7","177","188","7:49","7:04","108","104","1.16","0.0","--","--","--","11,530","--","--","No","00:02:43.2","9","01:05:12","01:09:53","38","72"
Running,2022-10-15 11:42:55,false,"Sunnyvale Running","1.26","95","00:15:11","115","131","0.9","156","182","12:03","8:46","--","--","0.86","0.0","--","--","--","2,398","--","--","No","00:02:42.1","2","00:13:56","00:15:40","7","7"
Running,2022-10-15 10:20:32,false,"Sunnyvale Running","1.85","134","00:15:03","137","159","2.3","173","192","8:08","7:27","--","--","1.14","0.0","--","--","--","2,648","--","--","No","00:06:57.0","2","00:14:56","00:18:05","3","7"
Running,2022-10-14 09:35:12,false,"Yolo County Running","3.26","233","00:26:22","139","178","2.9","174","212","8:06","4:43","19","19","1.15","0.0","--","--","--","4,620","--","--","No","00:01:33.4","4","00:26:02","00:40:43","43","66"
Running,2022-10-13 09:49:20,false,"Yolo County Running","5.22","384","00:42:00","128","148","3.3","175","189","8:03","7:01","10","13","1.14","0.0","--","--","--","7,430","--","--","No","00:01:39.9","6","00:41:33","00:47:44","49","59"
Running,2022-10-12 08:50:34,false,"Yolo County Running","5.60","435","00:45:01","146","163","3.5","177","212","8:02","7:23","25","25","1.13","0.0","--","--","--","7,932","--","--","No","00:04:50.6","6","00:45:00","00:54:01","33","60"
Running,2022-10-11 09:28:41,false,"Davis Running","2.06","160","00:20:01","132","146","2.0","172","182","9:43","8:07","--","3","0.96","0.0","--","--","--","3,462","--","--","No","00:00:39.5","3","00:19:48","00:20:31","39","46"
Running,2022-10-11 09:04:15,false,"2k, 600, 300","2.14","149","00:15:07","148","161","2.8","158","241","7:05","4:24","--","--","1.38","0.0","--","--","--","2,550","--","--","No","00:00:58.3","6","00:13:52","00:15:07","39","46"
Running,2022-10-11 08:35:28,false,"Davis Running","1.85","140","00:15:00","142","155","2.4","176","184","8:07","7:29","--","1","1.13","0.0","--","--","--","2,628","--","--","No","00:06:51.3","2","00:14:59","00:15:00","39","46"
Running,2022-10-09 09:01:59,false,"Sacramento County Running","8.05","607","01:02:09","148","180","3.9","175","239","7:43","6:49","133","133","1.19","0.0","--","--","--","10,850","--","--","No","00:00:25.3","9","01:02:01","01:14:11","33","65"
Running,2022-10-08 09:50:15,false,"Davis Running","6.00","442","00:51:15","140","158","3.1","174","212","8:32","7:51","10","10","1.08","0.0","--","--","--","8,930","--","--","No","00:00:01.8","7","00:50:52","00:57:25","49","62"
Running,2022-10-07 10:02:11,false,"Davis Running","1.56","123","00:15:30","142","157","2.0","173","179","9:55","8:52","--","--","0.94","0.0","--","--","--","2,692","--","--","No","00:05:21.2","2","00:15:28","00:15:36","39","46"
Running,2022-10-07 09:21:20,false,"6x1k @ RP ","4.51","318","00:34:09","145","173","3.3","156","224","7:34","5:15","3","3","1.30","0.0","--","--","--","5,644","--","--","No","00:02:02.6","11","00:29:57","00:34:09","39","46"
Running,2022-10-07 08:49:26,false,"Davis Running","1.83","143","00:15:00","139","154","2.5","177","186","8:12","7:37","7","3","1.11","0.0","--","--","--","2,660","--","--","No","00:06:44.9","2","00:14:56","00:15:00","39","46"
Running,2022-10-06 09:25:47,false,"Yolo County Running","6.20","467","00:50:03","154","183","3.4","175","188","8:04","7:28","30","30","1.14","0.0","--","--","--","8,724","--","--","No","00:01:37.3","7","00:49:51","00:51:46","37","60"
Running,2022-10-02 08:35:19,false,"Yolo County Running","9.57","721","01:10:58","161","185","4.5","179","212","7:25","6:39","7","12","1.21","0.0","--","--","--","12,702","--","--","No","00:04:02.8","10","01:10:53","01:15:11","13","26"
Running,2022-10-01 10:31:13,false,"Yolo County Running","3.01","232","00:28:53","125","142","2.3","173","182","9:36","8:49","7","7","0.97","0.0","--","--","--","5,020","--","--","No","00:00:02.9","4","00:28:44","00:33:07","49","56"
Running,2022-09-30 18:54:58,false,"San Joaquin County Running","1.57","125","00:19:27","125","144","1.5","161","186","12:24","9:15","--","--","0.80","0.0","--","--","--","3,184","--","--","No","00:05:46.0","2","00:18:26","00:24:39","36","39"
Running,2022-09-30 18:14:52,false,"6ks are hard","3.80","286","00:25:55","177","200","3.7","173","226","6:49","4:50","3","3","1.36","0.0","--","--","--","4,446","--","--","No","00:06:02.9","4","00:24:59","00:25:55","36","39"
Running,2022-09-30 17:35:23,false,"San Joaquin County Running","1.85","147","00:15:14","151","164","2.5","172","179","8:15","7:12","3","--","1.13","0.0","--","--","--","2,634","--","--","No","00:07:08.7","2","00:15:11","00:18:50","36","39"
Running,2022-09-29 09:25:52,false,"Yolo County Running","3.44","258","00:38:17","121","154","2.8","121","198","11:07","4:51","24","24","1.55","0.0","--","--","--","4,880","--","--","No","00:08:11.9","4","00:27:10","00:58:09","43","73"
Running,2022-09-28 08:54:12,false,"Yolo County Running","6.19","453","00:50:02","145","167","3.3","175","186","8:05","7:23","13","16","1.14","0.0","--","--","--","8,762","--","--","No","00:01:32.4","7","00:49:35","00:55:05","49","59"
Running,2022-09-27 09:48:00,false,"Yolo County Running","1.46","119","00:15:28","139","150","1.7","172","188","10:34","9:15","--","--","0.89","0.0","--","--","--","2,682","--","--","No","00:05:00.7","2","00:15:18","00:16:00","46","49"
Running,2022-09-27 09:15:04,false,"2x2 mile tempo","4.06","309","00:29:54","165","184","3.6","162","188","7:22","5:58","20","16","1.30","0.0","--","--","--","4,876","--","--","No","00:00:01.2","7","00:27:38","00:29:54","33","49"
Running,2022-09-27 08:49:16,false,"Davis Running","1.76","138","00:15:26","134","152","2.2","174","181","8:45","7:49","--","3","1.05","0.0","--","--","--","2,688","--","--","No","00:06:38.2","2","00:15:21","00:15:55","46","49"
Running,2022-09-25 08:36:13,false,"Davis Running","8.31","630","01:06:07","157","181","4.1","174","186","7:57","6:33","21","21","1.16","0.0","--","--","--","11,530","--","--","No","00:02:36.1","9","01:05:43","01:12:06","36","52"
Running,2022-09-24 09:08:46,false,"Davis Running","6.20","469","00:50:06","151","176","3.4","174","182","8:05","7:18","12","12","1.15","0.0","--","--","--","8,698","--","--","No","00:01:36.3","7","00:49:56","00:53:12","49","62"
Running,2022-09-23 09:25:39,false,"Yolo County Running","1.54","129","00:15:03","147","172","2.1","170","181","9:46","8:49","3","3","0.97","0.0","--","--","--","2,596","--","--","No","00:05:03.8","2","00:14:50","00:15:52","46","52"
Running,2022-09-23 08:46:49,false,"5x5min (90s R)","4.19","316","00:31:01","159","183","3.6","150","188","7:24","5:43","7","7","1.48","0.0","--","--","--","4,892","--","--","No","00:01:29.4","9","00:30:04","00:31:01","49","52"
Running,2022-09-23 08:19:23,false,"Yolo County Running","1.80","140","00:15:09","140","159","2.4","175","182","8:26","7:35","--","--","1.09","0.0","--","--","--","2,648","--","--","No","00:06:32.9","2","00:15:06","00:15:12","44","60"
Running,2022-09-22 09:17:29,false,"Yolo County Running","5.72","433","00:45:01","155","179","3.5","176","184","7:52","7:13","21","23","1.16","0.0","--","--","--","7,878","--","--","No","00:05:46.0","6","00:44:56","00:48:47","43","66"
Running,2022-09-21 09:09:46,false,"Davis Running","7.01","539","00:56:29","155","175","3.6","175","186","8:04","7:16","33","32","1.14","0.0","--","--","--","9,886","--","--","No","00:00:03.9","8","00:56:26","01:00:20","27","56"
Running,2022-09-20 09:28:32,false,"Yolo County Running","2.33","191","00:20:04","157","166","2.7","172","179","8:37","8:03","320","299","1.08","0.0","--","--","--","3,450","--","--","No","00:02:52.1","3","00:19:58","00:20:20","-5","58"
Running,2022-09-20 09:03:26,false,"20 min progression ","2.95","215","00:20:01","145","159","3.3","173","179","6:47","5:59","218","207","1.37","0.0","--","--","--","3,504","--","--","No","00:04:58.4","4","00:19:58","00:20:01","9","56"
Running,2022-09-20 08:31:24,false,"Yolo County Running","1.73","134","00:15:05","137","152","2.3","173","184","8:44","7:25","271","265","1.07","0.0","--","--","--","2,602","--","--","No","00:06:04.7","2","00:14:59","00:15:05","17","110"
Running,2022-09-17 07:46:55,false,"Riverside Running","1.77","135","00:15:01","145","164","2.3","173","182","8:30","6:56","85","87","1.09","0.0","--","--","--","2,612","--","--","No","00:06:23.8","2","00:14:44","00:16:31","1,026","1,095"
Running,2022-09-16 15:26:02,false,"Riverside Running","3.13","239","00:25:48","146","166","2.8","173","182","8:15","7:11","94","82","1.13","0.0","--","--","--","4,462","--","--","No","00:01:06.7","4","00:25:37","00:29:07","974","1,062"
Running,2022-09-15 16:46:33,false,"Easy shakeout - feels good!","2.01","152","00:16:58","142","155","2.3","169","176","8:26","8:06","--","--","1.13","0.0","--","--","--","2,876","--","--","No","00:00:03.7","3","00:16:52","00:16:58","49","52"
Pool Swim,2022-09-15 15:27:10,false,"Pool Swimming","950","122","00:25:48","113","142","1.0","--","--","2:04","0:56","--","--","--","0.0","540","45","27","--","--","--","No","00:00:43.7","5","00:19:41","00:27:24","--","--"
Pool Swim,2022-09-14 13:12:26,false,"Pool Swimming","2,175","275","01:00:17","126","163","2.3","--","--","2:15","0:48","--","--","--","0.0","1460","50","30","--","--","--","No","00:01:36.7","5","00:48:50","01:04:55","--","--"
Running,2022-09-13 08:35:31,false,"Davis Running","1.89","148","00:17:49","139","150","2.1","174","186","9:26","8:24","--","--","0.98","0.0","--","--","--","3,138","--","--","No","00:08:34.3","2","00:17:39","00:20:35","46","49"
Running,2022-09-13 08:01:50,false,"5x4min","3.42","255","00:26:32","152","186","3.2","145","228","7:46","5:22","7","7","1.48","0.0","--","--","--","4,038","--","--","No","00:00:25.2","10","00:25:04","00:26:32","46","49"
Running,2022-09-13 07:37:18,false,"Davis Running","1.94","147","00:15:43","138","157","2.4","173","186","8:05","7:23","--","2","1.15","0.0","--","--","--","2,748","--","--","No","00:07:34.9","2","00:15:29","00:17:05","46","49"
Running,2022-09-11 09:49:12,false,"LR w/ 3 tempo miles ","10.01","772","01:17:17","165","185","4.5","177","186","7:43","5:41","103","110","1.18","0.0","--","--","--","13,630","--","--","No","00:00:05.0","11","01:17:10","01:19:09","301","338"
Indoor Cycling,2022-09-10 11:56:56,false,"Indoor Cycling","0.00","194","00:45:02","110","138","0.9","--","--","--","--","--","--","--","0.0","--","--","--","--","--","--","No","00:45:02","1","00:00:00","00:45:32","--","--"
Running,2022-09-09 08:42:09,false,"Davis Running","1.50","125","00:16:09","140","152","1.7","173","179","10:46","8:59","--","--","0.86","0.0","--","--","--","2,800","--","--","No","00:05:12.1","2","00:16:08","00:16:09","39","46"
Running,2022-09-09 08:03:50,false,"4x1k, 5x200","3.13","180","00:18:11","153","182","3.1","177","212","5:48","3:55","10","9","1.58","0.0","--","--","--","3,238","--","--","No","00:00:38.6","8","00:17:41","00:30:59","39","46"
Running,2022-09-09 07:38:27,false,"Davis Running","1.81","143","00:15:05","137","155","2.5","176","188","8:21","7:23","--","--","1.10","0.0","--","--","--","2,680","--","--","No","00:06:35.0","2","00:15:04","00:15:13","39","46"
Pool Swim,2022-09-08 13:22:21,false,"Pool Swimming","600","91","00:14:42","93","113","0.1","--","--","2:13","0:51","--","--","--","0.0","316","47","24","--","--","--","No","00:07:17.0","2","00:13:21","00:19:09","--","--"
Running,2022-09-08 07:42:42,false,"Yolo County Running","5.46","416","00:45:04","143","157","3.2","174","184","8:15","7:23","6","8","1.12","0.0","--","--","--","7,842","--","--","No","00:03:39.2","6","--:--:--","00:45:04","43","60"
Running,2022-09-07 07:57:52,false,"Yolo County Running","6.41","455","00:55:05","136","156","2.9","174","186","8:35","7:34","16","16","1.08","0.0","--","--","--","9,704","--","--","No","00:03:18.2","7","--:--:--","01:03:40","46","59"
Running,2022-09-06 08:04:03,false,"Davis Running","1.57","128","00:15:04","143","158","2.0","176","190","9:36","8:26","--","--","0.95","0.0","--","--","--","2,668","--","--","No","00:05:25.0","2","--:--:--","00:19:08","46","49"
Running,2022-09-06 07:16:59,false,"Davis Running","4.55","330","00:30:03","174","188","3.7","181","192","6:36","5:52","18","18","1.35","0.0","--","--","--","5,452","--","--","No","00:01:41.5","6","--:--:--","00:33:05","33","49"
Running,2022-09-06 06:54:57,false,"Davis Running","1.87","127","00:15:18","139","156","2.1","178","186","8:10","7:18","--","3","1.10","0.0","--","--","--","2,712","--","--","No","00:07:09.2","2","--:--:--","00:16:02","46","49"
Running,2022-09-04 07:15:47,false,"Davis Running","9.36","738","01:13:43","153","178","4.2","176","186","7:53","7:03","30","30","1.16","0.0","--","--","--","12,972","--","--","No","00:02:39.7","10","--:--:--","01:17:04","18","52"
Running,2022-09-03 11:30:06,false,"San Francisco Running","2.15","156","00:21:02","127","143","1.8","168","182","9:47","8:04","89","63","0.98","0.0","--","--","--","3,612","--","--","No","00:01:26.5","3","--:--:--","00:35:15","131","179"
Running,2022-09-03 10:07:02,false,"Running","1.89","141","00:15:19","151","164","2.3","175","184","8:06","6:36","--","--","1.13","0.0","--","--","--","2,684","--","--","No","00:07:13.6","2","--:--:--","00:15:19","--","--"
Running,2022-09-02 08:34:31,false,"Yolo County Running","3.08","233","00:25:19","144","155","2.7","176","188","8:13","7:08","20","17","1.11","0.0","--","--","--","4,458","--","--","No","00:00:37.1","4","--:--:--","00:25:19","43","66"
Running,2022-09-02 08:29:16,false,"Yolo County Running","5.37","400","00:45:03","140","154","3.0","177","197","8:23","7:01","78","82","1.08","0.0","--","--","--","7,972","--","--","No","00:03:24.5","6","--:--:--","00:49:30","20","63"
Running,2022-08-31 08:43:10,false,"Davis Running","1.41","116","00:14:30","140","152","1.9","172","184","10:15","8:44","3","3","0.92","0.0","--","--","--","2,508","--","--","No","00:04:15.5","2","--:--:--","00:14:52","38","46"
Running,2022-08-31 08:02:36,false,"Davis Running","3.69","251","00:23:53","154","170","3.5","168","198","6:28","4:49","3","3","1.49","0.0","--","--","--","4,094","--","--","No","00:00:12.6","8","--:--:--","00:27:44","39","46"
Running,2022-08-31 07:34:01,false,"Davis Running","1.85","149","00:15:02","146","164","2.6","176","184","8:08","7:26","7","3","1.12","0.0","--","--","--","2,650","--","--","No","00:06:45.3","2","--:--:--","00:16:45","39","46"
Running,2022-08-30 08:27:59,false,"Davis Running","6.39","492","00:50:06","154","176","3.7","174","207","7:51","7:01","13","15","1.18","0.0","--","--","--","8,726","--","--","No","00:03:09.6","7","--:--:--","00:51:30","33","49"
Running,2022-08-28 07:40:13,false,"Yolo County Running","9.87","761","01:15:09","167","185","4.5","178","187","7:37","6:32","10","13","1.19","0.0","--","--","--","13,332","--","--","No","00:02:15.2","11","--:--:--","01:21:04","13","26"
Running,2022-08-27 09:47:01,false,"Davis Running","5.32","399","00:45:12","145","179","3.0","174","186","8:30","7:28","9","9","1.09","0.0","--","--","--","7,866","--","--","No","00:02:30.5","6","--:--:--","00:50:24","50","62"
Running,2022-08-26 08:43:29,false,"Davis Running","1.46","138","00:15:03","170","181","2.3","170","179","10:19","9:11","--","--","0.92","0.0","--","--","--","2,566","--","--","No","00:04:43.2","2","00:14:58","00:15:03","39","46"
Running,2022-08-26 08:04:01,false,"Davis Running","4.01","299","00:27:56","173","186","3.7","176","191","6:58","5:12","--","--","1.30","0.0","--","--","--","4,976","--","--","No","00:00:56.1","19","00:27:47","00:27:56","39","46"
Running,2022-08-26 07:33:40,false,"Davis Running","1.82","143","00:15:04","145","160","2.6","178","189","8:16","7:39","7","3","1.10","0.0","--","--","--","2,688","--","--","No","00:06:45.8","2","00:14:59","00:15:04","39","46"
Running,2022-08-25 08:48:04,false,"Davis Running","6.34","455","00:50:02","149","165","3.4","177","192","7:53","6:58","72","72","1.15","0.0","--","--","--","8,834","--","--","No","00:02:53.0","7","00:49:42","00:57:18","19","55"
Running,2022-08-24 07:45:53,false,"Placer County Running","5.73","384","00:50:45","142","161","2.7","173","192","8:52","7:04","591","639","1.05","0.0","--","--","--","8,872","--","--","No","00:05:54.1","6","00:50:27","00:56:53","6,795","7,020"
Running,2022-08-23 10:04:19,false,"Placer County Running","1.64","141","00:17:18","135","154","2.1","173","223","10:32","8:44","47","118","0.88","0.0","--","--","--","3,010","--","--","No","00:06:53.3","2","00:17:09","00:26:52","6,889","6,990"
Running,2022-08-23 09:22:09,false,"Placer County Running","3.03","247","00:25:21","150","166","3.2","177","189","8:21","6:22","427","49","1.09","0.0","--","--","--","4,478","--","--","No","00:00:14.2","4","00:25:15","00:25:21","6,581","6,995"
Running,2022-08-23 08:38:41,false,"Placer County Running","1.45","108","00:12:06","147","161","2.4","177","186","8:21","7:39","59","70","1.09","0.0","--","--","--","2,128","--","--","No","00:03:52.2","2","00:12:05","00:12:06","6,920","6,998"
Running,2022-08-22 09:02:22,false,"Nevada County Running","3.00","228","00:32:49","132","158","2.6","145","186","10:56","7:16","216","220","1.02","0.0","--","--","--","5,068","--","--","No","00:00:02.9","4","00:32:05","00:43:23","6,781","6,914"
Running,2022-08-21 09:10:09,false,"Nevada County Running","9.40","727","01:15:12","161","182","4.1","177","186","8:00","6:39","560","532","1.14","0.0","--","--","--","13,274","--","--","No","00:02:56.7","10","01:14:59","01:19:43","5,730","5,984"
Running,2022-08-20 08:07:02,false,"Davis Running","6.29","482","00:50:05","153","170","3.7","176","186","7:58","7:12","7","7","1.15","0.0","--","--","--","8,778","--","--","No","00:02:14.5","7","00:49:59","00:51:24","49","59"
Running,2022-08-19 08:37:16,false,"Davis Running","1.45","117","00:16:01","130","137","1.6","172","184","11:01","9:53","--","--","0.85","0.0","--","--","--","2,770","--","--","No","00:04:53.0","2","00:16:00","00:17:15","39","46"
Running,2022-08-19 08:03:10,false,"Davis Running","3.37","240","00:23:02","170","184","3.4","177","196","6:50","5:32","--","--","1.33","0.0","--","--","--","4,058","--","--","No","00:00:57.5","11","00:22:59","00:23:02","39","46"
Running,2022-08-19 07:35:55,false,"Davis Running","1.89","148","00:15:01","145","161","2.8","176","186","7:57","7:22","3","3","1.15","0.0","--","--","--","2,636","--","--","No","00:06:55.5","2","00:14:56","00:15:08","39","46"
Running,2022-08-18 08:26:51,false,"Yolo County Running","7.00","537","00:54:18","159","181","4.1","177","188","7:45","7:16","29","29","1.17","0.0","--","--","--","9,600","--","--","No","00:00:02.2","8","00:54:11","00:55:48","38","69"
Running,2022-08-17 07:57:24,false,"Davis Running","6.01","449","00:51:26","147","166","3.2","175","188","8:33","7:34","12","10","1.07","0.0","--","--","--","9,004","--","--","No","00:00:04.0","7","00:51:12","00:55:23","43","52"
Running,2022-08-16 08:52:24,false,"Yolo County Running","1.37","111","00:13:36","144","156","2.0","172","184","9:57","8:29","--","3","0.94","0.0","--","--","--","2,354","--","--","No","00:03:29.2","2","00:13:31","00:25:19","43","49"
Running,2022-08-16 08:19:04,false,"Death by tempo & davis heat 🫠","3.75","280","00:29:02","162","180","3.5","156","188","7:44","5:54","24","21","1.34","0.0","--","--","--","4,868","--","--","No","00:00:39.6","5","00:28:09","00:29:18","33","49"
Running,2022-08-16 07:51:16,false,"Davis Running","2.06","161","00:17:51","137","161","2.6","173","182","8:39","7:23","9","7","1.07","0.0","--","--","--","3,104","--","--","No","00:00:32.0","3","00:17:42","00:18:48","43","52"
Running,2022-08-15 10:26:14,false,"Davis Running","0.23","14","00:07:27.4","78","93","0.1","0","99","32:24","10:43","80","79","113.61","0.0","--","--","--","30","--","--","No","00:07:27.4","1","00:00:19","00:07:27.4","--","49"
Running,2022-08-14 11:45:08,false,"San Francisco Running","10.75","778","01:20:05","159","186","4.7","177","188","7:27","6:14","275","271","1.22","0.0","--","--","--","14,142","--","--","No","00:05:26.3","11","01:19:55","01:40:20","10","151"
Running,2022-08-13 17:04:13,false,"San Francisco Running","6.22","460","00:51:49","147","165","3.3","175","247","8:20","7:11","246","240","1.10","0.0","--","--","--","9,098","--","--","No","00:01:45.1","7","00:51:37","00:57:53","10","226"
Running,2022-08-13 09:31:53,false,"Upland Running","4.44","326","00:37:23","148","164","3.0","174","212","8:25","5:11","276","264","1.10","0.0","--","--","--","6,560","--","--","No","00:03:24.1","5","00:36:43","00:50:39","1,312","1,594"
Pool Swim,2022-08-12 13:27:07,false,"Pool Swimming","1,825","238","00:45:27","130","165","2.2","--","--","2:14","0:51","--","--","--","0.0","1038","48","25","--","--","--","No","00:01:03.9","4","00:40:51","00:46:11","--","--"
Running,2022-08-10 18:09:54,false,"West Covina Running","7.01","510","00:56:47","152","176","3.4","174","186","8:06","7:14","103","114","1.14","0.0","--","--","--","9,950","--","--","No","00:00:03.1","8","00:56:26","01:08:48","443","529"
Running,2022-08-09 19:59:02,false,"Claremont Running","1.01","82","00:10:48","146","159","1.4","167","176","10:44","9:37","6","--","0.90","0.0","--","--","--","1,820","--","--","No","00:00:02.5","2","00:10:45","00:16:50","1,289","1,307"
Running,2022-08-09 19:14:10,false,"Claremont Running","5.27","387","00:39:11","168","182","3.8","176","186","7:26","5:40","49","43","1.23","0.0","--","--","--","6,842","--","--","No","00:00:04.9","20","00:39:05","00:39:11","1,296","1,307"
Running,2022-08-09 18:58:28,false,"Claremont Running","1.17","91","00:10:02","146","160","2.2","171","180","8:35","7:58","2","8","1.11","0.0","--","--","--","1,714","--","--","No","00:00:00.7","3","00:10:01","00:11:44","1,288","1,303"
Running,2022-08-07 18:02:09,false,"Long Beach Running","10.01","694","01:15:16","151","170","3.8","178","188","7:31","6:48","112","110","1.20","0.0","--","--","--","13,540","--","--","No","00:00:02.1","11","01:14:38","01:31:14","--","34"
Running,2022-08-06 08:14:07,false,"Upland Running","5.33","410","00:45:33","153","175","3.3","177","186","8:33","7:49","98","99","1.07","0.0","--","--","--","8,054","--","--","No","00:02:43.7","6","00:45:25","00:47:19","1,556","1,606"
Running,2022-08-05 19:26:05,false,"Long Beach Running","2.01","160","00:18:16","153","171","2.4","175","184","9:07","8:29","47","69","1.01","0.0","--","--","--","3,190","--","--","No","00:00:03.0","3","00:18:15","00:18:16","0","33"
Running,2022-08-05 19:03:39,false,"Long Beach Running","3.05","217","00:20:02","167","187","3.5","178","187","6:34","5:59","52","45","1.38","0.0","--","--","--","3,564","--","--","No","00:00:18.7","4","00:20:01","00:20:02","--","29"
Running,2022-08-05 18:40:30,false,"Long Beach Running","1.78","135","00:15:18","141","155","2.2","175","177","8:35","8:17","15","14","1.07","0.0","--","--","--","2,674","--","--","No","00:06:38.3","2","00:15:17","00:15:18","2","30"
Running,2022-08-04 18:24:45,false,"Claremont Running","5.57","377","00:46:14","138","154","2.9","174","203","8:18","4:40","291","302","1.11","0.0","--","--","--","8,084","--","--","No","00:04:15.8","6","00:45:53","01:01:03","1,289","1,574"
Running,2022-08-03 18:39:31,false,"Claremont Running","6.37","492","00:55:05","152","175","3.3","176","224","8:39","7:06","1,101","1,093","1.06","0.0","--","--","--","9,656","--","--","No","00:03:00.9","7","00:55:02","01:01:37","1,557","2,207"
Running,2022-08-02 18:43:56,false,"Upland Running","7.07","525","00:56:56","157","186","3.6","175","190","8:03","5:19","133","137","1.14","0.0","--","--","--","9,996","--","--","No","00:00:02.4","14","00:56:43","01:03:15","1,518","1,606"
Pool Swim,2022-08-02 12:16:07,false,"Pool Swimming","1,225","150","00:30:26","96","121","0.3","--","--","2:29","1:04","--","--","--","0.0","805","54","26","--","--","--","No","00:03:37.4","4","00:30:26","00:34:07","--","--"
Running,2022-07-31 07:09:24,false,"Walnut Running","9.45","702","01:15:02","158","182","4.1","176","192","7:56","6:44","1,122","1,121","1.15","0.0","--","--","--","13,262","--","--","No","00:03:24.8","10","01:14:27","01:21:02","518","910"
Running,2022-07-30 16:53:53,false,"Upland Running","5.36","412","00:45:02","157","174","3.3","175","182","8:24","7:19","117","118","1.09","0.0","--","--","--","7,900","--","--","No","00:03:02.6","6","00:44:58","00:50:23","1,556","1,606"
Running,2022-07-29 19:36:07,false,"Long Beach Running","0.54","41","00:05:00.7","146","156","1.0","174","180","9:20","8:20","--","3","0.99","0.0","--","--","--","882","--","--","No","00:05:00.7","1","00:04:59","00:05:00.7","0","7"
Running,2022-07-29 18:51:03,false,"Long Beach Running","5.64","400","00:40:03","163","185","4.0","178","184","7:06","6:31","69","68","1.27","0.0","--","--","--","7,128","--","--","No","00:04:17.9","6","00:40:01","00:40:03","--","36"
Running,2022-07-28 08:58:57,false,"Upland Running","6.45","468","00:55:01","146","169","3.3","175","184","8:32","7:32","211","222","1.08","0.0","--","--","--","9,662","--","--","No","00:03:59.2","7","00:54:40","00:57:22","1,480","1,614"
Running,2022-07-27 09:19:35,false,"Davis Running","2.01","159","00:17:56","155","165","2.5","173","178","8:56","8:26","--","--","1.04","0.0","--","--","--","3,108","--","--","No","00:00:04.2","3","00:17:53","00:19:10","46","49"
Running,2022-07-27 08:51:23,false,"Davis Running","3.54","257","00:26:01","162","191","3.6","153","223","7:21","5:38","3","3","1.47","0.0","--","--","--","4,238","--","--","No","00:00:35.7","8","00:25:41","00:26:01","46","49"
Running,2022-07-27 08:29:05,false,"Davis Running","1.90","136","00:16:02","138","147","2.2","175","185","8:26","7:46","--","--","1.09","0.0","--","--","--","2,814","--","--","No","00:07:25.3","2","00:16:01","00:16:02","46","49"
Trail Running,2022-07-21 19:08:46,false,"What kind of idiot goes to Oregon and forgets their running watch ","0.00","212","00:35:00","--","--","--","--","--","--","--","--","--","--","0.0","--","--","--","--","--","--","No","00:35:00","1","--:--:--","00:35:00","--","--"
Running,2022-07-20 08:32:55,false,"Davis Running","7.01","526","00:57:23","154","170","3.7","177","188","8:11","7:19","58","58","1.11","0.0","--","--","--","10,132","--","--","No","00:00:03.9","8","00:57:17","01:00:58","24","69"
Running,2022-07-19 08:35:25,false,"Davis Running","1.55","120","00:14:28","145","155","2.1","172","178","9:21","8:14","--","3","1.00","0.0","--","--","--","2,472","--","--","No","00:05:07.4","2","00:14:27","00:22:29","43","49"
Running,2022-07-19 08:18:34,false,"Davis Running","2.29","161","00:15:01","154","169","3.2","178","188","6:34","5:41","6","--","1.38","0.0","--","--","--","2,718","--","--","No","00:01:55.1","3","00:15:00","00:15:01","46","52"
Running,2022-07-19 07:48:37,false,"Davis Running","2.09","154","00:18:09","138","150","2.3","173","184","8:42","7:53","3","2","1.07","0.0","--","--","--","3,152","--","--","No","00:00:43.0","3","00:18:05","00:23:42","43","52"
Running,2022-07-17 07:11:36,false,"San Dimas Running","9.08","675","01:10:03","164","183","4.2","177","190","7:43","6:52","593","664","1.18","0.0","--","--","--","12,434","--","--","No","00:00:36.9","10","01:09:52","01:20:23","932","1,071"
Running,2022-07-16 18:26:54,false,"Upland Running","4.11","314","00:35:02","150","174","3.2","174","186","8:32","7:49","70","81","1.08","0.0","--","--","--","6,126","--","--","No","00:00:52.1","5","00:34:55","00:37:03","1,232","1,308"
Running,2022-07-15 18:36:52,false,"Claremont Running","6.51","465","00:48:47","161","183","4.0","174","184","7:30","6:17","56","44","1.23","0.0","--","--","--","8,512","--","--","No","00:00:04.3","11","00:48:26","00:55:45","1,287","1,320"
Running,2022-07-14 18:13:57,false,"Upland Running","5.06","383","00:40:47","158","175","3.5","176","182","8:03","7:25","128","155","1.14","0.0","--","--","--","7,148","--","--","No","00:00:30.7","6","00:40:41","00:40:47","1,484","1,606"
Running,2022-07-13 17:16:22,false,"Newport Beach Running","6.25","445","00:50:03","152","176","3.5","174","188","8:01","7:19","239","248","1.16","0.0","--","--","--","8,760","--","--","No","00:01:57.8","7","00:49:18","01:00:38","10","201"
Running,2022-07-12 06:38:42,false,"Claremont Running","7.00","527","00:53:59","162","188","4.0","175","188","7:42","6:31","500","506","1.19","0.0","--","--","--","9,506","--","--","No","00:00:02.0","8","00:53:38","01:07:47","1,255","1,764"
Running,2022-07-10 18:22:42,false,"Oceanside Running","8.02","589","01:02:14","152","184","4.0","178","188","7:46","6:50","187","191","1.16","0.0","--","--","--","11,148","--","--","No","00:00:07.2","9","01:01:47","01:17:12","12","70"
Running,2022-07-09 18:54:29,false,"Fontana Running","5.21","388","00:42:31","154","169","3.4","177","247","8:10","7:01","194","207","1.12","0.0","--","--","--","7,528","--","--","No","00:01:40.6","6","00:42:19","00:50:24","1,445","1,608"
Running,2022-07-08 19:49:15,false,"Upland Running","6.25","474","00:51:26","159","175","3.7","176","188","8:14","5:48","154","151","1.11","0.0","--","--","--","9,042","--","--","No","00:00:11.2","14","00:51:21","00:58:31","1,525","1,606"
Running,2022-07-07 10:34:09,false,"Upland Running","4.28","321","00:34:31","157","177","3.5","175","187","8:04","7:17","91","97","1.14","0.0","--","--","--","6,074","--","--","No","00:02:18.0","5","00:34:19","00:40:38","1,234","1,339"
Running,2022-07-06 09:45:32,false,"Upland Running","5.02","388","00:40:02","155","176","3.8","178","188","7:58","7:05","326","348","1.14","0.0","--","--","--","7,214","--","--","No","00:00:10.8","6","00:39:53","00:53:11","1,303","1,612"
Running,2022-07-05 08:32:17,false,"Upland Running","5.56","421","00:45:07","159","184","3.7","179","188","8:06","6:07","117","117","1.11","0.0","--","--","--","8,044","--","--","No","00:00:59.9","13","00:45:02","00:50:27","1,556","1,606"
Running,2022-07-03 09:09:42,false,"Rancho Cucamonga Running","7.19","553","01:00:04","157","177","3.9","178","247","8:21","6:05","235","282","1.08","0.0","--","--","--","10,802","--","--","No","00:01:28.2","8","00:59:35","01:11:21","1,278","1,466"
Running,2022-07-02 08:57:17,false,"Upland Running","5.15","390","00:42:29","155","175","3.5","178","241","8:15","7:17","321","328","1.10","0.0","--","--","--","7,596","--","--","No","00:01:10.0","6","00:42:18","00:52:18","1,303","1,620"
Running,2022-07-01 12:13:25,false,"Claremont Running","0.43","255","00:59:24","113","145","1.4","7","181","--","12:40","77","74","1.75","0.0","--","--","--","922","--","--","No","00:59:24","1","00:00:58","00:59:24","1,030","1,108"
Running,2022-06-30 09:39:22,false,"Upland Running","4.64","355","00:40:06","147","171","3.2","178","188","8:38","7:44","238","277","1.05","0.0","--","--","--","7,182","--","--","No","00:05:29.9","5","00:39:52","00:46:19","1,302","1,549"
Running,2022-06-29 09:08:40,false,"Upland Running","4.00","304","00:36:39","142","163","2.9","180","187","9:09","8:07","116","125","0.98","0.0","--","--","--","6,582","--","--","No","00:00:02.0","5","00:36:37","00:40:15","1,556","1,609"
Running,2022-06-28 09:05:51,false,"Upland Running","5.58","415","00:45:02","160","183","3.6","176","190","8:04","7:35","158","164","1.14","0.0","--","--","--","7,902","--","--","No","00:04:44.8","6","00:44:58","00:51:38","1,537","1,620"
Running,2022-06-26 08:23:46,false,"Upland Running","6.02","460","00:50:06","156","179","3.6","178","187","8:19","7:08","126","130","1.09","0.0","--","--","--","8,920","--","--","No","00:00:06.9","7","00:49:47","00:56:58","1,556","1,618"
Running,2022-06-25 09:14:39,false,"Upland Running","4.67","357","00:40:04","153","171","3.3","177","190","8:35","7:46","79","81","1.06","0.0","--","--","--","7,104","--","--","No","00:05:36.1","5","00:39:58","00:44:06","1,556","1,616"
Running,2022-06-23 10:17:11,false,"Upland Running","3.72","276","00:33:43","144","163","2.7","175","186","9:04","8:13","126","137","1.02","0.0","--","--","--","5,934","--","--","No","00:06:17.4","4","00:33:31","00:39:29","1,303","1,347"
Running,2022-06-22 08:45:34,false,"Upland Running","4.01","302","00:33:33","150","173","3.2","174","205","8:23","7:19","60","69","1.11","0.0","--","--","--","5,882","--","--","No","00:00:02.5","5","00:33:26","00:40:22","1,233","1,303"
Running,2022-06-21 09:03:28,false,"Upland Running","3.17","245","00:26:33","152","173","3.1","174","190","8:22","7:44","23","80","1.10","0.0","--","--","--","4,678","--","--","No","00:01:27.4","4","00:26:21","00:29:52","1,233","1,299"
Running,2022-06-19 17:55:48,false,"Upland Running","3.01","220","00:24:15","153","173","3.0","173","182","8:04","7:20","65","26","1.15","0.0","--","--","--","4,210","--","--","No","00:00:02.5","4","00:24:06","00:28:18","1,232","1,300"
Running,2022-06-16 18:09:22,false,"Davis Running","3.59","268","00:30:02","141","155","3.0","176","184","8:22","7:40","--","--","1.10","0.0","--","--","--","5,294","--","--","No","00:04:53.0","4","00:30:00","00:33:17","49","56"
Running,2022-06-15 19:12:15,false,"Davis Running","4.01","294","00:32:24","146","161","3.1","175","186","8:04","7:33","7","7","1.14","0.0","--","--","--","5,638","--","--","No","00:00:06.4","5","00:32:23","00:37:32","49","59"
Running,2022-06-14 17:40:02,false,"Davis Running","3.02","219","00:25:17","144","161","2.7","174","182","8:22","7:23","6","5","1.11","0.0","--","--","--","4,398","--","--","No","00:00:11.5","4","00:25:16","00:29:11","44","79"
Running,2022-06-13 19:15:49,false,"Davis Running","3.01","212","00:24:20","144","164","2.8","174","182","8:06","7:21","--","--","1.14","0.0","--","--","--","4,228","--","--","No","00:00:02.8","4","00:24:18","00:26:04","49","56"
Running,2022-06-08 08:40:04,false,"Davis Running","4.91","363","00:40:17","147","165","3.2","178","188","8:13","7:39","9","9","1.10","0.0","--","--","--","7,148","--","--","No","00:07:24.8","5","00:40:12","00:46:19","43","56"
Running,2022-06-05 09:10:32,false,"Davis Running","7.29","550","01:00:04","154","169","3.6","180","190","8:15","7:33","22","22","1.08","0.0","--","--","--","10,834","--","--","No","00:02:19.4","8","01:00:01","01:07:12","33","62"
Running,2022-06-03 08:39:18,false,"Davis Running","4.59","331","00:42:09","134","151","2.6","177","186","9:12","8:11","28","28","0.99","0.0","--","--","--","7,466","--","--","No","00:05:19.5","5","00:41:55","00:52:28","8","66"
Running,2022-06-02 08:06:56,false,"Davis Running","5.58","417","00:49:44","134","150","3.2","177","186","8:55","8:20","28","28","1.02","0.0","--","--","--","8,846","--","--","No","00:05:15.4","6","00:49:32","01:02:56","35","55"
Running,2022-06-01 09:21:09,false,"Davis Running","5.71","424","00:45:03","154","170","3.6","175","184","7:53","7:30","10","10","1.17","0.0","--","--","--","7,906","--","--","No","00:05:38.9","6","00:44:52","00:50:55","39","62"
Running,2022-05-30 11:08:55,false,"Davis Running","6.22","466","00:50:04","158","173","3.7","175","186","8:03","7:05","11","11","1.14","0.0","--","--","--","8,754","--","--","No","00:01:43.6","7","00:49:58","00:54:55","44","66"
Running,2022-05-29 09:56:54,false,"Davis Running","4.65","347","00:40:04","146","161","3.2","173","182","8:37","7:05","10","9","1.08","0.0","--","--","--","6,940","--","--","No","00:05:29.6","5","00:39:56","00:43:46","49","59"
Running,2022-05-28 09:26:40,false,"Davis Running","5.27","388","00:40:05","158","180","3.9","175","184","7:37","6:57","19","17","1.21","0.0","--","--","--","7,020","--","--","No","00:05:03.2","6","00:40:00","00:46:09","1","56"
Running,2022-05-27 11:31:20,false,"Yolo County Running","6.25","454","00:50:14","155","180","3.5","174","186","8:03","7:09","--","3","1.15","0.0","--","--","--","8,752","--","--","No","00:01:56.2","7","00:50:10","00:57:14","52","59"
Treadmill Running,2022-05-25 13:52:11,false,"Treadmill Running","5.40","415","00:45:03","160","177","3.6","167","180","8:21","7:41","--","--","1.16","0.0","--","--","--","7,522","--","--","No","00:03:15.5","6","00:45:02","00:51:57","--","--"
Running,2022-05-24 06:15:40,false,"El Monte Running","2.81","211","00:22:34","148","163","3.3","174","184","8:02","7:05","8","10","1.15","0.0","--","--","--","3,926","--","--","No","00:06:16.3","3","00:22:27","00:22:55","292","302"
Running,2022-05-23 06:49:03,false,"Davis Running","3.54","277","00:30:12","147","163","3.3","176","184","8:31","7:54","--","--","1.07","0.0","--","--","--","5,308","--","--","No","00:04:39.9","4","00:30:11","00:30:12","49","56"
Running,2022-05-22 09:20:55,false,"Davis Running","5.63","426","00:45:02","158","177","3.9","176","184","8:00","7:11","14","10","1.14","0.0","--","--","--","7,908","--","--","No","00:05:12.4","6","00:45:00","00:50:36","43","69"
Running,2022-05-21 10:04:42,false,"Davis Running","5.59","406","00:45:06","153","175","3.4","174","182","8:04","7:32","7","13","1.15","0.0","--","--","--","7,896","--","--","No","00:04:42.1","6","00:45:01","00:56:36","43","59"
Pool Swim,2022-05-19 12:03:59,false,"Pool Swimming","1,975","244","00:45:18","109","129","0.9","--","--","2:14","0:54","--","--","--","0.0","1201","49","27","--","--","--","No","00:10:43","2","00:44:13","00:47:19","--","--"
Running,2022-05-18 06:36:21,false,"Davis Running","4.02","286","00:30:08","155","182","3.5","176","186","7:30","6:45","3","3","1.22","0.0","--","--","--","5,312","--","--","No","00:00:07.6","5","00:30:05","00:34:25","49","59"
Running,2022-05-17 08:15:05,false,"Davis Running","5.52","429","00:45:03","162","189","3.8","178","189","8:09","7:33","37","37","1.11","0.0","--","--","--","7,994","--","--","No","00:04:27.0","6","00:45:01","00:58:27","35","59"
Running,2022-05-14 08:42:33,false,"Davis Running","4.96","368","00:40:06","143","164","3.5","177","188","8:05","7:37","24","28","1.12","0.0","--","--","--","7,134","--","--","No","00:07:42.7","5","00:39:58","00:52:20","33","56"
Running,2022-05-13 11:13:43,false,"Yolo County Running","3.31","240","00:25:06","148","165","3.3","173","177","7:35","7:07","8","5","1.23","0.0","--","--","--","4,332","--","--","No","00:02:20.2","4","00:25:05","00:32:37","52","62"
Running,2022-05-11 13:24:15,false,"Davis Running","4.39","316","00:35:01","152","182","3.5","175","183","7:59","7:05","21","21","1.15","0.0","--","--","--","6,126","--","--","No","00:03:07.5","5","00:35:00","00:37:29","-1","66"
Running,2022-05-10 09:19:30,false,"Yolo County Running","3.79","278","00:30:18","146","166","3.4","174","186","8:00","7:17","10","13","1.16","0.0","--","--","--","5,306","--","--","No","00:06:06.5","4","00:30:03","00:35:52","49","59"
Running,2022-05-08 10:43:08,false,"Yolo County Running","3.64","270","00:30:09","140","160","3.2","173","179","8:17","7:42","3","3","1.12","0.0","--","--","--","5,256","--","--","No","00:05:16.8","4","00:30:07","00:33:05","49","52"
Running,2022-05-07 09:49:14,false,"Davis Running","3.60","270","00:30:09","148","169","3.3","172","178","8:22","7:42","3","3","1.11","0.0","--","--","--","5,196","--","--","No","00:05:01.5","4","00:30:05","00:33:49","46","49"
Running,2022-04-29 12:43:44,false,"Davis Running","3.58","266","00:30:07","147","161","3.3","175","187","8:24","7:27","52","55","1.09","0.0","--","--","--","5,254","--","--","No","00:04:59.7","4","00:30:04","00:31:55","7","56"
Running,2022-04-25 14:10:04,false,"Davis Running","3.90","262","00:30:12","158","182","3.3","176","185","7:45","6:31","14","11","1.18","0.0","--","--","--","5,280","--","--","No","00:06:52.0","4","00:30:10","00:34:45","43","65"
Running,2022-04-24 09:27:32,false,"Davis Running","3.83","203","00:30:08","137","149","2.2","174","183","7:52","6:43","10","11","1.17","0.0","--","--","--","5,206","--","--","No","00:06:34.8","4","00:30:04","00:33:18","38","49"
Running,2022-04-21 09:45:49,false,"Yolo County Running","3.66","264","00:30:14","158","179","3.4","176","183","8:15","7:42","6","9","1.11","0.0","--","--","--","5,288","--","--","No","00:05:19.0","4","00:30:13","00:33:07","43","59"
Running,2022-04-20 14:16:11,false,"Davis Running","3.33","227","00:25:11","163","185","3.3","175","181","7:34","6:57","10","12","1.21","0.0","--","--","--","4,382","--","--","No","00:02:25.7","4","00:25:10","00:25:11","43","56"
Running,2022-04-18 14:19:27,false,"Davis Running","3.23","210","00:25:09","153","179","3.0","173","181","7:48","7:16","--","--","1.19","0.0","--","--","--","4,316","--","--","No","00:01:40.6","4","00:25:09","00:26:11","43","46"
Running,2022-04-16 17:11:27,false,"Davis Running","2.94","194","00:22:26","157","166","3.0","175","189","7:38","6:52","--","3","1.20","0.0","--","--","--","3,942","--","--","No","00:07:05.3","3","00:22:26","00:26:48","43","46"
Running,2022-04-15 13:10:05,false,"Davis Running","2.61","166","00:20:17","152","176","2.8","174","183","7:46","6:51","--","--","1.19","0.0","--","--","--","3,504","--","--","No","00:04:34.3","3","00:20:16","00:21:30","43","43"
Running,2022-04-13 09:17:29,false,"Davis Running","2.31","113","00:18:09","133","141","1.7","174","181","7:51","7:00","6","6","1.18","0.0","--","--","--","3,130","--","--","No","00:02:24.6","3","00:18:07","00:20:29","43","55"
Running,2022-04-11 13:49:07,false,"Yolo County Running","2.01","107","00:15:27","138","165","2.2","174","183","7:41","7:17","--","--","1.20","0.0","--","--","--","2,676","--","--","No","00:00:04.4","3","00:15:26","00:15:27","43","56"
Running,2022-04-09 11:59:13,false,"Berkeley Running","1.81","112","00:18:14","132","183","2.4","157","181","10:03","6:39","83","72","0.99","0.0","--","--","--","2,766","--","--","No","00:04:02.4","3","00:18:12","00:18:46","214","319"
Running,2022-04-07 09:47:06,false,"Davis Running","1.64","91","00:15:47","126","162","2.0","156","179","9:38","6:52","--","7","1.03","0.0","--","--","--","2,424","--","--","No","00:02:30.8","3","00:15:46","00:22:02","43","55"
Running,2022-04-05 09:25:30,false,"Yolo County Running","1.45","72","00:15:51","113","139","1.4","152","238","10:55","7:17","--","--","0.95","0.0","--","--","--","2,396","--","--","No","00:00:53.6","3","00:15:50","00:15:51","49","52"
Other,2022-03-15 09:21:51,false,"Yolo County Other","4.01","211","00:30:20","141","158","2.3","176","189","7.9","9.9","--","3","1.21","0.0","--","--","--","5,316","--","--","No","00:30:20","1","00:30:19","00:30:38","44","59"
Running,2022-03-05 09:59:29,false,"Davis Running","5.25","411","00:44:06","171","198","3.9","176","211","8:24","3:47","10","13","1.09","0.0","--","--","--","7,704","--","--","No","00:02:04.9","6","00:43:56","01:08:42","-9","46"
Running,2022-03-03 14:46:04,false,"Yolo County Running","1.26","75","00:10:05","142","166","1.7","178","187","8:00","7:10","--","--","1.13","0.0","--","--","--","1,800","--","--","No","00:01:59.8","2","00:10:04","00:10:05","47","59"
Running,2022-03-02 14:37:08,false,"Yolo County Running","6.36","400","00:50:16","154","190","3.1","178","191","7:55","6:18","19","19","1.14","0.0","--","--","--","8,932","--","--","No","00:02:42.4","7","00:50:15","00:58:57","33","59"
Running,2022-03-01 15:38:00,false,"Yolo County Running","1.91","146","00:20:02","142","170","2.0","170","185","10:31","7:47","6","6","0.89","0.0","--","--","--","3,434","--","--","No","00:08:49.8","2","00:19:54","00:27:23","-6","56"
Running,2022-03-01 15:16:38,false,"Yolo County Running","0.95","47","00:07:45.0","132","160","1.3","166","204","8:08","3:49","--","--","1.15","0.0","--","--","--","892","--","--","No","00:01:11.1","5","00:06:24.4","00:16:12","49","52"
Running,2022-03-01 14:41:00,false,"Yolo County Running","1.96","130","00:15:00","157","171","2.4","177","187","7:39","7:08","--","--","1.19","0.0","--","--","--","2,658","--","--","No","00:07:18.1","2","00:14:58","00:16:15","46","59"
Running,2022-02-27 15:21:37,false,"Davis Running","6.42","377","00:50:24","150","183","3.0","178","185","7:51","6:45","33","35","1.16","0.0","--","--","--","8,938","--","--","No","00:03:07.4","7","00:50:21","01:08:39","44","69"
Running,2022-02-26 10:19:34,false,"Davis Running","5.16","292","00:41:55","142","190","2.9","177","185","8:07","7:30","10","10","1.12","0.0","--","--","--","7,374","--","--","No","00:01:23.6","6","00:41:51","00:52:10","49","59"
Running,2022-02-25 10:08:20,false,"Yolo County Running","1.66","111","00:15:00","142","156","2.0","171","187","9:01","8:17","40","3","1.04","0.0","--","--","--","2,550","--","--","No","00:05:47.2","2","00:14:53","00:16:52","12","52"
Running,2022-02-25 09:26:51,false,"Yolo County Running","3.46","157","00:31:40","124","153","1.5","166","204","9:09","4:22","3","3","1.01","0.0","--","--","--","3,934","--","--","No","00:00:06.4","14","00:29:12","00:31:40","49","52"
Running,2022-02-25 08:59:07,false,"Yolo County Running","1.84","108","00:15:03","139","158","1.9","177","183","8:11","7:21","--","--","1.11","0.0","--","--","--","2,666","--","--","No","00:06:46.4","2","00:15:03","00:15:05","43","56"
Running,2022-02-23 14:39:35,false,"Yolo County Running","6.02","433","00:50:09","160","181","3.5","175","187","8:20","6:47","7","10","1.10","0.0","--","--","--","8,762","--","--","No","00:00:09.5","7","00:50:04","00:54:36","21","56"
Running,2022-02-22 15:50:05,false,"Yolo County Running","1.53","136","00:15:03","158","183","2.4","174","185","9:51","7:25","--","4","0.94","0.0","--","--","--","2,604","--","--","No","00:04:34.9","2","00:15:01","00:16:59","46","56"
Running,2022-02-22 15:11:39,false,"Yolo County Running","3.60","220","00:25:02","157","171","2.8","178","198","6:58","4:50","--","--","1.29","0.0","--","--","--","4,330","--","--","No","00:01:01.7","11","00:24:43","00:25:02","49","51"
Running,2022-02-22 14:45:26,false,"Yolo County Running","1.92","121","00:15:01","146","158","2.1","176","185","7:49","6:27","--","--","1.17","0.0","--","--","--","2,668","--","--","No","00:07:07.7","2","00:15:01","00:15:37","44","59"
Running,2022-02-20 09:29:07,false,"Davis Running","9.91","559","01:15:01","150","182","3.1","178","187","7:34","6:32","71","71","1.19","0.0","--","--","--","13,344","--","--","No","00:06:41.7","10","01:14:59","01:22:02","38","72"
Running,2022-02-19 12:01:07,false,"Yolo County Running","6.01","302","00:48:06","138","181","2.3","176","185","8:00","7:21","8","12","1.14","0.0","--","--","--","8,480","--","--","No","00:00:06.0","7","00:48:05","00:57:25","49","62"
Running,2022-02-18 09:12:52,false,"Solano County Running","1.79","142","00:15:00","174","187","2.8","176","185","8:23","7:20","--","--","1.09","0.0","--","--","--","2,624","--","--","No","00:06:30.2","2","00:14:59","00:17:39","43","59"
Running,2022-02-18 08:48:30,false,"Solano County Running","3.07","182","00:20:03","169","186","3.0","181","244","6:32","4:32","28","31","1.36","0.0","--","--","--","3,588","--","--","No","00:00:25.8","4","00:20:02","00:20:03","33","52"
Running,2022-02-18 08:28:45,false,"Yolo County Running","1.95","95","00:15:01","133","152","1.6","179","193","7:42","7:12","3","--","1.17","0.0","--","--","--","2,676","--","--","No","00:07:17.7","2","00:15:01","00:15:42","46","60"
Running,2022-02-16 15:52:10,false,"Yolo County Running","1.53","124","00:15:02","153","189","2.3","175","191","9:50","7:45","6","6","0.93","0.0","--","--","--","2,618","--","--","No","00:04:47.9","2","00:14:59","00:15:49","46","56"
Running,2022-02-16 15:21:51,false,"Yolo County Running","1.75","56","00:10:06","126","168","1.3","178","218","5:47","3:52","28","3","1.54","0.0","--","--","--","1,508","--","--","No","00:00:00.4","7","00:09:58.2","00:22:27","24","52"
Running,2022-02-16 14:46:14,false,"Yolo County Running","1.89","107","00:15:06","139","151","1.8","177","193","7:58","7:06","--","--","1.14","0.0","--","--","--","2,672","--","--","No","00:07:05.5","2","00:15:05","00:16:16","44","60"
Running,2022-02-15 14:37:48,false,"Yolo County Running","5.91","399","00:45:38","163","185","3.7","178","187","7:43","6:37","35","32","1.17","0.0","--","--","--","8,122","--","--","No","00:07:07.2","6","00:45:37","00:48:47","43","69"
Running,2022-02-13 09:25:22,false,"Davis Running","5.41","297","00:41:11","148","158","2.8","178","189","7:37","5:44","13","13","1.19","0.0","--","--","--","7,322","--","--","No","00:03:02.1","6","00:41:08","00:45:28","13","52"
Running,2022-02-12 09:51:59,false,"Davis Running","6.24","431","00:52:18","162","195","3.6","178","244","8:23","3:05","10","10","1.08","0.0","--","--","--","9,280","--","--","No","00:02:04.9","7","00:52:16","01:15:38","33","46"
Running,2022-02-10 15:45:21,false,"Yolo County Running","0.70","50","00:06:11.3","155","192","1.7","179","189","8:51","8:04","--","--","1.02","0.0","--","--","--","1,100","--","--","No","00:06:11.3","1","00:06:11","00:06:14.9","48","56"
Running,2022-02-10 15:10:27,false,"Yolo County Running","4.26","244","00:30:03","163","185","3.2","179","187","7:03","6:06","5","5","1.27","0.0","--","--","--","5,374","--","--","No","00:03:58.8","5","00:30:03","00:30:25","43","62"
Running,2022-02-09 14:39:03,false,"Yolo County Running","5.40","427","00:44:51","180","204","4.5","178","197","8:18","6:58","13","13","1.09","0.0","--","--","--","7,938","--","--","No","00:03:29.8","6","00:44:48","00:50:19","43","52"
Running,2022-02-08 15:54:56,false,"Yolo County Running","1.58","135","00:15:04","167","175","2.6","175","228","9:31","7:54","7","7","0.97","0.0","--","--","--","2,618","--","--","No","00:05:31.2","2","00:14:56","00:17:25","46","52"
Running,2022-02-08 15:22:22,false,"Yolo County Running","2.04","77","00:10:06","159","170","2.1","190","204","4:57","4:40","--","3","1.72","0.0","--","--","--","1,756","--","--","No","00:00:00.3","7","00:09:59.3","00:20:19","49","52"
Running,2022-02-08 14:52:22,false,"Yolo County Running","1.92","132","00:15:02","169","176","2.7","180","195","7:50","6:39","--","--","1.14","0.0","--","--","--","2,692","--","--","No","00:07:03.7","2","00:15:02","00:15:42","45","60"
Running,2022-02-06 09:24:12,false,"Yolo County Running","9.28","641","01:10:28","178","200","5.0","180","197","7:35","5:54","102","100","1.18","0.0","--","--","--","12,630","--","--","No","00:02:06.8","10","01:10:25","01:20:09","-30","33"
Running,2022-02-05 09:55:32,false,"Yolo County Running","5.92","432","00:45:13","183","199","4.5","178","191","7:38","5:23","10","10","1.18","0.0","--","--","--","8,052","--","--","No","00:00:36.6","11","00:45:09","00:50:18","49","66"
Running,2022-02-04 14:38:10,false,"Davis Running","5.56","408","00:45:07","171","200","3.9","175","185","8:07","6:11","22","23","1.13","0.0","--","--","--","7,860","--","--","No","00:04:27.2","6","00:45:02","00:46:50","46","66"
Running,2022-02-03 15:48:33,false,"Yolo County Running","1.61","135","00:15:06","163","177","2.5","170","183","9:23","7:46","26","--","1.01","0.0","--","--","--","2,552","--","--","No","00:05:26.2","2","00:15:06","00:15:06","27","52"
Running,2022-02-03 15:20:51,false,"Yolo County Running","2.47","156","00:22:42","143","166","2.1","168","198","9:11","4:38","--","3","0.99","0.0","--","--","--","2,728","--","--","No","00:02:40.2","7","00:19:34","00:22:42","49","52"
Running,2022-02-03 14:48:19,false,"Yolo County Running","1.93","126","00:15:03","156","183","2.4","176","187","7:48","6:19","--","2","1.17","0.0","--","--","--","2,656","--","--","No","00:07:05.0","2","00:15:00","00:16:31","43","56"
Running,2022-02-01 15:56:21,false,"Yolo County Running","1.58","144","00:15:06","173","187","2.8","174","191","9:34","7:20","--","3","0.97","0.0","--","--","--","2,592","--","--","No","00:05:26.3","2","00:15:05","00:17:35","20","56"
Running,2022-02-01 15:17:56,false,"Yolo County Running","4.52","274","00:30:09","167","183","3.3","179","197","6:40","5:11","--","1","1.34","0.0","--","--","--","5,372","--","--","No","00:01:59.3","15","00:30:06","00:30:09","49","51"
Running,2022-02-01 14:48:16,false,"Yolo County Running","1.97","130","00:15:25","153","182","2.3","177","185","7:50","7:10","--","--","1.16","0.0","--","--","--","2,702","--","--","No","00:07:31.3","2","00:15:24","00:17:00","43","60"
Running,2022-01-30 11:50:25,false,"Davis Running","9.20","556","01:10:06","156","188","3.8","175","187","7:37","6:55","26","26","1.20","0.0","--","--","--","12,238","--","--","No","00:01:26.5","10","01:10:00","01:20:01","33","56"
Running,2022-01-29 14:26:24,false,"Davis Running","4.77","346","00:37:38","169","193","3.6","174","183","7:54","7:00","7","7","1.17","0.0","--","--","--","6,534","--","--","No","00:06:00.2","5","00:37:35","00:43:38","17","62"
Running,2022-01-28 15:35:52,false,"Yolo County Running","1.04","90","00:10:05","163","180","2.2","174","191","9:43","7:50","7","--","0.95","0.0","--","--","--","1,736","--","--","No","00:00:20.5","2","00:10:03","00:18:33","39","48"
Running,2022-01-28 15:11:20,false,"Yolo County Running","3.09","161","00:20:03","151","177","2.4","180","199","6:29","4:55","--","--","1.38","0.0","--","--","--","3,572","--","--","No","00:00:33.9","4","00:20:01","00:21:51","39","46"
Running,2022-01-28 14:45:38,false,"Davis Running","1.95","116","00:15:06","147","169","2.1","174","187","7:45","7:03","--","3","1.20","0.0","--","--","--","2,606","--","--","No","00:07:30.0","2","00:15:05","00:15:33","41","49"
Running,2022-01-26 14:38:22,false,"Yolo County Running","5.75","372","00:45:02","159","185","3.3","176","194","7:50","6:25","10","13","1.16","0.0","--","--","--","7,896","--","--","No","00:05:45.3","6","00:45:01","00:55:36","49","59"
Running,2022-01-25 15:49:42,false,"Yolo County Running","1.07","88","00:09:23.0","174","186","2.3","175","183","8:44","7:55","24","--","1.05","0.0","--","--","--","1,628","--","--","No","00:00:38.9","2","00:09:23.0","00:09:23.0","28","58"
Running,2022-01-25 15:35:31,false,"Yolo County Running","2.13","113","00:13:15","175","183","2.7","179","195","6:14","4:56","--","--","1.44","0.0","--","--","--","2,308","--","--","No","00:00:40.3","16","00:13:13","00:13:15","49","52"
Running,2022-01-25 15:03:53,false,"Yolo County Running","1.86","136","00:15:04","171","180","2.7","174","218","8:05","6:31","--","--","1.14","0.0","--","--","--","2,608","--","--","No","00:06:59.4","2","00:15:03","00:17:51","48","60"
Running,2022-01-23 09:26:54,false,"West Sacramento Running","8.28","628","01:05:00","175","191","5.0","178","244","7:51","5:47","39","43","1.15","0.0","--","--","--","11,576","--","--","No","00:02:11.4","9","01:04:59","01:18:01","7","33"
Running,2022-01-22 09:51:07,false,"Davis Running","5.11","380","00:40:19","169","187","3.7","179","189","7:54","5:48","13","13","1.14","0.0","--","--","--","7,154","--","--","No","00:00:31.0","15","00:40:17","00:43:03","33","46"
Running,2022-01-20 15:10:48,false,"Yolo County Running","0.58","46","00:05:20.0","152","160","1.6","175","183","9:09","8:33","47","--","1.00","0.0","--","--","--","930","--","--","No","00:05:20.0","1","00:05:19","00:05:20.0","5","52"
Running,2022-01-20 14:39:25,false,"Yolo County Running","3.80","210","00:25:25","154","173","2.8","178","183","6:42","6:20","4","4","1.35","0.0","--","--","--","4,492","--","--","No","00:01:00.4","5","00:25:25","00:25:33","43","62"
Running,2022-01-19 14:35:49,false,"Yolo County Running","5.77","376","00:45:01","159","186","3.3","177","195","7:48","6:45","10","10","1.17","0.0","--","--","--","7,942","--","--","No","00:06:14.6","6","00:44:57","00:52:30","10","64"
Running,2022-01-18 15:12:35,false,"Yolo County Running","1.25","116","00:12:03","176","199","2.6","175","179","9:38","8:41","--","--","0.96","0.0","--","--","--","2,106","--","--","No","00:02:28.6","2","00:12:03","00:12:03","48","59"
Running,2022-01-18 14:51:07,false,"Oof 📉","2.19","144","00:15:03","179","187","3.0","177","195","6:53","4:52","--","1","1.31","0.0","--","--","--","2,632","--","--","No","00:00:59.4","8","00:15:01","00:20:55","49","51"
Running,2022-01-18 14:24:08,false,"Yolo County Running","1.90","145","00:15:21","170","189","2.7","173","185","8:04","6:12","--","--","1.15","0.0","--","--","--","2,654","--","--","No","00:07:14.9","2","00:15:19","00:16:55","14","59"
Running,2022-01-16 09:28:36,false,"Yolo County Running","8.79","602","01:05:03","170","179","4.2","179","187","7:24","6:50","26","24","1.21","0.0","--","--","--","11,656","--","--","No","00:06:01.2","9","01:05:01","01:06:02","8","28"
Running,2022-01-14 15:09:36,false,"Davis Running","5.23","383","00:40:43","175","204","3.7","177","248","7:47","5:28","10","10","1.16","0.0","--","--","--","7,194","--","--","No","00:02:00.2","11","00:40:42","00:44:09","39","49"
Running,2022-01-14 14:46:36,false,"Davis Running","2.03","139","00:15:53","159","188","2.5","175","191","7:49","7:12","9","13","1.17","0.0","--","--","--","2,782","--","--","No","00:00:14.6","3","00:15:53","00:16:55","36","49"
Running,2022-01-13 14:38:37,false,"Yolo County Running","6.03","301","00:45:48","140","147","2.2","178","187","7:36","6:33","8","6","1.19","0.0","--","--","--","8,174","--","--","No","00:00:12.0","7","00:45:48","00:45:48","34","56"
Running,2022-01-12 13:51:13,false,"Yolo County Running","5.83","401","00:45:05","169","189","3.9","177","191","7:44","6:54","13","13","1.18","0.0","--","--","--","7,978","--","--","No","00:06:27.5","6","00:45:01","00:48:41","49","59"
Running,2022-01-11 15:13:56,false,"Yolo County Running","1.31","106","00:11:30","174","182","2.5","174","181","8:49","7:53","6","9","1.05","0.0","--","--","--","1,952","--","--","No","00:02:38.7","2","00:11:30","00:11:30","46","56"
Running,2022-01-11 14:52:09,false,"Yolo County Running","3.01","179","00:20:19","168","182","3.0","179","187","6:44","5:50","3","8","1.34","0.0","--","--","--","3,614","--","--","No","00:00:04.7","4","00:20:18","00:20:19","43","62"
Running,2022-01-11 14:36:49,false,"Yolo County Running","1.22","85","00:10:02","164","186","2.2","174","181","8:12","7:44","47","--","1.13","0.0","--","--","--","1,732","--","--","No","00:01:49.1","2","00:10:02","00:11:39","5","56"
Running,2022-01-09 09:23:03,false,"Solano County Running","6.01","457","00:50:14","170","184","4.2","176","221","8:21","6:37","56","52","1.09","0.0","--","--","--","8,842","--","--","No","00:00:06.7","7","00:50:11","00:55:15","33","57"
Running,2022-01-08 10:23:08,false,"Davis Running","5.77","423","00:45:03","172","198","4.2","174","183","7:48","6:48","13","13","1.18","0.0","--","--","--","7,810","--","--","No","00:05:51.3","6","00:45:01","00:48:25","33","46"
Running,2022-01-07 15:37:16,false,"Davis Running","5.16","371","00:40:21","166","187","3.9","175","183","7:49","7:27","7","10","1.18","0.0","--","--","--","7,052","--","--","No","00:01:17.1","6","00:40:20","00:41:50","49","62"
Running,2022-01-06 16:15:53,false,"Davis Running","2.86","192","00:24:14","148","176","2.8","175","191","8:29","7:45","4","4","1.08","0.0","--","--","--","4,246","--","--","No","00:06:57.4","3","00:24:12","00:24:57","43","59"
Running,2022-01-05 08:13:14,false,"Covina Running","4.02","251","00:32:51","147","182","3.0","176","186","8:10","7:32","5","8","1.12","0.0","--","--","--","5,794","--","--","No","00:00:11.5","5","00:32:50","00:35:30","600","610"
Running,2022-01-04 14:25:56,false,"West Covina Running","5.02","340","00:39:12","159","179","3.4","175","181","7:49","6:49","19","17","1.18","0.0","--","--","--","6,810","--","--","No","00:00:06.9","6","00:39:11","00:42:53","443","463"
Running,2022-01-03 16:15:13,false,"Covina Running","1.01","75","00:08:16.9","165","184","2.3","175","179","8:14","7:56","--","--","1.12","0.0","--","--","--","1,444","--","--","No","00:00:03.3","2","00:08:16.6","00:08:16.9","600","610"
Running,2022-01-03 15:42:40,false,"Covina Running","4.21","261","00:30:02","159","178","3.3","173","179","7:08","6:31","13","13","1.30","0.0","--","--","--","5,160","--","--","No","00:01:25.0","5","00:30:01","00:30:02","600","610"
Running,2022-01-02 15:40:56,false,"West Covina Running","4.01","267","00:31:37","156","184","3.3","173","235","7:53","6:37","37","34","1.18","0.0","--","--","--","5,418","--","--","No","00:00:05.6","5","00:31:35","00:33:34","433","463"
Running,2022-01-01 15:52:35,false,"West Covina Running","3.02","215","00:23:56","163","180","3.1","172","179","7:56","7:26","31","31","1.18","0.0","--","--","--","4,096","--","--","No","00:00:06.6","4","00:23:55","00:25:10","440","465"
Running,2021-12-28 10:31:57,false,"Rancho Cucamonga Running","4.01","250","00:31:49","151","186","2.8","176","184","7:55","7:01","153","78","1.15","0.0","--","--","--","5,576","--","--","No","00:00:06.4","5","00:31:46","00:46:35","1,277","1,407"
Running,2021-12-26 09:18:24,false,"Rancho Cucamonga Running","3.59","179","00:45:02","111","158","1.4","150","244","12:32","8:02","76","115","0.84","0.0","--","--","--","6,552","--","--","No","00:03:50.7","5","00:45:01","00:45:14","1,445","1,561"
Running,2021-12-19 11:03:11,false,"Rancho Cucamonga Running","5.09","304","00:41:34","149","180","2.8","178","189","8:10","7:17","229","234","1.10","0.0","--","--","--","7,380","--","--","No","00:00:45.6","6","00:41:32","00:54:27","1,462","1,619"
Running,2021-12-18 08:06:29,false,"Covina Running","1.66","128","00:15:01","157","179","2.4","175","179","9:02","8:38","7","7","1.02","0.0","--","--","--","2,624","--","--","No","00:05:58.5","2","00:15:01","00:15:01","486","494"
Running,2021-12-18 07:49:40,false,"Covina Running","1.55","101","00:14:29","143","178","1.9","164","235","9:19","4:17","3","7","0.98","0.0","--","--","--","1,798","--","--","No","00:00:02.5","10","00:13:22","00:14:29","486","494"
Running,2021-12-18 07:15:24,false,"Covina Running","3.13","203","00:25:03","152","167","2.6","179","185","8:01","7:28","60","60","1.12","0.0","--","--","--","4,480","--","--","No","00:01:01.8","4","00:24:59","00:25:22","476","509"
Running,2021-12-16 12:02:48,false,"Rancho Cucamonga Running","6.34","430","00:51:29","161","179","3.5","178","201","8:07","4:38","127","119","1.11","0.0","--","--","--","8,994","--","--","No","00:00:45.0","21","00:51:18","01:10:44","1,273","1,406"
Running,2021-12-12 14:24:09,false,"Upland Running","9.19","305","01:15:05","121","145","1.7","178","187","8:10","7:21","261","277","1.11","0.0","--","--","--","13,308","--","--","No","00:01:33.6","10","01:15:02","01:30:17","1,232","1,397"
Running,2021-12-11 08:24:12,false,"Yolo County Running","4.82","271","00:37:59","144","179","2.5","179","202","7:53","4:32","10","13","1.14","0.0","--","--","--","6,576","--","--","No","00:06:42.1","5","00:37:23","00:54:36","46","59"
Running,2021-12-09 09:30:18,false,"Yolo County Running","5.17","344","00:40:51","161","187","3.3","179","204","7:54","4:54","6","9","1.13","0.0","--","--","--","7,256","--","--","No","00:00:58.7","19","00:40:42","00:56:51","43","58"
Running,2021-12-08 09:23:50,false,"Yolo County Running","5.56","339","00:45:04","149","172","3.0","180","193","8:07","7:10","10","10","1.10","0.0","--","--","--","8,100","--","--","No","00:04:25.6","6","00:44:59","00:48:09","49","62"
Running,2021-12-07 12:10:46,false,"Yolo County Running","1.62","133","00:14:40","168","180","2.6","176","189","9:04","7:45","6","6","1.01","0.0","--","--","--","2,572","--","--","No","00:05:45.7","2","00:14:39","00:17:23","46","52"
Running,2021-12-07 11:44:00,false,"Yolo County Running","3.23","175","00:20:00","164","174","2.9","181","204","6:12","4:41","--","2","1.43","0.0","--","--","--","3,546","--","--","No","00:02:02.8","8","00:19:58","00:20:32","49","52"
Running,2021-12-07 11:18:30,false,"Yolo County Running","1.83","128","00:15:21","155","178","2.4","177","185","8:22","7:19","--","--","1.09","0.0","--","--","--","2,706","--","--","No","00:07:01.1","2","00:15:20","00:15:21","44","59"
Running,2021-12-05 08:10:53,false,"Davis Running","9.00","669","01:10:45","174","201","4.6","178","191","7:51","6:30","22","22","1.15","0.0","--","--","--","12,592","--","--","No","00:00:01.6","10","01:10:42","01:22:05","43","52"
Running,2021-12-04 09:17:23,false,"Yolo County Running","4.85","302","00:38:46","150","161","2.8","174","201","7:59","4:07","6","7","1.16","0.0","--","--","--","6,682","--","--","No","00:06:47.3","5","00:38:42","00:51:01","46","65"
Running,2021-12-02 09:58:49,false,"Yolo County Running","1.81","124","00:16:09","144","178","2.1","180","204","8:55","7:45","14","3","1.00","0.0","--","--","--","2,900","--","--","No","00:07:11.9","2","00:16:06","00:17:04","41","56"
Running,2021-12-02 09:34:39,false,"Yolo County Running","1.97","57","00:10:24","125","147","1.2","185","204","5:16","4:28","--","2","1.65","0.0","--","--","--","1,834","--","--","No","00:00:41.5","5","00:10:20","00:20:44","49","52"
Running,2021-12-02 09:10:38,false,"Yolo County Running","1.79","87","00:15:01","126","139","1.3","180","191","8:24","6:48","--","--","1.06","0.0","--","--","--","2,708","--","--","No","00:06:38.2","2","00:15:01","00:15:01","45","58"
Running,2021-12-01 09:21:56,false,"Yolo County Running","5.93","377","00:50:27","148","164","2.5","180","189","8:30","7:04","27","28","1.05","0.0","--","--","--","9,052","--","--","No","00:07:56.4","6","00:50:26","00:51:23","34","58"
Running,2021-11-30 09:29:36,false,"Yolo County Running","5.79","372","00:40:03","170","185","3.7","179","187","6:55","6:01","48","45","1.30","0.0","--","--","--","7,164","--","--","No","00:05:23.0","6","00:40:01","00:40:03","33","62"
Running,2021-11-28 11:00:44,false,"Davis Running","8.28","489","01:05:05","153","183","3.1","177","185","7:52","6:56","13","13","1.16","0.0","--","--","--","11,494","--","--","No","00:02:23.3","9","01:05:01","01:18:41","49","66"
Running,2021-11-27 14:46:45,false,"Marin County Running","6.36","413","00:50:06","158","182","3.1","177","193","7:53","7:03","465","466","1.15","0.0","--","--","--","8,868","--","--","No","00:02:39.0","7","00:50:06","00:52:57","105","377"
Running,2021-11-26 09:17:59,false,"Yolo County Running","3.01","186","00:21:43","157","170","2.8","175","193","7:13","4:49","--","3","1.26","0.0","--","--","--","3,636","--","--","No","00:02:45.3","6","00:21:42","00:21:43","49","52"
Running,2021-11-26 08:53:16,false,"Yolo County Running","1.74","120","00:15:02","149","171","2.2","177","183","8:39","7:55","--","--","1.05","0.0","--","--","--","2,650","--","--","No","00:06:17.0","2","00:15:01","00:15:02","46","62"
Running,2021-11-23 10:14:38,false,"Yolo County Running","6.27","400","00:50:04","157","184","3.0","176","185","7:59","7:10","10","10","1.14","0.0","--","--","--","8,802","--","--","No","00:02:04.7","7","00:50:03","00:53:46","49","62"
Running,2021-11-23 10:13:49,false,"Yolo County Running","1.67","143","00:15:37","166","195","2.6","176","185","9:20","8:32","7","7","0.98","0.0","--","--","--","2,754","--","--","No","00:06:01.8","2","00:15:33","00:17:22","46","59"
Running,2021-11-23 09:28:10,false,"Solano County Running","4.87","265","00:34:12","150","165","2.6","179","200","7:02","4:52","38","32","1.28","0.0","--","--","--","6,084","--","--","No","00:00:00.7","7","00:34:10","00:44:36","33","59"
Running,2021-11-23 09:07:10,false,"Yolo County Running","2.14","125","00:16:57","144","161","2.1","179","187","7:56","7:25","3","--","1.14","0.0","--","--","--","3,024","--","--","No","00:01:09.0","3","00:16:57","00:16:57","46","59"
Running,2021-11-21 15:12:55,false,"Davis Running","8.31","591","01:05:09","169","192","4.2","177","185","7:50","7:05","26","29","1.16","0.0","--","--","--","11,528","--","--","No","00:02:20.7","9","01:05:05","01:10:59","37","69"
Hiking,2021-11-20 21:00:00,false,"Team Yosemite Falls Hike ","8.30","1,001","03:40:40","--","--","--","--","--","26:35","--","3,376","--","--","0.0","--","--","--","--","--","--","No","02:00:00","1","--:--:--","02:00:00","--","--"
Running,2021-11-18 10:39:06,false,"Yolo County Running","0.57","44","00:05:16.5","151","164","1.6","177","183","9:20","7:30","--","--","0.97","0.0","--","--","--","928","--","--","No","00:05:16.5","1","00:05:16","00:05:22.0","49","52"
Running,2021-11-18 10:18:54,false,"Yolo County Running","0.51","48","00:05:02.2","169","174","1.8","174","183","9:57","8:14","7","--","0.93","0.0","--","--","--","866","--","--","No","00:05:02.2","1","00:05:02.2","00:05:11.6","43","52"
Running,2021-11-18 09:41:42,false,"Yolo County Running","3.58","179","00:21:36","157","176","2.6","180","198","6:02","4:45","3","3","1.48","0.0","--","--","--","3,810","--","--","No","00:01:21.2","8","00:21:29","00:34:46","49","52"
Running,2021-11-18 09:17:45,false,"Yolo County Running","1.96","134","00:15:34","158","173","2.4","177","183","7:58","7:34","--","--","1.14","0.0","--","--","--","2,750","--","--","No","00:07:26.1","2","00:15:34","00:16:04","44","60"
Running,2021-11-17 09:21:45,false,"Yolo County Running","6.39","486","00:50:06","175","188","4.2","177","185","7:50","6:34","26","26","1.16","0.0","--","--","--","8,830","--","--","No","00:03:06.3","7","00:50:04","00:55:06","33","59"
Running,2021-11-16 10:06:49,false,"Yolo County Running","1.02","113","00:11:55","165","176","2.3","169","177","11:40","8:24","--","--","0.82","0.0","--","--","--","1,862","--","--","No","00:01:08.4","2","00:10:45","00:13:58","49","52"
Running,2021-11-16 09:22:28,false,"Yolo County Running","3.73","201","00:25:03","148","183","2.6","178","184","6:43","6:23","22","18","1.35","0.0","--","--","--","4,446","--","--","No","00:05:17.0","4","00:25:03","00:25:46","43","62"
Running,2021-11-14 09:20:32,false,"Davis Running","8.20","577","01:00:02","171","189","4.5","178","187","7:19","6:45","10","13","1.24","0.0","--","--","--","10,638","--","--","No","00:01:31.1","9","00:59:59","01:04:54","43","59"
Running,2021-11-13 09:22:03,false,"Yolo County Running","3.08","241","00:25:15","166","183","3.2","174","181","8:12","6:57","16","12","1.13","0.0","--","--","--","4,364","--","--","No","00:00:40.7","4","00:25:14","00:28:31","46","65"
Running,2021-11-11 09:23:36,false,"Yolo County Running","4.39","247","00:31:34","147","184","2.8","178","185","7:11","6:22","7","7","1.26","0.0","--","--","--","5,612","--","--","No","00:01:28.0","6","00:31:22","00:32:07","43","56"
Running,2021-11-10 09:21:56,false,"Yolo County Running","6.36","434","00:50:08","155","182","3.2","177","191","7:53","7:10","30","32","1.15","0.0","--","--","--","8,844","--","--","No","00:02:47.0","7","00:50:04","00:57:46","43","69"
Running,2021-11-09 09:18:15,false,"Yolo County Running","4.34","250","00:30:01","152","163","3.0","178","187","6:55","6:09","7","7","1.31","0.0","--","--","--","5,346","--","--","No","00:02:14.0","5","00:30:00","00:30:54","49","62"
Running,2021-11-07 09:23:33,false,"Sarah’s walk/jog","2.88","136","00:31:08","116","145","1.5","140","204","10:49","4:58","7","7","1.03","0.0","--","--","--","4,194","--","--","No","00:02:00.7","7","00:31:07","00:31:08","36","46"
Running,2021-11-06 09:25:20,false,"Yolo County Running","4.76","313","00:36:59","157","177","3.2","176","200","7:47","4:29","22","22","1.18","0.0","--","--","--","6,418","--","--","No","00:05:23.9","5","00:36:57","00:52:10","46","65"
Running,2021-11-05 09:22:28,false,"Yolo County Running","5.32","369","00:40:03","167","187","3.6","178","187","7:32","6:48","16","16","1.20","0.0","--","--","--","7,128","--","--","No","00:02:23.2","6","00:40:01","00:45:52","49","59"
Running,2021-11-03 09:25:25,false,"Yolo County Running","5.53","342","00:39:51","160","186","3.5","178","191","7:13","6:10","13","13","1.25","0.0","--","--","--","7,074","--","--","No","00:01:49.9","7","00:39:46","00:46:19","-28","62"
Running,2021-11-02 09:23:09,false,"Yolo County Running","4.68","246","00:35:13","143","181","2.8","177","185","7:32","6:31","6","6","1.21","0.0","--","--","--","6,204","--","--","No","00:05:09.5","5","00:35:10","00:39:14","43","56"
Running,2021-10-31 10:24:23,false,"Davis Running","5.43","334","00:40:49","156","186","3.3","176","183","7:31","6:53","22","22","1.21","0.0","--","--","--","7,188","--","--","No","00:03:10.8","6","00:40:48","00:43:57","43","62"
Running,2021-10-30 11:32:54,false,"Monterey County Running","3.50","300","00:32:22","167","181","3.4","174","183","9:15","7:12","271","257","1.00","0.0","--","--","--","5,590","--","--","No","00:03:51.6","4","00:32:22","00:32:29","222","421"
Running,2021-10-29 08:34:35,false,"Davis Running","3.83","179","00:30:04","130","173","2.1","174","185","7:50","6:30","--","--","1.18","0.0","--","--","--","5,192","--","--","No","00:06:54.8","4","00:30:03","00:46:38","40","43"
Running,2021-10-28 09:26:06,false,"Yolo County Running","4.36","299","00:35:05","156","176","3.2","173","181","8:02","7:18","--","--","1.16","0.0","--","--","--","6,060","--","--","No","00:02:47.5","5","00:35:04","00:35:10","45","66"
Running,2021-10-27 09:29:52,false,"Yolo County Running","3.86","249","00:30:19","153","170","3.0","175","181","7:51","6:58","27","24","1.17","0.0","--","--","--","5,330","--","--","No","00:06:47.7","4","00:30:18","00:33:36","43","56"
Running,2021-10-26 09:01:30,false,"Yolo County Running","3.64","253","00:30:04","155","181","3.0","175","183","8:15","7:49","10","7","1.11","0.0","--","--","--","5,252","--","--","No","00:05:27.1","4","00:30:03","00:32:18","49","59"
Running,2021-10-23 08:41:25,false,"Davis Running","3.38","227","00:28:16","151","176","2.8","174","183","8:21","7:12","19","20","1.11","0.0","--","--","--","4,900","--","--","No","00:03:12.5","4","00:28:14","00:32:33","43","66"
Running,2021-10-16 08:54:58,false,"Sunnyvale Running","1.88","123","00:15:01","152","180","2.3","176","187","8:00","7:00","--","--","1.15","0.0","--","--","--","2,628","--","--","No","00:07:09.7","2","00:14:59","00:18:08","3","7"
Running,2021-10-15 09:25:06,false,"Yolo County Running","3.22","223","00:25:04","160","186","3.0","175","181","7:46","7:07","8","9","1.19","0.0","--","--","--","4,364","--","--","No","00:01:45.8","4","00:25:03","00:26:30","43","59"
Running,2021-10-13 09:29:43,false,"Yolo County Running","6.35","372","00:50:05","146","182","2.6","177","240","7:53","6:06","13","16","1.15","0.0","--","--","--","8,840","--","--","No","00:02:44.9","7","00:50:00","00:55:16","49","65"
Running,2021-10-12 09:31:36,false,"Yolo County Running","1.49","108","00:15:02","139","156","1.7","173","183","10:04","8:00","--","--","0.92","0.0","--","--","--","2,578","--","--","No","00:05:11.1","2","00:15:02","00:16:38","46","49"
Running,2021-10-12 09:02:08,false,"Yolo County Running","3.31","199","00:22:06","166","180","3.0","177","193","6:41","5:06","--","--","1.36","0.0","--","--","--","3,828","--","--","No","00:00:59.2","9","00:22:03","00:22:06","49","50"
Running,2021-10-12 08:32:19,false,"Yolo County Running","1.77","128","00:15:06","154","180","2.3","176","185","8:32","7:56","7","3","1.07","0.0","--","--","--","2,666","--","--","No","00:06:33.0","2","00:15:06","00:15:06","47","59"
Running,2021-10-10 09:30:31,false,"Davis Running","9.09","574","01:05:15","166","187","4.1","180","244","7:11","6:27","13","16","1.25","0.0","--","--","--","11,692","--","--","No","00:00:36.5","10","01:05:11","01:17:30","43","59"
Running,2021-10-08 10:31:05,false,"Yolo County Running","1.46","129","00:15:10","155","182","2.2","175","185","10:23","8:10","13","--","0.89","0.0","--","--","--","2,640","--","--","No","00:04:47.0","2","00:15:10","00:18:05","33","49"
Running,2021-10-08 09:58:42,false,"Yolo County Running","3.87","261","00:29:03","166","179","3.1","174","198","7:31","5:15","13","20","1.21","0.0","--","--","--","4,820","--","--","No","00:02:59.8","6","00:28:49","00:29:03","33","49"
Running,2021-10-08 09:32:50,false,"Davis Running","1.88","115","00:15:02","145","168","2.2","179","191","7:59","7:29","--","--","1.13","0.0","--","--","--","2,682","--","--","No","00:07:10.0","2","00:15:01","00:15:11","46","49"
Running,2021-10-06 09:25:43,false,"Yolo County Running","6.09","427","00:50:03","158","182","3.4","177","185","8:13","6:36","28","28","1.11","0.0","--","--","--","8,832","--","--","No","00:00:40.0","7","00:49:59","00:50:14","43","69"
Running,2021-10-05 09:57:20,false,"Yolo County Running","1.53","122","00:15:01","148","167","2.1","179","189","9:47","8:41","--","1","0.92","0.0","--","--","--","2,686","--","--","No","00:05:15.0","2","00:15:00","00:16:07","24","52"
Running,2021-10-05 09:04:16,false,"Yolo County Running","4.47","226","00:27:10","159","188","2.8","181","240","6:05","4:17","--","--","1.46","0.0","--","--","--","4,744","--","--","No","00:00:00.3","13","00:27:02","00:44:28","49","52"
Running,2021-10-05 08:29:48,false,"Yolo County Running","1.66","116","00:15:02","144","155","2.0","175","183","9:02","7:53","--","--","1.02","0.0","--","--","--","2,614","--","--","No","00:05:55.4","2","00:15:00","00:15:11","48","59"
Running,2021-10-03 09:02:15,false,"Sacramento County Running","9.68","621","01:15:22","159","192","3.3","177","185","7:47","6:49","112","111","1.17","0.0","--","--","--","13,320","--","--","No","00:05:09.2","10","01:15:19","01:26:29","31","72"
Running,2021-10-01 19:09:19,false,"San Joaquin County Running","1.06","82","00:12:38","132","162","1.4","170","179","11:58","10:20","--","--","0.79","0.0","--","--","--","2,140","--","--","No","00:00:38.5","2","00:12:37","00:17:51","36","43"
Running,2021-10-01 17:51:38,false,"San Joaquin County Running","1.68","120","00:13:56","155","170","2.3","175","183","8:17","7:49","--","3","1.11","0.0","--","--","--","2,422","--","--","No","00:05:46.5","2","00:13:55","00:14:28","36","39"
Running,2021-09-30 09:43:43,false,"Yolo County Running","3.06","218","00:25:31","155","191","2.9","175","202","8:20","4:30","9","9","1.10","0.0","--","--","--","4,468","--","--","No","00:00:17.6","4","00:25:30","00:39:41","46","66"
Running,2021-09-28 17:32:30,false,"Yolo County Running","4.71","320","00:40:03","150","175","2.7","178","185","8:31","7:42","21","18","1.06","0.0","--","--","--","7,110","--","--","No","00:05:56.1","5","00:40:00","16:33:40","43","56"
Running,2021-09-28 10:28:24,false,"Yolo County Running","2.10","155","00:20:02","144","166","2.1","178","191","9:33","7:33","7","7","0.95","0.0","--","--","--","3,550","--","--","No","00:00:52.9","3","00:20:01","00:23:26","43","49"
Running,2021-09-28 09:47:07,false,"Yolo County Running","3.03","130","00:17:52","143","161","2.0","186","235","5:54","4:32","--","--","1.46","0.0","--","--","--","3,254","--","--","No","00:01:02.9","6","00:17:44","00:30:55","49","50"
Running,2021-09-28 09:13:41,false,"Yolo County Running","1.84","130","00:16:03","148","163","2.1","176","181","8:43","8:02","8","5","1.05","0.0","--","--","--","2,826","--","--","No","00:07:25.6","2","00:16:03","00:16:03","47","59"
Running,2021-09-26 09:02:43,false,"Davis Running","8.83","557","01:05:02","160","177","3.6","180","191","7:22","6:29","7","13","1.22","0.0","--","--","--","11,632","--","--","No","00:05:59.2","9","01:04:57","01:16:50","33","52"
Running,2021-09-23 09:32:49,false,"Davis Running","1.67","123","00:17:02","139","153","2.0","175","187","10:11","8:33","--","--","0.90","0.0","--","--","--","2,962","--","--","No","00:06:35.6","2","00:17:02","00:25:27","43","48"
Running,2021-09-23 09:01:13,false,"Davis Running","3.31","225","00:24:01","169","193","3.2","181","191","7:16","5:28","13","20","1.22","0.0","--","--","--","4,322","--","--","No","00:02:17.4","4","00:23:56","00:24:01","33","49"
Running,2021-09-23 08:37:56,false,"Davis Running","1.77","121","00:15:04","147","157","2.1","178","187","8:29","7:50","--","--","1.07","0.0","--","--","--","2,664","--","--","No","00:06:35.2","2","00:15:03","00:15:10","46","49"
Running,2021-09-22 09:34:16,false,"Davis Running","5.40","321","00:46:01","142","161","2.2","176","244","8:31","7:34","7","10","1.07","0.0","--","--","--","8,064","--","--","No","00:03:20.0","6","00:45:59","00:57:39","46","66"
Running,2021-09-21 09:28:46,false,"Yolo County Running","1.53","115","00:15:02","144","163","2.0","175","182","9:50","9:01","3","--","0.93","0.0","--","--","--","2,632","--","--","No","00:05:14.3","2","00:15:00","00:18:04","49","56"
Running,2021-09-21 08:51:56,false,"Yolo County Running","4.33","251","00:32:19","152","173","2.8","174","189","7:28","5:16","--","--","1.23","0.0","--","--","--","5,432","--","--","No","00:00:07.3","23","00:32:16","00:32:19","49","51"
Running,2021-09-21 08:24:26,false,"Yolo County Running","2.02","145","00:19:57","141","156","2.1","168","181","9:54","7:41","--","--","0.97","0.0","--","--","--","3,148","--","--","No","00:00:25.5","3","00:19:06","00:19:57","45","56"
Running,2021-09-20 08:22:15,false,"Yolo County Running","1.75","118","00:15:02","145","158","2.0","178","185","8:35","7:25","--","--","1.06","0.0","--","--","--","2,656","--","--","No","00:06:25.7","2","00:15:02","00:15:18","47","60"
Running,2021-09-19 08:22:16,false,"Solano County Running","10.00","709","01:15:51","169","189","4.3","179","191","7:35","7:00","102","98","1.19","0.0","--","--","--","13,598","--","--","No","00:00:01.5","11","01:15:48","01:20:53","38","72"
Running,2021-09-18 09:21:26,false,"Davis Running","4.60","302","00:40:03","145","163","2.4","176","187","8:42","7:51","7","6","1.05","0.0","--","--","--","7,046","--","--","No","00:04:53.0","5","00:39:59","00:48:35","43","59"
Running,2021-09-17 09:01:40,false,"Yolo County Running","1.47","82","00:15:03","120","128","1.2","177","187","10:12","9:27","7","--","0.89","0.0","--","--","--","2,654","--","--","No","00:04:48.0","2","00:15:02","00:15:47","43","49"
Running,2021-09-17 08:17:09,false,"Yolo County Running","4.60","172","00:34:57","124","149","1.6","174","240","7:36","4:35","13","16","1.20","0.0","--","--","--","5,910","--","--","No","00:00:03.8","14","00:34:55","00:35:04","33","46"
Running,2021-09-17 07:51:14,false,"Davis Running","1.90","110","00:16:03","134","159","1.7","176","183","8:27","7:30","--","3","1.08","0.0","--","--","--","2,842","--","--","No","00:07:41.0","2","00:16:03","00:16:14","43","49"
Running,2021-09-15 08:23:11,false,"Davis Running","6.36","413","00:50:12","153","167","3.0","179","189","7:54","7:17","10","13","1.14","0.0","--","--","--","9,008","--","--","No","00:02:43.5","7","00:50:09","00:52:26","33","46"
Running,2021-09-14 09:37:05,false,"Yolo County Running","2.05","155","00:20:02","144","157","2.2","177","191","9:46","8:20","8","8","0.93","0.0","--","--","--","3,532","--","--","No","00:00:33.7","3","00:19:59","00:33:38","36","60"
Running,2021-09-14 08:52:14,false,"Yolo County Running","3.73","208","00:23:02","165","188","3.0","181","191","6:11","5:21","--","--","1.44","0.0","--","--","--","4,124","--","--","No","00:00:26.0","6","00:23:00","00:36:57","49","50"
Running,2021-09-14 08:18:25,false,"Yolo County Running","1.76","127","00:15:02","153","192","2.3","175","179","8:32","7:44","11","9","1.07","0.0","--","--","--","2,638","--","--","No","00:06:36.2","2","00:15:02","00:15:02","48","60"
Running,2021-09-12 08:09:12,false,"West Sacramento Running","9.18","626","01:10:07","164","185","4.2","177","185","7:38","6:35","50","51","1.19","0.0","--","--","--","12,406","--","--","No","00:01:19.0","10","01:10:04","01:20:01","6","33"
Running,2021-09-11 08:52:07,false,"Davis Running","1.54","119","00:15:02","145","153","2.0","177","183","9:46","8:52","10","10","0.93","0.0","--","--","--","2,650","--","--","No","00:05:18.6","2","00:15:01","00:15:18","36","49"
Running,2021-09-11 08:13:35,false,"Davis Running","3.79","211","00:25:07","157","173","2.8","182","195","6:38","5:24","3","7","1.33","0.0","--","--","--","4,532","--","--","No","00:00:21.5","9","00:25:05","00:29:25","39","46"
Running,2021-09-11 07:48:59,false,"Davis Running","1.75","114","00:15:03","143","157","2.0","174","182","8:36","7:58","--","3","1.07","0.0","--","--","--","2,612","--","--","No","00:06:20.9","2","00:15:00","00:15:50","46","49"
Running,2021-09-08 08:33:39,false,"Yolo County Running","5.60","358","00:45:02","152","179","3.0","175","218","8:02","7:23","10","13","1.14","0.0","--","--","--","7,878","--","--","No","00:04:42.3","6","00:45:01","00:48:31","49","62"
Running,2021-09-07 09:46:09,false,"Yolo County Running","1.50","135","00:15:01","163","178","2.5","174","183","10:02","9:08","3","3","0.93","0.0","--","--","--","2,592","--","--","No","00:05:05.7","2","00:15:00","00:17:10","49","52"
Running,2021-09-07 08:54:10,false,"Yolo County Running","3.61","167","00:23:01","143","170","2.2","179","240","6:23","5:21","--","--","1.41","0.0","--","--","--","4,074","--","--","No","00:00:25.2","6","00:23:00","00:35:25","49","51"
Running,2021-09-07 08:25:04,false,"Yolo County Running","1.73","96","00:15:02","132","152","1.6","174","180","8:41","7:39","7","3","1.07","0.0","--","--","--","2,592","--","--","No","00:06:23.8","2","00:15:02","00:19:28","47","60"
Running,2021-09-06 08:34:58,false,"Davis Running","3.76","147","00:30:01","121","151","1.4","175","193","7:59","5:02","7","11","1.15","0.0","--","--","--","5,204","--","--","No","00:06:12.4","4","00:29:54","00:47:00","43","59"
Running,2021-09-04 12:49:19,false,"Sonoma County Running","5.14","365","00:40:02","168","192","3.7","176","214","7:47","6:54","316","337","1.17","0.0","--","--","--","7,028","--","--","No","00:01:03.6","6","00:40:01","00:48:41","47","185"
Running,2021-09-03 08:30:51,false,"Davis Running","8.63","606","01:05:02","170","190","4.4","178","199","7:32","6:32","16","19","1.20","0.0","--","--","--","11,560","--","--","No","00:04:35.7","9","01:05:01","01:09:13","43","52"
Running,2021-09-01 08:44:54,false,"Yolo County Running","1.14","65","00:10:49","126","149","1.4","172","181","9:28","8:43","--","--","0.99","0.0","--","--","--","1,864","--","--","No","00:01:21.3","2","00:10:48","00:12:53","49","51"
Running,2021-09-01 08:00:25,false,"Yolo County Running","4.00","194","00:31:58","137","155","2.0","170","185","8:00","5:28","--","--","1.17","0.0","--","--","--","4,868","--","--","No","00:01:36.4","11","00:30:52","00:36:46","49","52"
Running,2021-09-01 07:31:54,false,"Yolo County Running","1.77","120","00:15:01","149","172","2.2","177","183","8:28","7:34","--","--","1.07","0.0","--","--","--","2,652","--","--","No","00:06:26.7","2","00:15:00","00:15:01","47","59"
Running,2021-08-31 08:36:46,false,"Yolo County Running","4.28","297","00:34:16","160","186","3.2","176","199","8:01","4:33","15","19","1.14","0.0","--","--","--","6,010","--","--","No","00:01:35.9","5","00:34:12","00:59:31","46","65"
Running,2021-08-29 08:53:25,false,"Solano County Running","1.25","100","00:10:48","165","177","2.3","178","183","8:40","8:11","--","--","1.04","0.0","--","--","--","1,922","--","--","No","00:02:09.2","2","00:10:48","00:10:48","41","61"
Running,2021-08-29 08:20:33,false,"Yolo County Running","4.17","275","00:30:00","168","177","3.3","178","185","7:12","6:17","48","43","1.25","0.0","--","--","--","5,344","--","--","No","00:01:05.4","5","00:29:59","00:30:00","34","61"
Running,2021-08-29 08:13:42,false,"Yolo County Running","0.61","40","00:05:02.5","147","159","1.5","175","181","8:18","7:53","--","--","1.11","0.0","--","--","--","872","--","--","No","00:05:02.5","1","00:05:02.5","00:05:02.5","42","56"
Running,2021-08-27 10:45:33,false,"Marin County Running","8.04","567","01:05:03","164","194","3.4","178","195","8:05","6:35","703","611","1.12","0.0","--","--","--","11,544","--","--","No","00:00:20.3","9","01:04:58","01:23:32","34","377"
Running,2021-08-25 12:26:05,false,"San Francisco Running","2.01","113","00:17:37","132","180","1.6","176","199","8:47","4:49","30","28","1.04","0.0","--","--","--","3,052","--","--","No","00:00:04.1","3","00:17:33","00:34:46","129","169"
Running,2021-08-25 11:52:45,false,"San Francisco Running","3.04","117","00:18:38","132","144","1.5","183","193","6:08","5:25","66","66","1.44","0.0","--","--","--","3,350","--","--","No","00:00:16.2","4","00:18:36","00:23:18","131","151"
Running,2021-08-25 11:22:18,false,"San Francisco Running","1.75","123","00:15:02","150","185","2.1","174","199","8:36","7:37","85","85","1.07","0.0","--","--","--","2,624","--","--","No","00:06:34.1","2","00:15:02","00:15:07","125","218"
Running,2021-08-24 08:53:03,false,"Sacramento County Running","4.98","333","00:40:01","153","177","3.1","177","193","8:02","7:36","68","68","1.13","0.0","--","--","--","7,056","--","--","No","00:07:48.1","5","00:39:58","00:42:19","34","62"
Running,2021-08-23 09:30:44,false,"Davis Running","2.29","194","00:20:03","168","180","3.0","179","185","8:45","7:42","--","2","1.03","0.0","--","--","--","3,588","--","--","No","00:02:42.2","3","00:20:02","00:25:05","39","46"
Running,2021-08-23 08:56:19,false,"Davis Running","2.74","136","00:15:36","160","182","2.5","182","196","5:42","4:49","--","--","1.55","0.0","--","--","--","2,608","--","--","No","00:01:27.5","6","00:15:29","00:26:35","43","43"
Running,2021-08-23 08:18:31,false,"Davis Running","1.83","132","00:15:01","155","166","2.5","179","183","8:13","7:39","--","--","1.10","0.0","--","--","--","2,690","--","--","No","00:06:39.4","2","00:15:00","00:15:01","39","46"
Running,2021-08-21 08:22:08,false,"Davis Running","8.01","422","01:00:12","146","179","2.6","179","235","7:31","6:39","13","16","1.20","0.0","--","--","--","10,718","--","--","No","00:03:22.8","9","01:00:07","01:12:28","36","52"
Running,2021-08-20 08:27:41,false,"Yolo County Running","5.01","389","00:41:17","169","187","3.9","178","189","8:15","6:58","7","7","1.10","0.0","--","--","--","7,312","--","--","No","00:00:02.8","6","00:41:15","00:44:05","49","59"
Running,2021-08-19 09:36:31,false,"Davis Running","1.65","129","00:15:15","152","176","2.4","175","181","9:13","8:24","--","--","1.00","0.0","--","--","--","2,644","--","--","No","00:05:54.9","2","00:15:15","00:18:13","46","49"
Running,2021-08-19 08:49:30,false,"Davis Running","4.77","326","00:35:01","167","197","3.8","177","183","7:20","6:30","18","18","1.24","0.0","--","--","--","6,192","--","--","No","00:05:37.3","5","00:34:59","00:35:01","39","46"
Running,2021-08-19 08:23:31,false,"Davis Running","1.19","75","00:10:11","139","166","1.9","175","187","8:34","7:40","--","2","1.07","0.0","--","--","--","1,752","--","--","No","00:01:34.1","2","00:10:11","00:10:36","46","48"
Running,2021-08-17 09:30:11,false,"Davis Running","1.80","130","00:15:18","152","169","2.4","176","183","8:28","7:37","--","--","1.08","0.0","--","--","--","2,672","--","--","No","00:06:33.1","2","00:15:17","00:21:11","39","46"
Running,2021-08-17 08:50:52,false,"Davis Running","3.59","203","00:26:07","150","187","2.8","177","193","7:17","5:39","--","--","1.25","0.0","--","--","--","4,586","--","--","No","00:01:30.9","11","00:26:05","00:30:17","39","46"
Running,2021-08-17 08:23:00,false,"Davis Running","1.85","133","00:15:01","156","178","2.6","177","185","8:08","7:28","--","3","1.12","0.0","--","--","--","2,668","--","--","No","00:06:56.5","2","00:15:01","00:15:01","39","46"
Running,2021-08-15 07:16:35,false,"Davis Running","6.01","362","00:45:39","151","171","3.1","178","185","7:36","6:44","12","15","1.19","0.0","--","--","--","8,056","--","--","No","00:00:02.6","7","00:45:36","00:55:11","33","49"
Running,2021-08-14 07:29:59,false,"Walnut Running","3.01","182","00:26:30","138","163","2.2","176","181","8:49","7:56","278","306","1.04","0.0","--","--","--","4,646","--","--","No","00:00:02.9","4","00:26:30","00:28:26","626","739"
Running,2021-08-13 09:10:10,false,"Covina Running","1.00","88","00:09:42.4","160","175","2.2","175","181","9:40","9:04","7","--","0.95","0.0","--","--","--","1,692","--","--","No","00:00:02.4","2","00:09:42","00:09:42.4","600","610"
Running,2021-08-13 08:40:15,false,"Covina Running","3.74","195","00:25:01","150","164","2.7","176","182","6:41","6:26","9","5","1.37","0.0","--","--","--","4,388","--","--","No","00:05:04.5","4","00:25:00","00:26:11","600","610"
Running,2021-08-13 08:21:15,false,"Covina Running","1.00","61","00:09:05.2","135","149","1.5","174","181","9:04","8:23","38","42","1.02","0.0","--","--","--","1,574","--","--","No","00:00:01.3","2","00:09:04.9","00:09:05.2","601","643"
Running,2021-08-11 07:30:28,false,"The flat dirt struggle","3.76","237","00:30:04","153","171","2.9","176","183","8:00","7:29","15","19","1.15","0.0","--","--","--","5,268","--","--","No","00:06:06.6","4","--:--:--","00:32:03","600","610"
Running,2021-08-10 09:35:08,false,"Los Angeles County Running","4.50","207","00:37:32","131","188","2.6","175","187","8:20","5:45","67","63","1.10","0.0","--","--","--","6,536","--","--","No","00:00:05.6","13","00:37:28","00:51:21","197","223"
Running,2021-08-08 18:05:38,false,"Los Angeles County Running","6.01","314","00:44:55","147","200","3.1","177","215","7:29","6:56","95","99","1.22","0.0","--","--","--","7,878","--","--","No","00:00:01.9","7","00:44:54","00:52:25","197","223"
Running,2021-08-07 18:02:34,false,"San Dimas Running","4.33","327","00:40:16","157","176","3.2","173","184","9:19","7:28","291","421","1.00","0.0","--","--","--","6,914","--","--","No","00:03:03.5","5","00:40:13","00:48:51","917","1,075"
Running,2021-08-05 07:17:57,false,"Walnut Running","2.69","160","00:25:03","134","162","2.0","176","187","9:18","8:13","252","253","0.98","0.0","--","--","--","4,392","--","--","No","00:06:31.9","3","00:25:01","00:25:13","624","740"
Running,2021-08-04 07:21:57,false,"Los Angeles County Running","4.01","258","00:30:27","161","179","3.2","176","181","7:36","6:54","57","58","1.20","0.0","--","--","--","5,362","--","--","No","00:00:02.6","5","00:30:25","10:45:09","197","223"
Running,2021-08-02 07:54:38,false,"Solvang Running","3.06","206","00:25:01","155","177","2.9","176","185","8:11","7:26","58","53","1.12","0.0","--","--","--","4,396","--","--","No","00:00:26.8","4","00:25:00","00:26:41","423","467"
Running,2021-08-01 12:47:58,false,"San Luis Obispo County Running","3.11","195","00:25:50","148","174","2.9","175","183","8:18","7:42","116","109","1.11","0.0","--","--","--","4,496","--","--","No","00:00:54.4","4","00:25:49","00:26:37","27","116"
Running,2021-07-30 16:24:52,false,"Pacific Grove Running","2.38","163","00:20:24","152","168","2.6","179","187","8:34","7:37","76","76","1.05","0.0","--","--","--","3,634","--","--","No","00:03:20.0","3","00:20:24","00:20:48","3","42"
Running,2021-07-29 17:14:44,false,"Monterey County Running","2.25","146","00:20:04","144","168","2.3","176","183","8:55","7:46","100","166","1.02","0.0","--","--","--","3,528","--","--","No","00:02:21.9","3","00:20:03","00:21:40","240","364"
Running,2021-07-22 13:35:35,false,"Orange County Running","5.01","351","00:42:27","158","184","3.3","177","185","8:29","7:33","41","32","1.07","0.0","--","--","--","7,448","--","--","No","00:00:02.5","6","00:42:23","00:47:07","--","32"
Running,2021-07-20 17:50:49,false,"Half Moon Bay Running","8.01","406","01:03:59","142","153","2.2","179","206","8:00","4:03","85","74","1.12","0.0","--","--","--","11,380","--","--","No","00:00:02.8","18","01:03:52","01:34:22","16","66"
Running,2021-07-19 11:40:01,false,"Seaside Running","2.00","127","00:16:31","148","181","2.2","180","187","8:14","7:16","172","150","1.08","0.0","--","--","--","2,952","--","--","No","00:00:01.7","3","00:16:28","00:16:46","-57","98"
Running,2021-07-18 09:46:51,false,"Santa Cruz County Running","8.01","479","01:00:12","156","195","3.7","182","193","7:31","6:52","548","523","1.18","0.0","--","--","--","10,964","--","--","No","00:00:02.7","9","01:00:10","01:25:50","82","388"
Running,2021-07-16 16:20:39,false,"San Mateo County Running","6.01","346","00:47:10","150","194","3.1","178","189","7:51","5:34","53","53","1.15","0.0","--","--","--","8,406","--","--","No","00:00:01.4","13","00:47:07","00:58:37","303","343"
Running,2021-07-15 18:51:27,false,"Santa Clara County Running","5.01","295","00:40:47","147","159","2.7","178","187","8:08","7:04","33","33","1.11","0.0","--","--","--","7,226","--","--","No","00:00:05.1","6","00:40:45","00:50:28","106","146"
Running,2021-07-14 18:17:54,false,"Portola Valley Running","6.01","473","00:57:29","159","186","3.3","177","195","9:34","5:38","1,004","1,020","0.95","0.0","--","--","--","10,138","--","--","No","00:00:03.0","7","00:57:26","01:11:57","549","1,227"
Running,2021-07-13 18:41:02,false,"San Mateo County Running","7.08","425","00:56:32","153","187","3.3","183","197","7:59","5:10","65","65","1.10","0.0","--","--","--","10,210","--","--","No","00:00:11.1","18","00:56:27","01:12:21","297","342"
Running,2021-07-11 17:54:03,false,"San Dimas Running","6.01","355","00:50:20","146","173","2.9","178","189","8:23","7:14","432","513","1.08","0.0","--","--","--","8,896","--","--","No","00:00:04.1","7","00:50:15","01:10:16","940","1,070"
Running,2021-07-10 17:47:35,false,"Covina Running","4.01","256","00:30:50","156","169","3.0","178","181","7:42","7:09","9","6","1.18","0.0","--","--","--","5,482","--","--","No","00:00:02.3","5","00:30:50","00:33:30","600","610"
Running,2021-07-09 18:18:32,false,"South El Monte Running","6.01","410","00:48:47","160","183","3.5","178","185","8:07","7:25","80","80","1.11","0.0","--","--","--","8,638","--","--","No","00:00:05.2","7","00:48:42","01:07:35","177","253"
Running,2021-07-08 18:13:36,false,"Walnut Running","5.01","343","00:40:16","161","182","3.3","177","185","8:03","7:03","483","465","1.13","0.0","--","--","--","7,102","--","--","No","00:00:03.0","6","00:40:14","00:47:35","537","740"
Running,2021-07-07 18:06:18,false,"Walnut Running","3.25","183","00:27:08","138","175","2.2","177","184","8:20","7:22","201","360","1.09","0.0","--","--","--","4,838","--","--","No","00:02:18.4","4","00:27:07","00:34:09","548","739"
Running,2021-07-06 18:38:08,false,"Walnut Running","3.02","173","00:25:45","137","147","2.0","177","187","8:32","7:39","300","265","1.06","0.0","--","--","--","4,546","--","--","No","00:00:10.7","4","00:25:42","00:29:12","624","741"
Running,2021-07-01 08:54:47,false,"Los Angeles County Running","4.01","252","00:37:26","142","170","2.2","172","183","9:21","7:29","568","598","1.00","0.0","--","--","--","6,420","--","--","No","00:00:03.3","5","00:37:24","00:46:33","463","854"
Running,2021-06-27 08:04:48,false,"Los Angeles County Running","8.01","454","01:00:14","150","182","3.1","179","189","7:31","6:35","106","106","1.19","0.0","--","--","--","10,794","--","--","No","00:00:02.3","9","01:00:11","01:10:55","197","226"
Running,2021-06-26 10:45:12,false,"Walnut Running","5.01","284","00:39:13","143","175","2.8","178","183","7:50","7:00","381","380","1.15","0.0","--","--","--","6,936","--","--","No","00:00:02.8","6","00:39:05","00:44:25","645","865"
Running,2021-06-25 07:14:30,false,"Walnut Running","5.00","315","00:40:38","148","176","3.0","179","197","8:08","5:40","424","441","1.10","0.0","--","--","--","7,244","--","--","No","00:00:41.1","7","00:40:33","00:45:16","624","752"
Running,2021-06-24 08:45:45,false,"Arcadia Running","5.01","351","00:42:10","152","170","3.0","181","193","8:25","7:34","136","140","1.06","0.0","--","--","--","7,578","--","--","No","00:00:02.2","6","00:42:08","00:45:57","326","467"
Running,2021-06-23 17:57:21,false,"Walnut Running","2.00","134","00:16:08","150","176","2.2","177","185","8:03","7:19","109","109","1.13","0.0","--","--","--","2,874","--","--","No","00:00:01.5","3","00:16:07","00:17:15","615","719"
Running,2021-06-23 07:06:12,false,"West Covina Running","5.01","314","00:38:49","150","188","2.9","181","195","7:45","6:28","106","94","1.15","0.0","--","--","--","6,954","--","--","No","00:00:03.2","6","00:38:45","00:51:26","423","531"
Running,2021-06-22 08:49:35,false,"Azusa Running","5.01","371","00:38:36","169","190","3.5","178","191","7:42","5:51","110","178","1.17","0.0","--","--","--","6,858","--","--","No","00:01:27.5","6","00:38:33","00:40:00","645","814"
Running,2021-06-22 08:36:45,false,"Azusa Running","1.01","70","00:08:22.2","148","171","1.8","178","187","8:19","7:17","59","--","1.09","0.0","--","--","--","1,500","--","--","No","00:00:02.6","2","00:08:21.6","00:08:35.4","748","818"
Running,2021-06-20 07:56:47,false,"Upland Running","7.01","336","00:52:35","136","145","2.0","180","195","7:30","6:17","167","165","1.19","0.0","--","--","--","9,416","--","--","No","00:00:03.9","8","00:52:33","01:06:00","1,232","1,350"
Running,2021-06-19 08:44:29,false,"Upland Running","4.50","285","00:38:24","143","166","2.3","181","193","8:32","7:10","340","383","1.04","0.0","--","--","--","6,904","--","--","No","00:04:29.1","5","00:38:20","00:53:17","1,299","1,686"
Running,2021-06-18 09:49:29,false,"Upland Running","1.00","88","00:09:29.9","156","174","2.0","174","183","9:27","8:10","90","15","0.98","0.0","--","--","--","1,626","--","--","No","00:00:02.0","2","00:09:29.9","00:13:27","1,232","1,314"
Running,2021-06-18 09:05:03,false,"Upland Running","5.04","316","00:35:10","159","186","3.1","178","185","6:59","6:11","53","48","1.29","0.0","--","--","--","6,240","--","--","No","00:00:15.5","6","00:35:09","00:43:17","1,210","1,260"
Running,2021-06-17 07:38:43,false,"Upland Running","4.01","245","00:31:56","144","172","2.5","177","185","7:58","7:06","222","224","1.14","0.0","--","--","--","5,638","--","--","No","00:00:02.6","5","00:31:55","00:42:29","1,306","1,512"
Running,2021-06-16 07:17:40,false,"West Covina Running","5.01","312","00:37:46","151","183","3.0","179","191","7:33","6:04","105","106","1.19","0.0","--","--","--","6,738","--","--","No","00:00:03.1","6","00:37:45","00:43:27","420","531"
Running,2021-06-15 07:23:11,false,"Upland Running","4.01","222","00:28:05","147","167","2.4","178","197","7:00","5:29","96","37","1.29","0.0","--","--","--","4,946","--","--","No","00:00:03.5","5","00:28:02","00:45:30","1,232","1,322"
Running,2021-06-13 19:17:28,false,"San Dimas Running","6.01","361","00:45:13","151","184","3.1","179","195","7:32","6:34","504","606","1.20","0.0","--","--","--","8,074","--","--","No","00:00:02.4","7","00:45:11","00:49:08","940","1,070"
Running,2021-06-12 17:50:50,false,"Davis Running","3.01","193","00:23:42","150","177","2.6","177","191","7:53","6:37","--","--","1.15","0.0","--","--","--","4,196","--","--","No","00:00:01.8","4","00:23:40","00:28:47","43","58"
Running,2021-06-11 08:33:11,false,"Yolo County Running","3.01","172","00:21:14","152","183","2.6","179","189","7:03","5:57","7","--","1.27","0.0","--","--","--","3,806","--","--","No","00:00:02.9","4","00:21:07","00:37:13","49","62"
Running,2021-06-10 10:33:40,false,"Davis Running","3.09","189","00:23:31","149","179","2.5","178","185","7:36","6:45","--","--","1.19","0.0","--","--","--","4,176","--","--","No","00:00:42.9","4","00:23:29","00:25:43","43","58"
Running,2021-06-09 10:41:10,false,"Yolo County Running","4.20","279","00:33:09","156","187","3.0","177","189","7:53","6:57","4","3","1.15","0.0","--","--","--","5,856","--","--","No","00:01:53.4","5","00:33:07","00:42:05","43","52"
Running,2021-06-08 09:59:59,false,"Yolo County Running","0.65","57","00:06:20.1","161","167","1.8","173","177","9:42","9:11","--","--","0.96","0.0","--","--","--","1,088","--","--","No","00:06:20.1","1","00:06:20","00:06:20.1","49","52"
Running,2021-06-08 09:18:31,false,"Yolo County Running","4.20","267","00:30:02","159","170","3.1","178","185","7:09","6:00","9","6","1.26","0.0","--","--","--","5,348","--","--","No","00:01:27.9","5","00:30:01","00:30:36","46","62"
Running,2021-06-06 08:46:52,false,"Davis Running","5.06","360","00:42:15","154","181","3.1","175","184","8:21","7:45","16","10","1.10","0.0","--","--","--","7,380","--","--","No","00:00:30.5","6","00:42:13","00:44:29","38","49"
Running,2021-06-05 20:35:38,false,"Davis Running","3.32","218","00:25:34","154","176","2.7","176","183","7:42","6:53","10","7","1.19","0.0","--","--","--","4,472","--","--","No","00:02:17.6","4","00:25:32","00:29:15","43","62"
Running,2021-06-03 08:58:44,false,"Yolo County Running","1.07","96","00:10:03","165","177","2.3","170","183","9:23","7:47","--","2","1.01","0.0","--","--","--","1,702","--","--","No","00:00:33.5","2","00:10:03","00:10:03","49","52"
Running,2021-06-03 08:21:05,false,"Yolo County Running","3.72","234","00:25:02","164","181","3.2","182","195","6:43","5:12","7","7","1.31","0.0","--","--","--","4,556","--","--","No","00:04:58.7","4","00:25:00","00:26:32","49","59"
Running,2021-06-02 18:16:58,false,"Davis Running","2.07","136","00:15:28","158","181","2.5","181","189","7:27","6:19","7","5","1.19","0.0","--","--","--","2,776","--","--","No","00:00:35.7","3","00:15:27","00:17:41","52","59"
Running,2021-06-01 09:33:22,false,"Davis Running","4.01","244","00:31:26","147","186","3.0","179","191","7:51","6:46","31","31","1.15","0.0","--","--","--","5,602","--","--","No","00:00:02.1","5","00:31:22","00:35:50","43","66"
Running,2021-05-31 07:09:34,false,"Davis Running","3.01","195","00:21:39","161","188","3.0","181","189","7:12","6:10","4","--","1.24","0.0","--","--","--","3,894","--","--","No","00:00:04.1","4","00:21:39","00:22:24","49","59"
Running,2021-05-30 11:11:07,false,"Davis Running","3.01","193","00:22:51","152","161","2.6","179","191","7:35","5:44","--","--","1.18","0.0","--","--","--","4,092","--","--","No","00:00:04.8","4","00:22:51","00:23:08","43","55"
Running,2021-05-27 12:40:10,false,"Yolo County Running","4.02","258","00:31:35","152","173","2.8","180","189","7:51","6:07","19","15","1.14","0.0","--","--","--","5,658","--","--","No","00:00:09.9","5","00:31:33","00:40:03","46","65"
Running,2021-05-25 11:10:34,false,"Davis Running","5.01","326","00:38:29","156","185","3.2","179","187","7:41","6:20","12","12","1.17","0.0","--","--","--","6,824","--","--","No","00:00:05.9","6","00:38:23","00:56:58","35","59"
Running,2021-05-23 18:23:12,false,"Sacramento County Running","6.02","380","00:42:30","164","186","3.6","184","197","7:04","6:01","78","89","1.24","0.0","--","--","--","7,824","--","--","No","00:00:07.6","7","00:42:27","00:47:55","33","66"
Running,2021-05-21 19:49:54,false,"Davis Running","4.04","276","00:31:55","156","175","3.1","179","211","7:54","5:42","24","23","1.14","0.0","--","--","--","5,682","--","--","No","00:00:20.0","5","00:31:55","00:33:18","43","66"
Running,2021-05-20 13:49:26,false,"Davis Running","4.01","236","00:33:00","143","159","2.2","180","191","8:14","6:08","7","7","1.08","0.0","--","--","--","5,944","--","--","No","00:00:04.0","5","00:32:59","00:43:59","43","56"
Running,2021-05-19 14:43:39,false,"Davis Running","5.01","311","00:37:05","158","185","3.2","180","246","7:24","6:13","29","32","1.21","0.0","--","--","--","6,664","--","--","No","00:00:04.3","6","00:37:03","00:45:06","43","66"
Running,2021-05-18 12:15:32,false,"Davis Running","5.01","334","00:42:00","151","167","3.0","177","211","8:23","7:41","10","10","1.08","0.0","--","--","--","7,420","--","--","No","00:00:04.1","6","00:41:52","00:46:11","43","60"
Running,2021-05-15 14:37:31,false,"Davis Running","4.03","181","00:30:25","130","141","1.7","179","189","7:33","5:59","9","6","1.19","0.0","--","--","--","5,388","--","--","No","00:00:40.5","6","00:30:21","00:42:12","49","56"
Running,2021-05-13 12:22:16,false,"Davis Running","5.01","343","00:38:51","161","181","3.3","178","187","7:45","7:04","8","8","1.16","0.0","--","--","--","6,926","--","--","No","00:00:06.1","6","00:38:48","00:42:53","-11","56"
Running,2021-05-08 08:23:26,false,"Davis Running","6.14","433","00:46:59","165","187","3.6","181","193","7:39","5:56","13","13","1.16","0.0","--","--","--","8,464","--","--","No","00:01:08.6","7","00:46:58","00:51:28","33","46"
Running,2021-05-06 07:31:19,false,"Davis Running","6.01","411","00:46:05","160","186","3.3","181","211","7:40","6:49","3","3","1.16","0.0","--","--","--","8,312","--","--","No","00:00:06.2","7","00:46:01","00:49:38","37","46"
Running,2021-05-04 07:50:56,false,"Yolo County Running","5.02","294","00:36:10","152","187","3.1","183","193","7:12","5:12","7","7","1.22","0.0","--","--","--","6,564","--","--","No","00:00:03.9","7","00:36:04","00:57:09","47","59"
Running,2021-05-02 08:24:16,false,"Davis Running","7.01","487","00:53:22","163","196","3.9","180","191","7:37","5:59","7","7","1.16","0.0","--","--","--","9,666","--","--","No","00:00:05.0","8","00:53:19","01:03:54","43","52"
Running,2021-05-01 09:13:26,false,"Yolo County Running","4.09","249","00:29:15","153","191","2.9","179","187","7:10","5:54","3","3","1.25","0.0","--","--","--","5,230","--","--","No","00:00:43.4","5","00:29:15","00:30:44","49","52"
Other,2021-04-30 14:04:58,false,"Yolo County Swim","1.88","98","00:33:27","95","144","1.1","88","244","3.4","9.2","57","86","1.03","0.0","--","--","--","810","--","--","No","00:33:27","1","00:27:49","00:41:04","-26","68"
Running,2021-04-29 15:23:41,false,"Yolo County Running","5.02","369","00:39:05","166","184","3.5","178","185","7:48","6:56","14","14","1.16","0.0","--","--","--","6,922","--","--","No","00:00:06.5","6","00:39:02","00:43:36","43","62"
Running,2021-04-28 16:31:55,false,"Davis Running","3.02","216","00:25:20","155","190","2.8","178","191","8:23","7:20","10","9","1.08","0.0","--","--","--","4,478","--","--","No","00:00:10.6","4","00:25:12","00:34:16","7","59"
Running,2021-04-27 07:29:39,false,"Davis Running","4.01","227","00:28:50","146","161","2.3","180","187","7:11","5:47","--","--","1.24","0.0","--","--","--","5,194","--","--","No","00:00:03.1","5","00:28:49","00:35:05","49","58"
Running,2021-04-25 08:48:17,false,"Yolo County Running","6.52","381","00:49:14","150","170","2.7","182","193","7:33","6:00","20","32","1.16","0.0","--","--","--","9,020","--","--","No","00:03:41.7","7","00:49:10","00:58:44","-30","27"
Running,2021-04-24 08:39:37,false,"Davis Running","5.03","287","00:37:21","148","163","2.8","179","189","7:26","6:02","3","10","1.21","0.0","--","--","--","6,674","--","--","No","00:00:12.6","6","00:37:17","00:39:44","36","46"
Running,2021-04-22 15:19:59,false,"Yolo County Running","4.04","269","00:31:04","160","183","3.1","177","183","7:42","6:17","7","3","1.18","0.0","--","--","--","5,504","--","--","No","00:00:17.3","5","00:31:03","00:31:05","43","56"
Running,2021-04-21 15:22:13,false,"Davis Running + 60min xtrain","4.02","275","00:32:12","160","182","3.2","178","183","8:01","7:16","7","7","1.13","0.0","--","--","--","5,718","--","--","No","00:00:09.5","5","00:32:09","00:32:52","33","46"
Running,2021-04-20 15:21:30,false,"Yolo County Running","4.03","255","00:30:02","159","183","3.1","178","185","7:27","6:14","15","19","1.22","0.0","--","--","--","5,320","--","--","No","00:00:12.1","5","00:30:01","00:31:48","43","59"
Running,2021-04-18 08:25:31,false,"Davis Running","5.97","396","00:45:08","165","187","3.7","181","195","7:33","5:33","13","13","1.18","0.0","--","--","--","8,140","--","--","No","00:07:17.2","6","00:45:05","00:54:51","39","52"
Running,2021-04-17 09:59:25,false,"Sacramento Running","5.01","342","00:37:53","168","183","3.6","180","189","7:33","6:03","9","13","1.18","0.0","--","--","--","6,800","--","--","No","00:00:05.1","6","00:37:51","00:39:06","23","39"
Running,2021-04-15 15:23:19,false,"Yolo County Running","4.02","258","00:30:54","159","179","3.1","178","183","7:41","6:37","16","16","1.18","0.0","--","--","--","5,470","--","--","No","00:00:10.2","5","00:30:53","00:32:27","43","64"
Running,2021-04-13 15:20:53,false,"Yolo County Running","5.05","347","00:38:52","167","181","3.5","177","185","7:42","6:22","3","3","1.18","0.0","--","--","--","6,868","--","--","No","00:00:21.9","6","00:38:49","00:40:27","45","56"
Running,2021-04-11 09:22:32,false,"Solano County Running","5.02","339","00:37:43","169","191","3.6","180","189","7:31","6:31","49","43","1.19","0.0","--","--","--","6,778","--","--","No","00:00:07.8","6","00:37:42","00:39:11","39","72"
Running,2021-04-10 10:19:56,false,"Davis Running","4.22","275","00:32:51","159","181","3.2","178","185","7:47","7:04","33","32","1.16","0.0","--","--","--","5,814","--","--","No","00:01:36.0","5","00:32:50","00:38:26","43","66"
Running,2021-04-08 15:29:18,false,"Yolo County Running","4.09","276","00:31:34","164","181","3.3","178","185","7:44","6:22","19","20","1.17","0.0","--","--","--","5,588","--","--","No","00:00:40.0","5","00:31:33","00:31:34","43","66"
Running,2021-04-07 15:34:47,false,"Davis Running + 50 min xtrain","3.14","211","00:23:51","166","191","3.1","180","187","7:35","6:31","7","7","1.18","0.0","--","--","--","4,258","--","--","No","00:00:56.4","4","00:23:49","00:28:52","33","46"
Running,2021-04-06 15:26:01,false,"Davis Running","4.50","333","00:36:18","169","183","3.6","177","185","8:04","6:51","10","9","1.13","0.0","--","--","--","6,410","--","--","No","00:03:45.1","5","00:36:15","00:37:54","36","52"
Running,2021-04-04 09:39:30,false,"Woodside Running","4.10","324","00:36:50","158","173","3.2","176","189","9:00","6:52","357","341","1.01","0.0","--","--","--","6,406","--","--","No","00:00:41.1","5","00:36:47","00:40:42","423","782"
Running,2021-04-03 18:34:37,false,"Half Moon Bay 😻","3.57","235","00:26:44","159","178","3.0","179","185","7:30","6:31","23","34","1.20","0.0","--","--","--","4,782","--","--","No","00:03:59.7","4","00:26:43","00:26:44","17","39"
Running,2021-04-01 15:25:03,false,"Yolo County Running","3.68","175","00:29:42","130","175","2.0","176","183","8:04","6:13","20","20","1.14","0.0","--","--","--","5,220","--","--","No","00:05:33.1","4","00:29:41","00:34:07","43","65"
Running,2021-03-30 15:24:25,false,"Yolo County Running","4.01","271","00:30:18","163","184","3.2","178","184","7:33","6:04","9","9","1.20","0.0","--","--","--","5,370","--","--","No","00:00:04.5","5","00:30:15","00:34:28","46","66"
Running,2021-03-28 09:26:33,false,"Sacramento County Running","3.50","239","00:26:00","166","181","3.2","177","183","7:26","6:49","34","34","1.23","0.0","--","--","--","4,576","--","--","No","00:03:44.4","4","00:26:00","00:26:41","33","62"
Running,2021-03-27 10:22:18,false,"Yolo County Running","3.01","215","00:23:29","165","187","3.1","176","183","7:48","6:42","32","31","1.17","0.0","--","--","--","4,112","--","--","No","00:00:03.9","4","00:23:28","00:24:44","39","61"
Running,2021-03-25 09:29:31,false,"Yolo County Running","3.51","242","00:27:45","157","174","3.1","176","183","7:54","6:56","--","--","1.16","0.0","--","--","--","4,874","--","--","No","00:03:50.0","4","00:27:44","00:31:32","46","62"
Running,2021-03-24 10:26:43,false,"Yolo County Running","3.01","204","00:23:19","159","186","3.0","177","185","7:45","7:11","7","7","1.17","0.0","--","--","--","4,096","--","--","No","00:00:05.4","4","00:23:17","00:26:19","49","59"
Running,2021-03-23 10:18:36,false,"Yolo County Running","3.64","252","00:28:48","158","186","3.1","177","183","7:55","6:57","7","7","1.15","0.0","--","--","--","5,068","--","--","No","00:04:55.5","4","00:28:44","00:31:36","46","62"
Running,2021-03-22 15:23:20,false,"Yolo County Running","3.01","183","00:23:12","149","158","2.6","177","181","7:42","6:54","5","7","1.18","0.0","--","--","--","4,114","--","--","No","00:00:05.4","4","00:23:10","00:25:09","43","59"
Running,2021-03-21 09:32:30,false,"Solano County Running","2.50","159","00:18:56","156","176","2.8","179","184","7:33","7:07","15","26","1.19","0.0","--","--","--","3,390","--","--","No","00:03:51.4","3","00:18:55","00:18:56","33","52"
Running,2021-03-19 15:25:30,false,"Yolo County Running","2.55","180","00:20:27","165","182","3.1","176","183","8:00","6:59","--","--","1.14","0.0","--","--","--","3,592","--","--","No","00:04:17.3","3","00:20:27","00:20:27","47","59"
Running,2021-03-17 16:40:24,false,"Davis Running","2.55","177","00:20:04","166","181","3.1","177","185","7:52","7:09","4","0","1.16","0.0","--","--","--","3,514","--","--","No","00:04:11.3","3","00:19:59","00:23:35","43","58"
Running,2021-03-16 15:56:01,false,"Yolo County Running","3.02","217","00:23:40","169","186","3.4","175","181","7:50","7:08","--","--","1.18","0.0","--","--","--","4,128","--","--","No","00:00:08.9","4","00:23:38","00:23:48","-9","59"
Running,2021-03-15 15:18:05,false,"Davis Running","2.55","178","00:19:07","171","179","3.2","177","183","7:30","6:09","7","4","1.21","0.0","--","--","--","3,374","--","--","No","00:04:00.6","3","00:19:04","00:19:54","43","62"
Running,2021-03-14 09:47:55,false,"West Sacramento Running","2.52","188","00:19:31","175","183","3.4","177","181","7:45","7:18","6","6","1.17","0.0","--","--","--","3,452","--","--","No","00:03:49.8","3","00:19:30","00:21:37","6","16"
Running,2021-03-12 15:21:38,false,"Davis Running","2.51","183","00:19:45","166","180","3.2","175","181","7:52","7:17","3","8","1.17","0.0","--","--","--","3,448","--","--","No","00:04:01.8","3","00:19:44","00:20:34","39","49"
Running,2021-03-11 15:39:23,false,"Yolo County Running","2.55","160","00:20:33","146","154","2.5","173","177","8:04","7:20","4","4","1.16","0.0","--","--","--","3,536","--","--","No","00:04:24.0","3","00:20:32","00:20:33","47","60"
Running,2021-03-09 15:46:35,false,"Yolo County Running","2.56","181","00:20:32","160","186","3.1","174","181","8:02","6:23","--","--","1.15","0.0","--","--","--","3,552","--","--","No","00:04:29.4","3","00:20:30","00:21:18","47","60"
Running,2021-03-08 15:58:19,false,"Yolo County Running","2.52","148","00:19:24","146","154","2.5","176","185","7:43","6:49","3","--","1.18","0.0","--","--","--","3,410","--","--","No","00:03:52.2","3","00:19:23","00:20:20","52","59"
Running,2021-03-07 14:11:29,false,"Davis Running","2.09","138","00:16:08","160","182","2.8","176","183","7:44","7:04","2","--","1.18","0.0","--","--","--","2,812","--","--","No","00:00:36.8","3","00:16:05","00:19:36","43","59"
Running,2021-03-05 15:21:17,false,"Davis Running","2.05","141","00:16:09","163","178","3.0","176","181","7:54","7:03","--","3","1.16","0.0","--","--","--","2,838","--","--","No","00:00:22.7","3","00:16:09","00:16:18","43","49"
Running,2021-03-01 15:30:17,false,"2 miles STRAIGHT LETS GO","2.06","145","00:16:10","168","189","3.0","177","183","7:50","6:55","--","--","1.16","0.0","--","--","--","2,846","--","--","No","00:00:28.4","3","00:16:09","00:17:33","43","56"
Running,2021-02-28 11:01:24,false,"Davis Running","2.55","183","00:26:05","150","196","2.7","152","183","10:14","7:17","9","8","1.00","0.0","--","--","--","3,998","--","--","No","00:04:23.0","3","00:26:05","00:27:10","43","52"
Running,2021-02-25 15:49:29,false,"Yolo County Running","2.53","170","00:26:52","142","175","2.4","153","222","10:38","7:06","11","9","0.95","0.0","--","--","--","4,044","--","--","No","00:00:13.1","4","00:26:52","00:26:55","43","56"
Running,2021-02-22 16:08:20,false,"Davis Running","3.01","203","00:33:05","142","185","2.4","149","218","11:00","7:11","3","4","0.94","0.0","--","--","--","4,842","--","--","No","00:07:20.4","4","00:33:01","00:33:53","43","55"
Running,2021-02-12 15:42:17,false,"Yolo County Running","2.03","144","00:19:57","149","181","2.5","163","181","9:50","7:09","3","--","1.00","0.0","--","--","--","3,008","--","--","No","00:00:52.6","3","00:19:37","00:19:57","49","52"
Running,2021-02-11 13:07:56,false,"Davis Running","2.00","143","00:19:13","150","188","2.7","163","226","9:35","7:11","2","--","1.02","0.0","--","--","--","3,084","--","--","No","00:00:03.2","3","00:19:12","00:19:53","44","56"
Running,2021-02-08 14:32:51,false,"Solano County Running","2.01","137","00:21:06","140","157","2.3","154","215","10:30","7:05","31","34","0.99","0.0","--","--","--","3,164","--","--","No","00:00:04.8","3","00:21:06","00:21:06","29","60"
Running,2021-02-06 14:01:36,false,"Solano County Running","2.01","155","00:21:00","149","193","2.7","156","184","10:26","6:40","21","21","0.98","0.0","--","--","--","3,172","--","--","No","00:00:06.3","3","00:20:59","00:21:06","30","52"
Running,2021-02-02 15:36:09,false,"Yolo County Running","2.02","155","00:20:53","152","185","2.8","160","181","10:21","7:13","--","--","0.97","0.0","--","--","--","3,146","--","--","No","00:00:11.1","3","00:20:52","00:20:53","49","52"
Running,2021-01-09 15:13:28,false,"Davis Running","2.01","142","00:22:01","136","168","2.3","160","204","10:58","7:26","--","2","0.91","0.0","--","--","--","3,232","--","--","No","00:00:04.0","3","00:22:01","00:22:01","46","49"
Running,2021-01-07 14:29:17,false,"Davis Running","2.02","140","00:21:55","135","173","2.2","157","183","10:52","7:49","--","2","0.94","0.0","--","--","--","3,312","--","--","No","00:00:09.3","3","00:21:54","00:21:55","46","49"
Running,2021-01-05 14:39:07,false,"Davis Running","2.03","163","00:22:37","144","190","2.5","157","204","11:07","7:56","--","--","0.92","0.0","--","--","--","3,408","--","--","No","00:00:16.8","3","00:22:34","00:22:37","46","49"
Running,2021-01-03 16:15:12,false,"Yolo County Running","2.01","118","00:32:12","106","156","1.3","126","183","16:03","7:27","79","56","0.79","0.0","--","--","--","3,962","--","--","No","00:00:04.4","3","00:32:11","00:32:30","41","71"
Running,2021-01-01 09:22:15,false,"Rancho Cucamonga Running","2.03","150","00:33:07","119","148","1.6","132","226","16:20","8:11","51","42","0.74","0.0","--","--","--","4,216","--","--","No","00:00:15.1","3","00:33:06","00:33:07","1,277","1,351"
Running,2020-12-30 12:14:37,false,"Jog/walk ","2.02","172","00:34:03","123","176","1.8","131","183","16:53","7:58","72","51","0.73","0.0","--","--","--","4,206","--","--","No","00:00:10.1","3","00:34:02","00:34:03","1,260","1,332"
Running,2020-12-28 11:50:10,false,"Jog/walk","2.01","156","00:34:18","119","145","1.7","132","198","17:06","9:09","53","73","0.71","0.0","--","--","--","4,422","--","--","No","00:00:18.2","3","00:34:07","00:34:18","1,258","1,332"
Running,2020-12-26 10:56:51,false,"Test run","2.03","170","00:36:00","115","182","2.0","128","206","17:42","8:51","7","3","0.69","0.0","--","--","--","4,486","--","--","No","00:02:03.1","8","00:35:58","00:36:26","600","610"
Running,2020-09-29 07:27:21,false,"Davis Running","1.48","109","00:12:52","149","168","2.1","178","183","8:42","7:21","3","--","1.04","0.0","--","--","--","2,282","--","--","No","00:04:17.2","2","00:12:52","00:13:36","39","46"
Running,2020-09-19 09:28:04,false,"Davis Running","5.17","240","00:42:45","126","138","1.8","179","243","8:16","6:24","13","13","1.09","0.0","--","--","--","7,632","--","--","No","00:01:35.4","6","00:42:39","00:49:31","36","52"
Running,2020-09-18 10:08:42,false,"Yolo County Running","1.54","113","00:16:51","132","165","1.6","177","187","10:57","8:35","3","--","0.83","0.0","--","--","--","2,874","--","--","No","00:05:47.8","2","00:16:06","00:18:11","38","46"
Running,2020-09-18 09:13:44,false,"4 mile tempo","4.01","178","00:26:05","137","151","2.0","181","193","6:30","5:18","3","3","1.37","0.0","--","--","--","4,688","--","--","No","00:00:02.6","5","00:26:04","00:26:05","39","43"
Running,2020-09-18 08:43:12,false,"Davis Running","2.00","131","00:16:41","143","161","2.1","178","185","8:19","7:17","3","3","1.09","0.0","--","--","--","2,950","--","--","No","00:00:02.2","3","00:16:40","00:17:32","38","46"
Running,2020-09-17 09:00:51,false,"Davis Running","5.01","324","00:38:34","154","181","3.0","179","191","7:42","5:36","19","19","1.17","0.0","--","--","--","6,850","--","--","No","00:00:03.2","6","00:38:33","00:41:31","39","52"
Running,2020-09-16 09:38:36,false,"Yolo County Running","6.07","367","00:48:31","148","181","2.6","180","249","8:00","6:24","7","10","1.12","0.0","--","--","--","8,708","--","--","No","00:00:32.5","7","00:48:29","00:54:11","46","59"
Running,2020-09-15 09:30:21,false,"Davis Running","2.00","171","00:18:09","164","182","2.8","178","183","9:03","8:03","3","--","1.00","0.0","--","--","--","3,218","--","--","No","00:00:02.6","3","00:18:09","00:18:19","39","46"
Running,2020-09-15 08:45:51,false,"First run/workout w team 🤗","4.65","288","00:36:08","149","184","2.9","173","193","7:47","5:04","3","--","1.18","0.0","--","--","--","5,726","--","--","No","00:01:02.0","15","00:33:50","00:36:08","39","46"
Running,2020-09-15 08:07:47,false,"Davis Running","1.53","108","00:11:57","156","168","2.2","178","183","7:48","7:20","3","--","1.16","0.0","--","--","--","2,134","--","--","No","00:04:06.1","2","00:11:56","00:11:57","39","46"
Running,2020-09-10 08:12:44,false,"Davis Running","8.09","532","01:00:15","160","196","3.7","179","191","7:27","6:28","24","25","1.21","0.0","--","--","--","10,748","--","--","No","00:00:35.6","9","01:00:09","01:18:29","43","66"
Running,2020-09-09 07:53:02,false,"AQI 4000","2.59","190","00:21:32","155","190","2.8","176","199","8:18","4:59","3","--","1.10","0.0","--","--","--","3,736","--","--","No","00:05:15.4","3","00:21:26","00:42:45","46","52"
Running,2020-09-09 07:23:12,false,"Davis Running","2.03","134","00:18:03","138","169","2.0","175","184","8:54","7:25","3","3","1.03","0.0","--","--","--","3,128","--","--","No","00:02:12.5","3","00:17:53","00:23:03","46","52"
Running,2020-09-06 06:46:03,false,"Davis Running","9.01","541","01:04:09","158","185","3.4","181","244","7:07","6:30","25","22","1.25","0.0","--","--","--","11,570","--","--","No","00:00:03.6","10","01:04:06","01:16:03","43","59"
Running,2020-09-05 08:25:09,false,"Davis Running","6.31","374","00:51:58","142","157","2.2","177","199","8:15","4:47","13","13","1.10","0.0","--","--","--","9,030","--","--","No","00:01:41.3","7","00:51:03","01:04:05","43","56"
Running,2020-09-04 10:26:10,false,"Davis Running","1.54","112","00:14:18","141","157","2.0","181","191","9:16","8:03","7","--","0.96","0.0","--","--","--","2,572","--","--","No","00:04:48.8","2","00:14:16","00:17:16","46","54"
Running,2020-09-04 09:49:39,false,"Davis Running","3.10","101","00:26:24","109","131","1.2","175","204","8:30","4:55","3","6","1.04","0.0","--","--","--","3,680","--","--","No","00:00:59.6","17","00:23:24","00:26:24","43","46"
Running,2020-09-04 09:08:53,false,"Davis Running","2.22","121","00:21:44","121","157","1.6","166","187","9:48","7:49","3","7","0.97","0.0","--","--","--","3,550","--","--","No","00:04:10.1","3","00:21:37","00:38:35","43","52"
Running,2020-09-03 07:47:50,false,"Davis Running","6.18","363","00:46:13","148","165","2.9","180","201","7:29","4:01","16","13","1.20","0.0","--","--","--","8,212","--","--","No","00:00:03.3","8","00:46:01","01:03:26","36","52"
Running,2020-09-02 07:14:59,false,"Davis Running","8.00","502","01:00:49","153","187","3.2","179","193","7:36","6:16","17","14","1.18","0.0","--","--","--","10,852","--","--","No","00:00:01.9","9","01:00:35","01:36:56","43","59"
Running,2020-08-30 07:13:20,false,"Upland Running","10.01","647","01:14:30","159","183","3.2","181","193","7:27","6:30","249","267","1.19","0.0","--","--","--","13,424","--","--","No","00:00:02.5","11","01:14:26","01:22:36","1,232","1,407"
Running,2020-08-29 07:16:56,false,"West Covina Running","6.00","335","00:45:38","147","181","2.5","179","195","7:36","4:57","86","84","1.18","0.0","--","--","--","8,144","--","--","No","00:03:11.5","7","00:45:23","01:02:19","454","542"
Running,2020-08-28 08:24:00,false,"Covina Running","4.50","287","00:39:11","150","172","2.6","172","193","8:42","4:56","30","27","1.06","0.0","--","--","--","6,302","--","--","No","00:00:45.2","17","00:37:53","00:40:27","600","620"
Running,2020-08-28 07:59:38,false,"Covina Running","2.00","125","00:18:20","135","154","1.7","176","181","9:09","8:36","44","51","1.00","0.0","--","--","--","3,218","--","--","No","00:00:02.2","3","00:18:19","00:18:48","600","643"
Running,2020-08-27 07:13:32,false,"West Covina Running","5.36","302","00:43:51","141","161","2.2","177","218","8:10","4:22","62","66","1.12","0.0","--","--","--","7,674","--","--","No","00:00:13.7","7","00:43:45","01:07:27","390","461"
Running,2020-08-25 17:16:51,false,"Covina Running","3.01","205","00:24:51","149","165","2.6","177","183","8:16","7:45","101","93","1.10","0.0","--","--","--","4,390","--","--","No","00:00:02.9","4","00:24:49","00:25:01","623","663"
Running,2020-08-25 07:45:54,false,"2x200, 6x600, 2x200","3.45","219","00:31:44","139","173","2.2","166","218","9:12","4:19","16","20","1.00","0.0","--","--","--","4,164","--","--","No","00:00:09.5","20","00:29:20","00:31:44","600","610"
Running,2020-08-25 07:23:45,false,"Wu Cd","3.55","128","00:32:51","137","151","1.8","177","185","9:15","6:29","40","44","1.04","0.0","--","--","--","3,178","--","--","No","00:00:04.0","3","00:17:36","00:17:37","605","643"
Running,2020-08-24 06:59:15,false,"West Covina Running","4.12","244","00:36:06","137","178","2.0","177","185","8:46","6:49","59","61","1.04","0.0","--","--","--","6,366","--","--","No","00:01:05.6","5","00:36:03","00:39:02","440","509"
Running,2020-08-23 06:53:12,false,"Upland Running","10.01","660","01:16:12","158","174","3.5","180","244","7:37","6:13","207","284","1.17","0.0","--","--","--","13,676","--","--","No","00:02:00.9","13","01:16:00","01:24:10","1,232","1,407"
Running,2020-08-21 08:13:09,false,"Covina Running","1.01","82","00:09:12.8","151","158","2.0","175","183","9:08","7:16","7","--","1.00","0.0","--","--","--","1,606","--","--","No","00:00:04.4","2","00:09:12","00:10:44","600","623"
Running,2020-08-21 07:28:00,false,"Covina Running","5.48","354","00:44:03","155","181","2.8","172","222","8:02","5:28","18","16","1.15","0.0","--","--","--","7,004","--","--","No","00:02:00.0","13","00:43:30","00:44:04","600","610"
Running,2020-08-21 07:05:38,false,"Covina Running","2.01","120","00:17:56","132","145","1.7","177","181","8:56","8:20","46","56","1.02","0.0","--","--","--","3,160","--","--","No","00:00:02.6","3","00:17:55","00:17:56","600","643"
Running,2020-08-20 07:41:56,false,"West Covina Running","5.19","296","00:44:09","139","155","2.2","176","195","8:30","4:41","87","90","1.07","0.0","--","--","--","7,510","--","--","No","00:00:31.2","13","00:43:18","23:22:36","440","531"
Running,2020-08-19 07:15:52,false,"Covina Running","8.01","510","01:03:13","151","168","3.0","177","185","7:54","6:59","136","142","1.15","0.0","--","--","--","11,162","--","--","No","00:00:03.7","9","01:03:06","01:08:12","536","643"
Running,2020-08-18 07:32:49,false,"Covina Running","6.01","396","00:59:57","140","166","2.2","168","211","9:59","4:29","30","26","0.94","0.0","--","--","--","8,850","--","--","No","00:00:29.8","26","00:58:37","01:02:16","600","624"
Running,2020-08-18 07:11:26,false,"Covina Running","2.01","128","00:16:51","139","152","2.0","178","183","8:23","7:53","42","47","1.08","0.0","--","--","--","3,004","--","--","No","00:00:02.7","3","00:16:50","00:18:15","600","643"
Running,2020-08-16 06:31:54,false,"Upland Running","9.00","589","01:08:41","155","187","3.4","179","189","7:38","6:37","95","795","1.18","0.0","--","--","--","12,254","--","--","No","00:01:00.0","19","01:08:37","48:39:08","611","1,311"
Running,2020-08-15 07:44:31,false,"West Covina Running","6.00","367","00:46:36","147","163","2.8","179","189","7:46","5:11","88","85","1.16","0.0","--","--","--","8,266","--","--","No","00:03:08.1","7","00:46:28","01:00:35","390","464"
Running,2020-08-13 08:01:50,false,"West Covina Running","6.01","352","00:46:48","146","164","2.4","180","189","7:47","7:08","79","89","1.15","0.0","--","--","--","8,398","--","--","No","00:00:02.9","7","00:46:43","00:54:44","449","541"
Running,2020-08-12 08:04:39,false,"West Covina Running","7.53","434","01:03:24","142","179","2.4","177","244","8:25","6:15","397","398","1.08","0.0","--","--","--","11,162","--","--","No","00:04:05.8","8","01:03:12","01:21:00","443","773"
Running,2020-08-11 17:38:26,false,"West Covina Running","3.01","195","00:25:06","143","156","2.3","176","183","8:21","7:40","33","38","1.09","0.0","--","--","--","4,396","--","--","No","00:00:03.3","4","00:25:04","00:25:06","440","460"
Running,2020-08-11 08:05:44,false,"West Covina Running","4.50","271","00:35:27","151","173","2.9","178","191","7:53","5:36","88","119","1.14","0.0","--","--","--","6,264","--","--","No","00:01:59.7","13","00:35:24","00:43:22","454","494"
Running,2020-08-11 07:42:10,false,"West Covina Running","2.02","137","00:18:14","139","157","1.9","177","181","9:02","8:32","46","13","1.01","0.0","--","--","--","3,214","--","--","No","00:00:09.3","3","00:18:14","00:18:50","440","494"
Running,2020-08-09 07:53:25,false,"Upland Running","10.01","641","01:16:07","156","182","3.1","179","191","7:36","6:41","253","258","1.18","0.0","--","--","--","13,536","--","--","No","00:00:03.3","11","01:16:01","01:29:00","1,232","1,407"
Running,2020-08-08 08:49:06,false,"West Covina Running","6.00","307","00:47:37","135","147","2.0","177","189","7:56","5:40","91","95","1.15","0.0","--","--","--","8,360","--","--","No","00:03:01.1","7","00:47:31","01:06:48","440","515"
Running,2020-08-07 09:30:13,false,"Covina Running","2.40","163","00:21:34","142","178","2.0","178","195","9:00","5:20","--","85","1.01","0.0","--","--","--","3,794","--","--","No","00:01:01.7","4","00:21:31","00:32:06","446","531"
Running,2020-08-07 08:57:37,false,"Covina Running","4.09","280","00:28:53","171","192","3.4","177","191","7:04","6:02","--","--","1.27","0.0","--","--","--","4,766","--","--","No","00:00:01.9","7","00:27:11","00:28:53","528","536"
Running,2020-08-07 08:32:44,false,"West Covina Running","2.01","137","00:17:29","143","190","2.1","176","183","8:42","8:11","80","--","1.05","0.0","--","--","--","2,926","--","--","No","00:00:04.6","3","00:17:22","00:20:51","459","541"
Running,2020-08-06 08:40:02,false,"West Covina Running","7.01","435","00:53:05","152","188","2.8","179","235","7:34","7:02","112","114","1.19","0.0","--","--","--","9,468","--","--","No","00:00:04.0","8","00:52:58","00:59:23","453","541"
Running,2020-08-05 08:47:13,false,"West Covina Running","8.01","503","01:02:25","152","172","3.0","179","189","7:48","7:04","214","212","1.16","0.0","--","--","--","11,072","--","--","No","00:00:02.9","9","01:02:13","01:15:02","441","636"
Running,2020-08-03 11:21:21,false,"West Covina Running","4.01","271","00:33:11","148","161","2.6","177","185","8:17","7:39","64","61","1.10","0.0","--","--","--","5,824","--","--","No","00:00:03.4","5","00:33:05","00:38:31","459","531"
Running,2020-08-02 07:13:40,false,"Upland Running","10.01","647","01:14:38","157","187","3.4","180","244","7:27","6:36","257","272","1.20","0.0","--","--","--","13,348","--","--","No","00:00:03.5","11","01:14:30","01:27:43","1,232","1,408"
Running,2020-08-01 09:07:22,false,"West Covina Running","5.02","278","00:39:35","140","159","2.2","179","196","7:53","5:13","87","82","1.14","0.0","--","--","--","7,020","--","--","No","00:03:00.3","6","00:39:33","00:53:38","440","531"
Running,2020-07-31 19:28:57,false,"West Covina Running","2.50","145","00:20:20","136","145","1.9","177","183","8:07","7:33","46","46","1.12","0.0","--","--","--","3,596","--","--","No","00:04:01.1","3","00:20:18","00:22:54","459","509"
Running,2020-07-31 09:06:06,false,"Covina Running","2.02","149","00:17:02","150","155","2.3","178","195","8:26","4:59","--","70","1.07","0.0","--","--","--","3,004","--","--","No","00:00:10.4","3","00:17:00","00:21:31","459","531"
Running,2020-07-31 08:36:16,false,"Covina Running","3.99","228","00:27:38","148","155","2.5","178","187","6:55","6:13","--","--","1.30","0.0","--","--","--","4,920","--","--","No","00:02:00.1","8","00:27:37","00:27:38","528","536"
Running,2020-07-31 08:09:29,false,"West Covina Running","2.01","116","00:17:38","131","142","1.7","176","181","8:47","7:51","81","--","1.04","0.0","--","--","--","3,072","--","--","No","00:00:05.1","3","00:17:26","00:22:25","398","541"
Running,2020-07-30 08:25:46,false,"West Covina Running","6.51","421","00:50:43","151","168","3.0","178","189","7:48","6:53","66","70","1.16","0.0","--","--","--","9,028","--","--","No","00:03:47.7","7","00:50:38","00:57:02","391","461"
Running,2020-07-29 08:25:12,false,"West Covina Running","8.01","493","01:01:45","151","165","2.8","179","191","7:43","7:05","219","221","1.16","0.0","--","--","--","11,026","--","--","No","00:00:02.5","9","01:01:26","01:14:12","440","589"
Running,2020-07-28 17:21:48,false,"West Covina Running","2.01","131","00:15:59","146","162","2.2","179","228","7:58","6:18","10","13","1.13","0.0","--","--","--","2,832","--","--","No","00:00:03.8","3","00:15:56","00:17:26","440","461"
Running,2020-07-28 08:23:47,false,"West Covina Running","8.01","545","01:01:48","161","184","3.7","179","210","7:43","5:52","797","663","1.16","0.0","--","--","--","10,992","--","--","No","00:00:03.7","19","01:01:43","01:09:40","374","543"
Running,2020-07-26 08:16:02,false,"Upland Running","10.01","639","01:16:03","154","185","3.3","182","248","7:36","6:39","1,253","1,152","1.16","0.0","--","--","--","13,688","--","--","No","00:00:02.6","11","01:15:51","01:32:05","1,018","1,338"
Running,2020-07-25 08:46:47,false,"West Covina Running","5.53","336","00:42:01","149","184","2.7","179","193","7:36","5:15","587","499","1.18","0.0","--","--","--","7,476","--","--","No","00:00:03.3","7","00:41:52","00:55:12","405","576"
Running,2020-07-24 09:19:51,false,"Covina Running","2.51","153","00:20:36","140","176","1.8","182","197","8:12","4:40","125","197","1.08","0.0","--","--","--","3,800","--","--","No","00:04:36.2","3","00:20:29","00:26:42","456","573"
Running,2020-07-24 08:57:57,false,"Covina Running","3.01","180","00:19:02","164","176","2.8","182","196","6:20","5:54","207","174","1.39","0.0","--","--","--","3,444","--","--","No","00:00:02.3","4","00:19:00","00:19:02","524","570"
Running,2020-07-24 08:31:53,false,"West Covina Running","2.04","123","00:17:32","135","150","1.8","179","191","8:36","8:00","243","102","1.05","0.0","--","--","--","3,134","--","--","No","00:00:19.5","3","00:17:30","00:19:57","420","571"
Running,2020-07-23 08:22:04,false,"West Covina Running","6.01","355","00:46:47","147","188","2.6","181","218","7:47","6:55","692","755","1.14","0.0","--","--","--","8,452","--","--","No","00:00:05.7","7","00:46:40","00:55:10","432","579"
Running,2020-07-22 09:11:58,false,"West Covina Running","6.54","434","00:51:00","155","165","3.2","179","191","7:48","6:44","438","436","1.15","0.0","--","--","--","9,096","--","--","No","00:03:52.8","7","00:50:54","00:59:08","423","833"
Running,2020-07-21 08:48:52,false,"West Covina Running","5.01","339","00:39:55","159","184","3.1","180","195","7:59","5:06","6","39","1.12","0.0","--","--","--","7,084","--","--","No","00:00:29.6","21","00:39:48","00:43:32","453","492"
Running,2020-07-21 08:25:44,false,"West Covina Running","2.00","131","00:16:59","142","157","2.0","179","187","8:29","7:41","46","14","1.06","0.0","--","--","--","3,030","--","--","No","00:00:01.9","3","00:16:57","00:19:45","440","494"
Running,2020-07-19 08:33:17,false,"Covina Running","8.01","542","01:01:21","160","187","3.5","181","191","7:40","6:41","484","486","1.16","0.0","--","--","--","11,054","--","--","No","00:00:02.6","9","01:01:14","01:10:58","443","773"
Running,2020-07-18 08:08:17,false,"West Covina Running","6.61","391","00:49:58","150","180","2.7","180","218","7:34","4:30","90","87","1.18","0.0","--","--","--","8,998","--","--","No","00:00:00.7","8","00:49:46","01:03:38","440","532"
Running,2020-07-17 08:44:13,false,"Covina Running","5.03","273","00:37:42","143","156","2.3","178","246","7:30","4:38","--","61","1.20","0.0","--","--","--","6,558","--","--","No","00:03:00.8","7","00:37:31","00:47:57","459","536"
Running,2020-07-17 08:17:14,false,"West Covina Running","2.00","119","00:17:21","134","145","1.8","178","185","8:39","7:55","81","--","1.04","0.0","--","--","--","3,088","--","--","No","00:00:03.2","3","00:17:16","00:22:15","459","541"
Running,2020-07-16 08:04:36,false,"West Covina Running","7.01","441","00:54:12","153","183","3.0","179","187","7:44","6:39","67","72","1.16","0.0","--","--","--","9,686","--","--","No","00:00:01.9","8","00:54:04","00:59:24","394","467"
Running,2020-07-15 08:15:53,false,"Covina Running","6.01","374","00:46:36","152","183","2.8","180","191","7:46","6:48","356","360","1.15","0.0","--","--","--","8,332","--","--","No","00:00:02.4","7","00:46:31","00:52:51","443","770"
Running,2020-07-14 07:56:27,false,"West Covina Running","7.58","447","00:59:47","151","176","3.2","179","196","7:53","4:47","88","82","1.13","0.0","--","--","--","10,612","--","--","No","00:00:02.8","23","00:59:36","01:13:10","459","541"
Running,2020-07-13 18:45:34,false,"West Covina Running","4.01","268","00:33:24","150","187","2.5","179","229","8:20","7:44","45","47","1.08","0.0","--","--","--","5,956","--","--","No","00:00:04.4","5","00:33:18","00:34:32","410","500"
Running,2020-07-12 06:58:00,false,"Upland Running","9.01","600","01:06:44","163","185","3.8","181","206","7:24","6:37","239","252","1.20","0.0","--","--","--","12,024","--","--","No","00:00:02.7","10","01:06:41","01:17:49","1,232","1,407"
Running,2020-07-11 08:57:32,false,"Upland Running","5.01","331","00:40:43","151","170","2.8","178","187","8:07","7:11","133","132","1.11","0.0","--","--","--","7,236","--","--","No","00:00:08.7","6","00:40:38","00:51:36","1,277","1,339"
Running,2020-07-10 09:04:57,false,"Covina Running","1.60","123","00:14:23","150","159","2.1","180","189","8:58","7:51","--","70","1.00","0.0","--","--","--","2,562","--","--","No","00:05:27.7","2","00:14:18","00:17:04","459","534"
Running,2020-07-10 08:33:10,false,"Covina Running","3.70","232","00:27:35","160","192","2.9","177","197","7:27","4:31","13","11","1.21","0.0","--","--","--","4,390","--","--","No","00:00:45.5","8","00:27:10","00:30:20","528","536"
Running,2020-07-10 08:09:48,false,"West Covina Running","2.01","137","00:17:03","145","160","2.2","179","191","8:29","7:37","72","--","1.06","0.0","--","--","--","3,058","--","--","No","00:00:04.0","3","00:17:00","00:19:30","459","541"
Running,2020-07-09 08:15:06,false,"West Covina Running","6.01","400","00:46:41","154","169","3.2","179","189","7:46","7:13","82","83","1.16","0.0","--","--","--","8,364","--","--","No","00:00:06.1","7","00:46:37","00:50:29","394","463"
Running,2020-07-08 07:24:42,false,"West Covina Running","7.03","430","00:52:27","154","185","3.0","182","204","7:28","6:28","219","223","1.18","0.0","--","--","--","9,458","--","--","No","00:00:12.9","8","00:52:21","01:01:22","446","637"
Running,2020-07-07 16:26:44,false,"West Covina Running","2.02","138","00:16:52","149","160","2.2","179","183","8:20","7:54","33","42","1.08","0.0","--","--","--","3,000","--","--","No","00:00:12.1","3","00:16:46","00:16:52","413","462"
Running,2020-07-07 08:12:15,false,"West Covina Running","6.01","364","00:45:38","155","185","2.8","179","226","7:36","4:53","77","79","1.18","0.0","--","--","--","8,070","--","--","No","00:00:09.1","15","00:45:30","00:57:29","459","541"
Running,2020-07-05 08:15:45,false,"LSD","9.01","605","01:13:35","157","176","3.2","179","193","8:10","7:02","380","381","1.10","0.0","--","--","--","13,102","--","--","No","00:00:03.5","10","01:13:27","01:29:50","443","636"
Running,2020-07-04 07:16:02,false,"5k Virtual Relay","3.10","161","00:19:04","151","162","2.4","181","195","6:09","4:50","--","205","1.45","0.0","--","--","--","3,444","--","--","No","00:00:36.2","4","00:19:03","00:19:04","597","810"
Running,2020-07-04 07:03:06,false,"Wu Cd","3.61","71","00:33:59","144","161","1.7","178","185","9:25","7:29","76","--","1.02","0.0","--","--","--","1,600","--","--","No","00:00:04.5","2","00:08:56.3","00:08:56.3","748","828"
Running,2020-07-03 08:11:06,false,"West Covina Running","4.83","301","00:39:17","146","186","2.4","178","197","8:08","4:35","72","73","1.11","0.0","--","--","--","6,934","--","--","No","00:06:10.6","5","00:39:08","00:55:42","458","531"
Running,2020-07-02 09:18:33,false,"West Covina Running","1.69","123","00:14:45","147","158","2.0","177","189","8:43","7:55","--","32","1.04","0.0","--","--","--","2,606","--","--","No","00:06:02.1","2","00:14:42","00:19:54","457","492"
Running,2020-07-02 08:52:37,false,"West Covina Running","3.36","222","00:24:02","162","179","3.0","177","193","7:09","5:38","--","2","1.26","0.0","--","--","--","4,004","--","--","No","00:00:31.3","8","00:23:59","00:25:37","483","492"
Running,2020-07-02 08:29:30,false,"West Covina Running","2.01","132","00:17:07","140","154","2.0","177","183","8:31","7:26","44","16","1.07","0.0","--","--","--","3,016","--","--","No","00:00:03.5","3","00:17:06","00:19:04","440","493"
Running,2020-07-01 08:56:41,false,"Covina Running","6.00","321","00:45:43","139","148","2.1","178","185","7:37","6:30","155","168","1.19","0.0","--","--","--","8,096","--","--","No","00:00:03.5","7","00:45:41","00:52:07","443","567"
Running,2020-06-30 08:31:30,false,"West Covina Running","6.01","371","00:47:25","148","161","2.7","177","185","7:54","6:55","116","114","1.15","0.0","--","--","--","8,314","--","--","No","00:00:02.8","7","00:47:19","00:55:17","440","541"
Running,2020-06-29 08:59:23,false,"Covina Running","5.00","322","00:39:22","158","183","3.1","178","191","7:52","5:28","56","90","1.15","0.0","--","--","--","6,952","--","--","No","00:00:59.7","18","00:39:15","00:41:38","451","509"
Running,2020-06-29 08:35:17,false,"West Covina Running","2.01","131","00:17:55","138","174","1.9","178","183","8:56","8:03","42","21","1.02","0.0","--","--","--","3,156","--","--","No","00:00:02.2","3","00:17:49","00:19:11","441","493"
Running,2020-06-28 12:34:36,false,"West Covina Running","4.01","233","00:33:38","137","151","2.0","178","187","8:23","7:12","78","75","1.08","0.0","--","--","--","5,974","--","--","No","00:00:04.4","5","00:33:35","00:38:06","454","531"
Running,2020-06-26 18:24:22,false,"Upland Running","9.01","605","01:06:53","161","186","3.7","179","189","7:26","6:28","158","104","1.21","0.0","--","--","--","11,866","--","--","No","00:00:02.7","10","01:06:47","01:15:55","1,155","1,315"
Running,2020-06-26 08:02:12,false,"West Covina Running","5.08","299","00:38:33","146","164","2.6","180","204","7:35","4:41","41","47","1.18","0.0","--","--","--","6,762","--","--","No","00:00:32.0","7","00:38:23","00:47:58","407","461"
Running,2020-06-25 08:24:50,false,"West Covina Running","3.28","205","00:23:01","162","182","2.9","180","193","7:01","5:19","13","11","1.28","0.0","--","--","--","3,944","--","--","No","00:02:59.4","5","00:23:00","00:24:04","483","492"
Running,2020-06-25 08:03:45,false,"Wu Cd","4.01","127","00:35:13","139","152","1.9","179","185","8:47","7:55","43","15","1.03","0.0","--","--","--","3,134","--","--","No","00:00:03.4","3","00:17:28","00:18:39","425","494"
Running,2020-06-24 09:06:22,false,"West Covina Running","5.01","348","00:39:27","157","177","3.1","178","184","7:53","7:10","93","107","1.15","0.0","--","--","--","7,006","--","--","No","00:00:06.9","6","00:39:21","00:41:20","446","532"
Running,2020-06-23 08:18:02,false,"West Covina Running","6.01","404","00:46:51","154","182","3.2","179","186","7:48","7:08","35","43","1.15","0.0","--","--","--","8,316","--","--","No","00:00:02.5","7","00:46:49","00:50:42","417","463"
Running,2020-06-22 09:21:45,false,"Covina Running","4.09","262","00:31:44","158","181","3.0","182","196","7:46","5:04","47","84","1.14","0.0","--","--","--","5,706","--","--","No","00:00:29.9","21","00:31:35","00:33:47","446","509"
Running,2020-06-22 09:04:56,false,"West Covina Running","1.50","103","00:12:41","145","159","2.0","178","182","8:26","7:49","45","14","1.08","0.0","--","--","--","2,246","--","--","No","00:04:14.8","2","00:12:39","00:14:04","440","493"
Cycling,2020-06-21 10:52:33,false,"Upland Cycling","9.52","236","01:48:44","82","142","1.2","--","--","5.3","15.3","306","242","--","0.0","--","--","--","--","--","--","No","00:50:31","2","01:11:04","02:09:18","1,210","1,405"
Running,2020-06-20 10:16:36,false,"Upland Running","8.01","541","00:59:01","163","188","3.6","180","189","7:22","6:27","208","225","1.21","0.0","--","--","--","10,540","--","--","No","00:00:02.5","9","00:58:52","01:04:20","1,232","1,389"
Running,2020-06-19 09:31:28,false,"Covina Running","6.02","283","00:46:23","133","143","1.9","179","218","7:42","4:40","163","166","1.16","0.0","--","--","--","8,214","--","--","No","00:00:29.3","12","00:46:13","00:56:13","443","567"
Running,2020-06-18 09:56:07,false,"Covina Running","3.01","177","00:23:43","142","156","2.1","180","204","7:53","6:26","15","91","1.13","0.0","--","--","--","4,242","--","--","No","00:00:04.3","4","00:23:38","00:27:20","453","541"
Running,2020-06-18 09:35:11,false,"West Covina Running","1.52","100","00:12:57","142","158","1.9","179","187","8:33","7:40","72","--","1.05","0.0","--","--","--","2,316","--","--","No","00:04:20.8","2","00:12:55","00:16:57","459","535"
Running,2020-06-17 07:24:18,false,"Covina Running","5.01","324","00:38:22","155","190","2.9","182","193","7:40","6:40","112","112","1.15","0.0","--","--","--","6,950","--","--","No","00:00:02.8","6","00:38:18","00:40:55","476","598"
Running,2020-06-16 08:27:13,false,"West Covina Running","6.01","381","00:47:30","152","192","2.8","181","193","7:54","7:08","94","90","1.13","0.0","--","--","--","8,548","--","--","No","00:00:03.4","7","00:47:24","00:55:11","459","541"
Running,2020-06-15 08:20:04,false,"West Covina Running","4.50","290","00:34:56","153","175","2.7","179","212","7:45","4:29","192","203","1.15","0.0","--","--","--","6,136","--","--","No","00:00:02.0","9","00:34:46","00:44:16","443","535"
Running,2020-06-15 07:59:01,false,"West Covina Running","2.01","131","00:17:23","142","158","2.0","179","185","8:39","8:13","83","83","1.04","0.0","--","--","--","3,102","--","--","No","00:00:04.7","3","00:17:22","00:17:26","443","526"
Running,2020-06-14 09:23:39,false,"West Covina Running","4.00","243","00:33:57","140","156","2.1","181","193","8:29","7:13","79","64","1.05","0.0","--","--","--","6,106","--","--","No","00:00:01.2","5","00:33:53","00:39:08","427","493"
Running,2020-06-13 08:14:23,false,"Covina Running","8.00","500","01:01:32","152","159","3.1","180","189","7:41","6:54","331","329","1.16","0.0","--","--","--","11,028","--","--","No","00:00:00.9","9","01:01:27","01:11:01","443","689"
Running,2020-06-12 07:32:12,false,"West Covina Running","6.57","414","00:49:07","157","183","3.3","179","249","7:29","4:18","93","98","1.20","0.0","--","--","--","8,744","--","--","No","00:00:00.4","14","00:48:58","01:01:39","451","542"
Running,2020-06-10 07:35:30,false,"Covina Running","6.00","415","00:47:10","160","180","3.3","179","189","7:52","7:08","175","176","1.15","0.0","--","--","--","8,384","--","--","No","00:00:01.0","7","00:47:08","00:54:33","485","639"
Running,2020-06-09 07:44:05,false,"Covina Running","6.00","397","00:45:12","160","180","3.3","178","187","7:32","6:50","156","159","1.20","0.0","--","--","--","8,010","--","--","No","00:00:01.3","7","00:45:06","00:52:34","443","566"
Running,2020-06-08 08:17:48,false,"West Covina Running","6.00","401","00:47:05","159","183","3.2","176","195","7:51","5:18","77","70","1.15","0.0","--","--","--","8,322","--","--","No","00:00:59.1","15","00:47:00","00:54:44","440","509"
Running,2020-06-06 09:06:29,false,"West Covina Running","8.00","481","00:58:51","156","181","3.2","178","199","7:21","6:24","39","37","1.23","0.0","--","--","--","10,484","--","--","No","00:00:02.2","9","00:58:47","01:06:03","453","493"
Running,2020-06-05 09:26:44,false,"Upland Running","6.40","420","00:52:17","158","186","3.2","179","196","8:10","4:21","539","539","1.10","0.0","--","--","--","9,234","--","--","No","00:00:04.2","13","00:52:09","01:06:46","1,309","1,868"
Running,2020-06-04 07:23:44,false,"Covina Running","3.38","224","00:22:33","178","189","3.3","179","191","6:40","5:38","44","57","1.35","0.0","--","--","--","4,036","--","--","No","00:04:16.4","4","00:22:30","00:23:50","522","542"
Running,2020-06-04 07:01:40,false,"Wu Cd","3.05","137","00:26:40","179","191","2.8","179","187","8:45","7:47","85","--","1.04","0.0","--","--","--","2,370","--","--","No","00:04:40.4","2","00:13:19","00:16:22","449","537"
Running,2020-06-03 08:17:51,false,"West Covina Running","3.08","198","00:24:53","147","168","2.5","177","183","8:05","7:08","47","42","1.13","0.0","--","--","--","4,352","--","--","No","00:00:35.5","4","00:24:49","00:31:38","459","509"
Running,2020-06-01 08:55:38,false,"West Covina Running","5.00","343","00:38:07","161","187","3.2","179","198","7:37","4:36","94","96","1.18","0.0","--","--","--","6,762","--","--","No","00:00:01.3","14","00:38:02","00:43:34","427","509"
Running,2020-05-30 09:05:25,false,"Covina Running","8.01","523","01:00:01","159","185","3.3","180","189","7:30","6:29","216","215","1.19","0.0","--","--","--","10,696","--","--","No","00:00:02.0","9","00:59:53","01:09:07","477","661"
Running,2020-05-29 08:47:44,false,"Upland Running","5.37","331","00:40:26","155","182","3.0","181","204","7:32","4:07","420","415","1.18","0.0","--","--","--","7,172","--","--","No","00:00:02.8","10","00:40:06","00:53:39","1,309","1,735"
Running,2020-05-28 08:00:13,false,"Covina Running","3.10","197","00:21:01","164","176","2.9","179","189","6:47","6:15","45","48","1.33","0.0","--","--","--","3,728","--","--","No","00:00:08.9","5","00:21:01","00:21:01","482","509"
Running,2020-05-28 07:39:38,false,"Warmup + Cooldown","3.01","136","00:25:45","145","161","2.2","178","187","8:33","7:32","43","17","1.07","0.0","--","--","--","2,998","--","--","No","00:00:02.4","3","00:16:55","00:19:23","459","509"
Running,2020-05-27 08:11:47,false,"West Covina Running","5.01","342","00:39:52","153","189","3.1","179","187","7:58","7:27","38","35","1.13","0.0","--","--","--","7,126","--","--","No","00:00:02.9","6","00:39:50","00:42:54","457","493"
Running,2020-05-26 08:02:05,false,"West Covina Running","6.01","387","00:47:16","150","162","3.0","180","189","7:52","7:19","32","34","1.14","0.0","--","--","--","8,468","--","--","No","00:00:03.3","7","00:47:12","00:54:09","456","494"
Running,2020-05-25 08:26:05,false,"West Covina Running","5.01","279","00:37:49","141","154","2.3","180","191","7:33","5:04","82","85","1.19","0.0","--","--","--","6,750","--","--","No","00:01:59.7","11","00:37:47","00:45:53","456","509"
Running,2020-05-23 09:13:56,false,"West Covina Running","7.00","401","00:53:02","146","157","2.7","180","191","7:34","6:54","213","220","1.18","0.0","--","--","--","9,532","--","--","No","00:00:01.2","8","00:52:58","01:08:41","446","637"
Running,2020-05-22 08:11:25,false,"West Covina Running","6.26","381","00:46:36","155","168","3.2","180","191","7:27","4:53","33","36","1.20","0.0","--","--","--","8,334","--","--","No","00:00:00.3","10","00:46:30","00:53:59","438","492"
Running,2020-05-21 08:18:02,false,"West Covina Running","6.01","390","00:45:18","159","178","3.3","181","196","7:32","5:06","98","107","1.18","0.0","--","--","--","8,178","--","--","No","00:00:03.2","7","00:45:12","00:53:34","449","542"
Running,2020-05-20 08:51:20,false,"Covina Running","5.01","328","00:38:29","159","183","3.1","179","187","7:41","6:54","143","149","1.17","0.0","--","--","--","6,842","--","--","No","00:00:04.4","6","00:38:27","00:45:19","443","567"
Running,2020-05-19 08:14:59,false,"West Covina Running","6.01","416","00:47:17","161","175","3.6","180","243","7:52","6:14","114","119","1.14","0.0","--","--","--","8,450","--","--","No","00:00:02.8","7","00:47:08","00:59:11","441","531"
Running,2020-05-18 08:59:06,false,"West Covina Running","5.03","346","00:37:51","166","202","3.7","181","193","7:32","5:13","79","80","1.18","0.0","--","--","--","6,822","--","--","No","00:00:02.5","11","00:37:48","00:45:18","440","509"
Running,2020-05-16 08:20:19,false,"West Covina Running","7.01","455","00:53:05","160","183","3.4","180","187","7:34","6:51","205","212","1.19","0.0","--","--","--","9,484","--","--","No","00:00:03.7","8","00:52:57","01:04:09","446","635"
Running,2020-05-15 11:14:12,false,"West Covina Running","4.01","284","00:31:22","162","186","3.3","178","185","7:49","7:16","68","72","1.16","0.0","--","--","--","5,546","--","--","No","00:00:04.3","5","00:31:18","00:35:32","449","532"
Running,2020-05-14 08:28:52,false,"West Covina Running","4.27","258","00:32:20","151","162","2.9","180","191","7:35","4:21","65","67","1.18","0.0","--","--","--","5,764","--","--","No","00:00:00.6","9","00:32:11","00:40:46","440","509"
Running,2020-05-13 08:38:31,false,"West Covina Running","3.01","204","00:24:18","154","180","3.0","179","191","8:05","7:20","35","36","1.11","0.0","--","--","--","4,324","--","--","No","00:00:03.1","4","00:24:14","00:28:06","423","463"
Running,2020-05-12 08:19:46,false,"West Covina Running","4.01","190","00:31:21","131","143","1.8","177","183","7:50","7:19","71","75","1.16","0.0","--","--","--","5,530","--","--","No","00:00:02.9","5","00:31:12","00:35:45","456","532"
Running,2020-05-11 08:54:13,false,"West Covina Running","4.01","251","00:30:03","155","176","3.0","178","191","7:30","4:47","71","72","1.21","0.0","--","--","--","5,326","--","--","No","00:00:02.9","10","00:29:58","00:36:40","440","509"
Running,2020-05-09 07:53:26,false,"LR","6.01","403","00:45:03","165","190","3.6","179","189","7:30","6:31","174","181","1.20","0.0","--","--","--","7,994","--","--","No","00:00:04.2","7","00:45:01","00:53:17","480","635"
Running,2020-05-08 08:31:33,false,"West Covina Running","4.01","281","00:30:55","165","185","3.4","178","184","7:43","7:08","217","226","1.17","0.0","--","--","--","5,472","--","--","No","00:00:03.5","5","00:30:52","00:35:00","442","514"
Running,2020-05-04 08:37:26,false,"West Covina Running","4.01","269","00:30:54","159","181","3.3","178","183","7:43","6:59","64","74","1.17","0.0","--","--","--","5,468","--","--","No","00:00:03.0","5","00:30:52","00:34:04","451","532"
Running,2020-05-02 10:54:26,false,"West Covina Running","4.01","278","00:30:55","164","181","3.3","177","182","7:43","7:13","86","62","1.18","0.0","--","--","--","5,480","--","--","No","00:00:03.8","5","00:30:50","00:43:12","410","461"
Running,2020-04-26 20:57:15,false,"West Covina Running","3.13","210","00:23:48","159","181","3.0","178","187","7:36","6:42","69","69","1.19","0.0","--","--","--","4,182","--","--","No","00:00:55.0","4","00:23:42","00:29:25","459","532"
Running,2020-04-24 19:42:00,false,"West Covina Running","4.36","244","00:34:29","140","153","2.3","175","197","7:55","4:18","69","69","1.16","0.0","--","--","--","5,986","--","--","No","00:02:32.5","5","00:34:20","00:41:51","449","531"
Running,2020-04-23 18:44:50,false,"West Covina Running","4.50","308","00:37:00","154","176","3.1","177","185","8:13","7:10","87","88","1.11","0.0","--","--","--","6,496","--","--","No","00:03:56.7","5","00:36:51","00:43:37","411","509"
Running,2020-04-22 18:05:35,false,"Covina Running","3.11","216","00:24:57","157","178","2.8","178","244","8:01","3:56","--","72","1.13","0.0","--","--","--","4,276","--","--","No","00:00:36.5","5","00:24:47","00:37:43","459","538"
Running,2020-04-22 17:42:14,false,"West Covina Running","2.01","141","00:16:29","152","165","2.4","177","185","8:12","7:17","82","--","1.11","0.0","--","--","--","2,896","--","--","No","00:00:04.5","3","00:16:28","00:19:20","459","541"
Running,2020-04-21 11:24:56,false,"West Covina Running","5.01","251","00:39:52","134","144","2.0","179","185","7:58","7:11","125","130","1.13","0.0","--","--","--","7,102","--","--","No","00:00:03.7","6","00:39:43","00:46:08","443","509"
Running,2020-04-20 13:12:13,false,"West Covina Running","5.16","341","00:40:18","154","167","3.1","178","243","7:48","6:37","107","103","1.16","0.0","--","--","--","7,150","--","--","No","00:01:03.8","7","00:40:09","00:48:06","437","509"
Running,2020-04-18 13:52:48,false,"West Covina Running","6.01","385","00:46:52","152","178","3.2","178","185","7:48","6:50","197","189","1.16","0.0","--","--","--","8,340","--","--","No","00:00:04.4","7","00:46:49","00:51:14","443","567"
Running,2020-04-17 18:01:03,false,"West Covina Running","2.10","118","00:17:03","135","144","1.9","178","183","8:07","7:36","38","41","1.11","0.0","--","--","--","3,012","--","--","No","00:00:44.0","3","00:16:58","00:18:28","411","461"
Running,2020-04-16 17:02:41,false,"West Covina Running","5.01","340","00:38:17","160","179","3.3","181","187","7:38","6:43","197","197","1.16","0.0","--","--","--","6,978","--","--","No","00:00:05.0","6","00:38:14","00:43:18","443","567"
Running,2020-04-15 13:24:30,false,"West Covina Running","3.01","211","00:23:29","158","180","3.0","178","184","7:49","7:13","37","37","1.16","0.0","--","--","--","4,174","--","--","No","00:00:02.3","4","00:23:24","00:27:26","453","499"
Running,2020-04-14 12:03:17,false,"Covina Running","4.00","267","00:31:08","153","165","3.0","179","187","7:47","6:39","85","84","1.15","0.0","--","--","--","5,520","--","--","No","00:00:01.3","5","00:31:05","00:36:29","495","598"
Running,2020-04-13 13:12:28,false,"West Covina Running","4.01","294","00:31:20","163","184","3.3","179","187","7:49","6:52","81","81","1.15","0.0","--","--","--","5,570","--","--","No","00:00:02.4","5","00:31:14","00:37:01","459","532"
Running,2020-04-11 12:52:53,false,"Covina Running","5.01","359","00:38:50","159","183","3.3","180","187","7:45","7:08","96","91","1.15","0.0","--","--","--","6,946","--","--","No","00:00:03.4","6","00:38:42","00:44:22","485","598"
Running,2020-04-10 13:42:37,false,"West Covina Running","3.02","170","00:23:29","137","148","2.0","180","189","7:47","7:09","34","47","1.15","0.0","--","--","--","4,200","--","--","No","00:00:08.5","4","00:23:24","00:26:59","459","509"
Running,2020-04-08 14:30:49,false,"West Covina Running","5.01","303","00:38:53","144","155","2.5","181","191","7:46","6:49","118","140","1.15","0.0","--","--","--","7,014","--","--","No","00:00:03.4","6","00:38:50","00:42:44","443","509"
Running,2020-04-07 15:00:03,false,"West Covina Running","3.02","223","00:24:56","153","169","2.7","184","199","8:16","7:35","55","61","1.06","0.0","--","--","--","4,512","--","--","No","00:00:07.0","4","00:24:51","00:27:00","397","461"
Running,2020-04-06 13:32:18,false,"West Covina Running","3.01","173","00:23:22","138","149","2.0","180","187","7:46","7:05","30","53","1.15","0.0","--","--","--","4,214","--","--","No","00:00:09.1","4","00:23:21","00:26:33","446","509"
Running,2020-04-01 18:40:00,false,"West Covina Running","5.01","289","00:37:29","144","156","2.4","180","189","7:29","6:22","80","82","1.20","0.0","--","--","--","6,714","--","--","No","00:00:03.0","6","00:37:21","00:43:03","459","531"
Running,2020-03-31 14:41:48,false,"West Covina Running","3.01","197","00:23:20","150","165","2.5","178","183","7:45","6:20","33","43","1.16","0.0","--","--","--","4,162","--","--","No","00:00:04.2","4","00:23:16","00:25:48","410","461"
Running,2020-03-30 11:25:34,false,"West Covina Running","4.63","250","00:35:36","138","151","2.1","179","185","7:41","5:29","65","62","1.17","0.0","--","--","--","6,338","--","--","No","00:00:00.7","6","00:35:32","00:42:30","459","509"
Running,2020-03-29 12:08:27,false,"West Covina Running","4.01","238","00:30:36","144","184","2.6","179","187","7:38","6:51","66","64","1.18","0.0","--","--","--","5,476","--","--","No","00:00:03.0","5","00:30:36","00:33:47","453","532"
Running,2020-03-28 10:47:34,false,"West Covina Running","6.01","313","00:47:51","136","145","2.0","180","191","7:58","7:19","172","176","1.12","0.0","--","--","--","8,602","--","--","No","00:00:03.5","7","00:47:47","00:52:50","443","536"
Running,2020-03-27 10:22:16,false,"West Covina Running","4.31","240","00:33:57","139","155","2.1","179","211","7:52","3:57","67","65","1.14","0.0","--","--","--","6,030","--","--","No","00:02:28.8","5","00:33:56","00:39:30","459","530"
Running,2020-03-25 13:42:34,false,"West Covina Running","4.01","246","00:30:51","150","162","2.6","179","187","7:42","6:26","77","80","1.17","0.0","--","--","--","5,490","--","--","No","00:00:02.4","5","00:30:39","00:38:31","456","531"
Running,2020-03-23 15:07:02,false,"West Covina Running","7.01","436","00:53:13","155","189","3.4","181","188","7:36","5:59","204","210","1.17","0.0","--","--","--","9,596","--","--","No","00:00:03.7","8","00:53:01","01:04:48","419","536"
Running,2020-03-22 12:21:47,false,"West Covina Running","7.01","409","00:54:09","152","178","2.9","178","185","7:44","6:46","93","95","1.17","0.0","--","--","--","9,654","--","--","No","00:00:02.2","8","00:54:04","01:09:53","443","532"
Running,2020-03-20 13:00:18,false,"West Covina Running","5.01","314","00:38:07","160","187","3.1","179","183","7:37","6:42","65","69","1.18","0.0","--","--","--","6,808","--","--","No","00:00:01.9","6","00:38:02","00:42:19","454","532"
Running,2020-03-19 09:03:32,false,"Covina Running","6.51","425","00:51:41","162","195","3.7","180","187","7:56","6:36","192","205","1.13","0.0","--","--","--","9,274","--","--","No","00:03:51.8","7","00:51:35","00:59:44","477","634"
Running,2020-03-18 13:44:18,false,"Covina Running","2.00","166","00:19:06","164","185","2.8","179","185","9:32","8:54","27","25","0.94","0.0","--","--","--","3,426","--","--","No","00:00:02.0","3","00:19:06","00:19:06","498","531"
Running,2020-03-18 13:10:21,false,"Covina Running","3.64","161","00:26:50","135","180","2.0","175","197","7:22","4:23","--","1","1.22","0.0","--","--","--","3,882","--","--","No","00:00:04.7","12","00:25:37","00:26:52","519","526"
Running,2020-03-18 12:43:15,false,"Covina Running","2.01","116","00:17:05","139","151","1.9","178","185","8:31","7:56","--","--","1.06","0.0","--","--","--","3,020","--","--","No","00:00:03.4","3","00:17:04","00:17:12","518","531"
Running,2020-03-17 09:31:37,false,"West Covina Running","6.50","441","00:52:08","163","184","3.6","181","191","8:01","7:07","202","204","1.11","0.0","--","--","--","9,422","--","--","No","00:03:43.7","7","00:52:03","01:10:14","459","635"
Running,2020-03-16 09:46:18,false,"West Covina Running","3.09","259","00:26:57","176","192","3.4","180","196","8:43","4:02","71","69","1.03","0.0","--","--","--","4,740","--","--","No","00:00:26.0","4","00:26:56","00:30:01","477","494"
Running,2020-03-16 09:17:43,false,"Covina Running","3.61","232","00:25:01","171","186","3.2","179","191","6:56","5:29","72","72","1.29","0.0","--","--","--","4,476","--","--","No","00:04:12.7","4","00:24:59","00:25:01","476","509"
Running,2020-03-16 09:03:26,false,"Covina Running","1.01","72","00:09:09.7","148","183","1.9","181","191","9:05","8:43","14","15","0.98","0.0","--","--","--","1,658","--","--","No","00:00:02.7","2","00:09:09.7","00:09:09.7","486","509"
Running,2020-03-14 08:23:51,false,"West Covina Running","9.01","571","01:06:01","165","185","4.2","180","187","7:20","6:22","363","360","1.22","0.0","--","--","--","11,810","--","--","No","00:00:02.4","10","01:05:53","01:19:51","476","702"
Running,2020-03-13 16:46:57,false,"Covina Running","6.50","390","00:50:54","155","174","3.1","181","191","7:50","6:30","170","174","1.14","0.0","--","--","--","9,160","--","--","No","00:04:04.7","7","00:50:44","01:01:16","486","636"
Running,2020-03-12 06:56:20,false,"Covina Running","3.01","279","00:30:36","163","175","3.2","178","211","10:11","3:50","12","22","0.89","0.0","--","--","--","5,376","--","--","No","00:00:04.3","4","00:30:34","00:33:12","486","502"
Running,2020-03-12 06:31:57,false,"Covina Running","2.01","96","00:11:54","152","181","2.1","183","195","5:56","4:33","37","37","1.48","0.0","--","--","--","2,156","--","--","No","00:00:02.4","3","00:11:51","00:18:58","485","509"
Running,2020-03-12 06:13:52,false,"Covina Running","1.02","63","00:10:15","129","151","1.3","181","195","10:03","9:25","16","16","0.88","0.0","--","--","--","1,854","--","--","No","00:00:11.2","2","00:10:15","00:10:15","485","509"
Running,2020-03-11 14:55:31,false,"Covina Running","4.50","276","00:39:36","142","172","2.3","179","185","8:47","8:16","72","71","1.02","0.0","--","--","--","7,074","--","--","No","00:04:16.5","5","00:39:32","00:57:28","476","509"
Running,2020-03-10 15:41:49,false,"Covina Running","2.05","137","00:21:50","134","154","1.8","179","183","10:39","9:57","24","25","0.84","0.0","--","--","--","3,912","--","--","No","00:00:33.4","3","00:21:49","00:21:50","485","509"
Running,2020-03-10 15:01:09,false,"Covina Running","3.16","116","00:16:12","143","154","2.0","187","208","5:08","4:19","3","9","1.68","0.0","--","--","--","2,954","--","--","No","00:00:00.2","7","00:16:08","00:32:36","486","494"
Running,2020-03-10 14:38:29,false,"Covina Running","1.01","75","00:08:49.7","152","158","2.0","180","185","8:47","8:04","--","8","1.02","0.0","--","--","--","1,582","--","--","No","00:00:02.8","2","00:08:49.7","00:08:49.7","485","509"
Running,2020-03-09 07:03:38,false,"Covina Running","1.06","103","00:10:36","170","188","2.4","182","189","10:01","9:11","--","8","0.88","0.0","--","--","--","1,926","--","--","No","00:00:44.3","2","00:10:36","00:10:36","485","509"
Running,2020-03-09 06:28:10,false,"Covina Running","4.23","268","00:30:02","160","182","3.1","180","185","7:06","6:04","50","57","1.26","0.0","--","--","--","5,418","--","--","No","00:01:41.9","5","00:30:01","00:30:02","477","509"
Running,2020-03-09 06:14:55,false,"Covina Running","1.01","55","00:10:00","121","135","1.2","180","187","9:56","9:09","--","8","0.90","0.0","--","--","--","1,804","--","--","No","00:00:03.9","2","00:09:57","00:10:57","486","509"
Running,2020-03-07 06:05:01,false,"West Covina Running","9.01","616","01:05:24","170","198","4.6","181","191","7:15","6:05","285","294","1.22","0.0","--","--","--","11,794","--","--","No","00:00:04.7","10","01:05:15","01:21:55","443","639"
Running,2020-03-06 14:58:46,false,"Covina Running","4.02","222","00:36:30","133","168","1.7","176","183","9:05","7:55","30","30","1.01","0.0","--","--","--","6,366","--","--","No","00:00:08.1","5","00:36:26","01:03:26","518","557"
Running,2020-03-05 16:31:40,false,"Covina Running","2.49","164","00:24:18","136","156","1.8","177","185","9:45","8:30","--","4","0.93","0.0","--","--","--","4,284","--","--","No","00:05:02.4","3","00:24:14","02:06:25","518","531"
Running,2020-03-05 06:39:31,false,"Covina Running","1.01","65","00:09:14.2","135","146","1.4","182","191","9:10","8:38","13","--","0.97","0.0","--","--","--","1,670","--","--","No","00:00:04.4","2","00:09:11","00:11:47","489","509"
Running,2020-03-05 06:18:04,false,"Covina Running","3.01","136","00:18:59","141","156","1.9","179","189","6:19","5:45","59","73","1.42","0.0","--","--","--","3,390","--","--","No","00:00:02.2","4","00:18:57","00:18:59","476","509"
Running,2020-03-05 06:04:03,false,"West Covina Running","1.01","67","00:09:22.7","138","150","1.5","181","191","9:19","7:56","16","5","0.95","0.0","--","--","--","1,696","--","--","No","00:00:03.7","2","00:09:17","00:09:22.7","479","506"
Running,2020-03-04 14:47:50,false,"Covina Running","6.52","378","00:51:34","148","164","2.6","179","193","7:54","6:54","180","197","1.14","0.0","--","--","--","9,184","--","--","No","00:04:06.3","7","00:51:28","01:01:42","476","634"
Running,2020-03-03 16:06:50,false,"Covina Running","2.07","163","00:20:42","147","155","2.2","179","185","10:01","9:15","22","25","0.90","0.0","--","--","--","3,690","--","--","No","00:00:38.6","3","00:20:39","00:20:49","476","509"
Running,2020-03-03 15:40:51,false,"Covina Running","2.42","105","00:12:43","158","180","2.2","181","218","5:15","4:19","--","3","1.69","0.0","--","--","--","2,278","--","--","No","00:00:00.3","4","00:12:42","00:23:06","486","494"
Running,2020-03-03 14:49:43,false,"Covina Running","1.52","104","00:13:37","145","161","2.0","178","181","8:58","8:17","12","17","1.01","0.0","--","--","--","2,414","--","--","No","00:04:34.9","2","00:13:30","00:41:42","485","509"
Running,2020-03-02 14:54:40,false,"Covina Running","7.50","440","00:59:47","153","190","3.0","179","243","7:58","5:42","321","324","1.13","0.0","--","--","--","10,654","--","--","No","00:03:51.7","8","00:59:38","01:35:30","443","633"
Running,2020-03-01 09:32:49,false,"Walnut Running","4.50","293","00:39:17","149","185","3.0","181","189","8:44","6:06","401","421","1.02","0.0","--","--","--","7,090","--","--","No","00:04:09.9","5","00:39:14","00:41:20","613","763"
Running,2020-02-29 09:24:05,false,"Murrieta Running","4.11","284","00:39:37","146","182","2.5","178","185","9:39","7:58","94","89","0.94","0.0","--","--","--","7,030","--","--","No","00:01:00.5","5","00:39:34","07:29:39","1,490","1,536"
Running,2020-02-28 14:53:10,false,"Covina Running","3.01","181","00:26:04","140","156","2.1","177","185","8:40","7:13","47","41","1.05","0.0","--","--","--","4,602","--","--","No","00:00:02.3","4","00:25:58","00:53:38","486","542"
Running,2020-02-27 06:23:31,false,"Covina Running","5.19","411","00:44:49","169","193","3.7","180","199","8:38","3:55","81","75","1.03","0.0","--","--","--","7,954","--","--","No","00:00:07.4","9","00:44:43","01:03:32","477","509"
Running,2020-02-27 06:08:53,false,"Covina Running","1.01","53","00:09:41.8","122","168","1.3","186","195","9:38","8:47","13","15","0.90","0.0","--","--","--","1,790","--","--","No","00:00:03.1","2","00:09:41.6","00:09:41.8","485","509"
Running,2020-02-26 14:46:33,false,"Covina Running","4.52","286","00:37:13","149","168","2.6","178","183","8:14","7:33","94","94","1.10","0.0","--","--","--","6,620","--","--","No","00:04:00.4","5","00:37:05","01:05:55","486","596"
Running,2020-02-25 06:57:52,false,"Covina Running","2.11","162","00:20:05","147","178","2.4","180","244","9:30","5:39","28","28","0.94","0.0","--","--","--","3,598","--","--","No","00:01:16.7","3","00:20:04","00:20:15","477","509"
Running,2020-02-25 06:19:38,false,"Covina Running","3.32","112","00:18:32","133","154","1.6","183","218","5:35","4:17","15","18","1.56","0.0","--","--","--","3,216","--","--","No","00:00:00.2","16","00:18:22","00:34:18","486","494"
Running,2020-02-25 06:03:30,false,"Covina Running","1.01","63","00:09:16.5","133","144","1.4","182","193","9:11","8:11","--","13","0.96","0.0","--","--","--","1,674","--","--","No","00:00:04.7","2","00:09:15","00:09:16.5","485","513"
Running,2020-02-24 14:48:06,false,"Covina Running","7.01","446","00:52:55","158","173","3.4","179","187","7:33","6:51","72","71","1.19","0.0","--","--","--","9,406","--","--","No","00:00:02.4","8","00:52:51","01:24:25","477","541"
Running,2020-02-23 09:19:19,false,"Los Angeles County Running","6.01","370","00:48:12","149","194","2.8","181","189","8:01","7:13","72","69","1.11","0.0","--","--","--","8,700","--","--","No","00:00:03.5","7","00:48:11","00:48:46","197","227"
Running,2020-02-22 08:04:04,false,"Covina Running","6.66","434","01:09:19","140","188","2.9","174","226","10:24","3:32","90","91","0.89","0.0","--","--","--","9,982","--","--","No","00:02:20.2","8","01:03:22","06:46:53","435","531"
Running,2020-02-21 14:48:00,false,"Covina Running","3.11","216","00:28:49","144","160","2.3","177","185","9:17","7:33","38","39","0.98","0.0","--","--","--","5,064","--","--","No","00:00:54.8","4","00:28:43","01:06:07","518","561"
Running,2020-02-19 14:31:27,false,"Covina Running","5.09","327","00:46:06","146","191","2.5","177","211","9:04","3:45","39","43","1.00","0.0","--","--","--","8,062","--","--","No","00:00:56.1","6","00:45:57","01:37:16","476","509"
Running,2020-02-18 14:51:37,false,"Covina Running","7.07","423","00:56:33","152","187","3.0","177","201","8:00","6:32","312","311","1.14","0.0","--","--","--","9,994","--","--","No","00:00:33.7","8","00:56:26","01:27:33","443","633"
Running,2020-02-17 08:47:42,false,"Covina Running","2.55","184","00:19:42","168","183","3.0","180","195","7:43","4:20","31","21","1.16","0.0","--","--","--","3,538","--","--","No","00:04:47.0","3","00:19:42","00:38:50","477","509"
Running,2020-02-17 08:09:14,false,"Covina Running","3.65","236","00:25:02","172","198","3.3","179","185","6:51","6:07","56","61","1.31","0.0","--","--","--","4,492","--","--","No","00:04:27.2","4","00:25:01","00:25:02","477","509"
Running,2020-02-17 07:44:47,false,"Covina Running","1.01","76","00:08:54.6","155","171","2.0","182","193","8:51","8:16","--","10","1.00","0.0","--","--","--","1,616","--","--","No","00:00:03.6","2","00:08:53.6","00:08:54.6","486","509"
Running,2020-02-15 08:38:44,false,"Los Angeles County Running","8.01","497","01:01:13","157","204","3.7","182","197","7:39","5:56","961","957","1.16","0.0","--","--","--","11,082","--","--","No","00:00:03.7","9","01:01:10","01:04:49","1,549","1,896"
Running,2020-02-14 15:39:15,false,"Covina Running","2.00","151","00:17:46","158","181","2.4","179","235","8:52","3:36","6","10","1.02","0.0","--","--","--","3,096","--","--","No","00:00:01.0","3","00:17:44","00:23:33","486","494"
Running,2020-02-14 15:09:39,false,"Covina Running","3.55","228","00:25:02","170","185","3.2","177","183","7:03","6:20","43","48","1.29","0.0","--","--","--","4,424","--","--","No","00:03:52.2","4","00:25:00","00:25:02","485","509"
Running,2020-02-14 14:34:27,false,"Covina Running","1.51","87","00:13:00","136","154","1.7","177","183","8:36","7:36","17","14","1.06","0.0","--","--","--","2,298","--","--","No","00:04:11.3","2","00:12:58","00:30:19","485","509"
Running,2020-02-12 15:16:46,false,"Covina Running","5.04","310","00:40:45","159","187","3.1","180","196","8:05","4:16","3","42","1.11","0.0","--","--","--","7,286","--","--","No","00:00:19.6","6","00:40:40","00:47:35","493","541"
Running,2020-02-12 14:31:54,false,"Covina Running","2.01","140","00:16:47","156","173","2.4","177","183","8:22","7:46","44","--","1.09","0.0","--","--","--","2,964","--","--","No","00:00:03.2","3","00:16:42","00:38:23","471","541"
Running,2020-02-11 14:41:58,false,"Covina Running","6.00","387","00:47:13","160","187","3.3","176","183","7:52","6:13","50","43","1.16","0.0","--","--","--","8,292","--","--","No","00:00:01.7","7","00:47:04","01:18:57","443","499"
Running,2020-02-10 07:31:39,false,"Yolo County Running","4.50","313","00:36:02","164","187","3.4","180","187","8:01","7:16","25","25","1.12","0.0","--","--","--","6,450","--","--","No","00:03:56.6","5","00:36:00","00:36:58","46","66"
Running,2020-02-08 09:31:34,false,"Arcadia Running","4.10","249","00:40:06","136","190","2.4","178","185","9:46","8:29","62","63","0.93","0.0","--","--","--","7,120","--","--","No","00:00:54.5","5","00:40:03","01:53:20","423","499"
Running,2020-02-07 14:46:57,false,"Covina Running","3.50","236","00:29:46","153","182","3.0","176","181","8:30","7:56","60","58","1.08","0.0","--","--","--","5,230","--","--","No","00:04:10.6","4","00:29:45","00:48:22","477","509"
Running,2020-02-06 14:36:58,false,"Covina Running","6.01","376","00:47:35","156","188","3.2","176","185","7:55","7:10","182","186","1.15","0.0","--","--","--","8,354","--","--","No","00:00:02.3","7","00:47:24","01:14:29","485","635"
Running,2020-02-05 16:45:01,false,"Covina Running","4.58","340","00:39:22","162","186","3.4","177","235","8:35","3:38","37","35","1.06","0.0","--","--","--","6,960","--","--","No","00:05:57.0","5","00:39:21","00:54:38","485","509"
Running,2020-02-04 17:52:59,false,"Covina Running","1.01","86","00:10:27","152","164","2.0","177","181","10:24","9:15","--","6","0.87","0.0","--","--","--","1,840","--","--","No","00:00:03.2","2","00:10:26","00:10:27","486","497"
Running,2020-02-04 17:32:23,false,"Covina Running","2.11","66","00:10:49","135","187","1.6","186","196","5:08","4:35","8","11","1.69","0.0","--","--","--","1,934","--","--","No","00:01:19.4","8","00:10:42","00:18:20","486","494"
Running,2020-02-04 17:07:57,false,"Covina Running","2.93","133","00:20:02","137","167","1.8","180","189","6:51","5:39","31","34","1.31","0.0","--","--","--","3,612","--","--","No","00:06:23.2","3","00:20:01","00:20:02","476","509"
Running,2020-02-04 16:51:59,false,"Covina Running","1.00","64","00:08:42.2","142","162","1.6","181","191","8:40","7:34","--","15","1.03","0.0","--","--","--","1,564","--","--","No","00:00:01.5","2","00:08:34.5","00:08:42.2","485","509"
Running,2020-02-03 10:28:33,false,"Portland Running","5.01","310","00:37:46","159","184","3.1","181","189","7:32","6:58","54","54","1.18","0.0","--","--","--","6,802","--","--","No","00:00:05.2","6","00:37:41","00:38:25","145","199"
Running,2020-02-02 09:06:04,false,"Portland Running","7.50","517","00:59:16","166","207","4.4","184","193","7:54","6:13","352","332","1.06","0.0","--","--","--","10,822","--","--","No","00:01:28.1","8","00:59:15","01:03:27","278","609"
Running,2020-02-01 08:18:46,false,"West Covina Running","4.01","272","00:33:09","159","186","3.0","180","187","8:16","7:25","67","70","1.08","0.0","--","--","--","5,972","--","--","No","00:00:03.4","5","00:33:05","00:35:41","404","461"
Running,2020-01-31 14:33:39,false,"Covina Running","3.50","242","00:30:05","154","179","2.9","176","183","8:35","8:00","59","58","1.05","0.0","--","--","--","5,336","--","--","No","00:04:16.3","4","00:30:03","00:57:08","477","509"
Running,2020-01-30 17:01:11,false,"Covina Running","5.51","345","00:45:38","154","190","2.8","180","204","8:17","4:15","62","109","1.08","0.0","--","--","--","8,180","--","--","No","00:00:00.6","7","00:45:31","01:18:26","476","542"
Running,2020-01-30 16:44:02,false,"Covina Running","1.01","67","00:08:23.0","155","184","2.0","181","187","8:18","7:12","39","--","1.07","0.0","--","--","--","1,506","--","--","No","00:00:05.0","2","00:08:21.0","00:08:54.3","501","541"
Running,2020-01-29 14:34:47,false,"Covina Running","5.55","340","00:44:15","156","189","3.1","179","240","7:59","6:43","52","47","1.12","0.0","--","--","--","7,900","--","--","No","00:04:25.1","6","00:43:58","01:12:25","443","499"
Running,2020-01-28 17:36:10,false,"Covina Running","1.00","106","00:11:06","180","186","2.6","179","185","11:03","9:51","12","--","0.81","0.0","--","--","--","1,986","--","--","No","00:00:02.8","2","00:11:05","00:11:06","485","509"
Running,2020-01-28 16:58:38,false,"Covina Running","3.09","151","00:18:23","163","204","2.7","178","199","5:58","4:01","9","9","1.51","0.0","--","--","--","3,004","--","--","No","00:00:22.6","7","00:17:58","00:33:46","486","494"
Running,2020-01-28 16:43:49,false,"Covina Running","1.01","71","00:08:27.7","163","172","2.1","180","187","8:25","6:38","--","8","1.06","0.0","--","--","--","1,510","--","--","No","00:00:03.0","2","00:08:25","00:08:27.7","485","509"
Running,2020-01-27 16:16:34,false,"Covina Running","2.04","179","00:19:50","167","181","3.0","180","218","9:42","3:59","--","3","0.92","0.0","--","--","--","3,522","--","--","No","00:00:24.1","3","00:19:43","00:25:46","476","494"
Running,2020-01-27 15:21:31,false,"Covina Running","3.59","206","00:25:03","175","198","3.3","180","185","6:59","6:20","27","33","1.29","0.0","--","--","--","4,558","--","--","No","00:04:11.1","4","00:25:01","00:25:38","477","509"
Running,2020-01-27 14:46:03,false,"Covina Running","1.07","63","00:08:31.9","143","162","1.7","179","187","7:58","7:08","6","6","1.13","0.0","--","--","--","1,528","--","--","No","00:00:29.2","2","00:08:31","00:13:16","486","494"
Running,2020-01-26 10:51:25,false,"Los Angeles County Running","8.05","516","01:05:32","156","179","3.4","181","191","8:08","6:50","217","258","1.09","0.0","--","--","--","11,780","--","--","No","00:00:25.8","9","01:05:25","01:14:43","367","502"
Running,2020-01-25 08:29:52,false,"Arcadia Running","4.01","302","00:40:45","149","166","2.4","178","183","10:10","7:55","30","30","0.89","0.0","--","--","--","7,118","--","--","No","00:00:03.5","5","00:40:37","03:27:20","404","444"
Running,2020-01-24 14:37:50,false,"Covina Running","3.50","242","00:31:01","149","181","2.7","177","185","8:51","8:06","56","56","1.03","0.0","--","--","--","5,498","--","--","No","00:04:24.1","4","00:30:58","00:52:50","476","509"
Running,2020-01-23 16:46:28,false,"Covina Running","4.68","278","00:38:50","143","155","2.4","179","207","8:17","3:48","124","133","1.09","0.0","--","--","--","6,924","--","--","No","00:06:07.4","5","00:38:44","00:47:14","443","528"
Running,2020-01-22 17:28:39,false,"Covina Running","1.24","95","00:12:42","143","161","1.8","180","191","10:14","8:09","--","26","0.87","0.0","--","--","--","2,268","--","--","No","00:02:25.7","2","00:12:39","00:15:47","502","548"
Running,2020-01-22 16:58:38,false,"Tempo","3.01","138","00:18:54","146","183","2.1","181","195","6:17","4:51","42","41","1.41","0.0","--","--","--","3,410","--","--","No","00:00:01.6","4","00:18:51","00:18:54","522","542"
Running,2020-01-22 16:39:25,false,"Covina Running","1.02","58","00:08:20.7","141","153","1.6","179","189","8:12","7:45","37","--","1.10","0.0","--","--","--","1,500","--","--","No","00:00:07.6","2","00:08:20.1","00:08:51.1","501","541"
Running,2020-01-21 16:44:14,false,"Covina Running","5.23","365","00:40:53","173","193","3.9","180","189","7:49","6:44","175","175","1.14","0.0","--","--","--","7,354","--","--","No","00:01:45.6","6","00:40:52","00:47:26","497","636"
Running,2020-01-20 12:22:08,false,"Covina Running","2.31","133","00:20:57","139","155","2.1","174","211","9:04","3:56","14","14","1.00","0.0","--","--","--","3,224","--","--","No","00:00:55.9","9","00:20:23","00:48:43","486","509"
Running,2020-01-20 11:52:06,false,"Covina Running","2.85","152","00:20:01","151","159","2.4","179","185","7:02","5:59","45","45","1.28","0.0","--","--","--","3,580","--","--","No","00:06:02.4","3","00:20:01","00:21:25","476","509"
Running,2020-01-20 11:35:40,false,"Covina Running","1.00","60","00:08:35.6","143","151","1.7","180","185","8:34","7:56","--","13","1.05","0.0","--","--","--","1,544","--","--","No","00:00:01.0","2","00:08:35.6","00:08:35.6","485","509"
Running,2020-01-18 08:17:52,false,"Covina Running","6.64","464","00:53:36","173","194","4.3","180","189","8:05","5:54","285","279","1.11","0.0","--","--","--","9,666","--","--","No","00:04:56.8","7","00:53:31","01:06:24","443","633"
Running,2020-01-17 15:05:23,false,"Covina Running","3.34","276","00:32:45","160","186","3.2","175","226","9:49","3:29","58","51","0.93","0.0","--","--","--","5,688","--","--","No","00:03:52.4","4","00:32:32","00:45:48","476","509"
Running,2020-01-17 14:42:49,false,"Covina Running","0.53","31","00:04:41.0","134","151","1.2","179","185","8:46","8:26","--","--","1.02","0.0","--","--","--","836","--","--","No","--:--:--","1","00:04:41.0","00:04:41.0","486","494"
Running,2020-01-16 14:42:13,false,"Covina Running","0.86","58","00:07:46.2","144","154","1.6","177","181","9:00","8:16","--","--","1.01","0.0","--","--","--","1,374","--","--","No","--:--:--","1","00:07:43","00:32:08","486","506"
Running,2020-01-15 15:54:55,false,"Covina Running","1.00","96","00:09:54.2","177","189","2.4","181","187","9:53","6:41","21","39","0.90","0.0","--","--","--","1,768","--","--","No","00:00:01.8","2","00:09:53","00:11:43","495","538"
Running,2020-01-15 15:23:58,false,"Covina Running","2.97","149","00:18:38","152","185","2.4","183","218","6:17","4:32","46","43","1.40","0.0","--","--","--","3,370","--","--","No","00:06:11.2","3","00:18:35","00:26:58","522","542"
Running,2020-01-15 14:36:20,false,"Covina Running","1.75","103","00:15:17","136","158","1.7","178","185","8:43","7:32","43","--","1.04","0.0","--","--","--","2,702","--","--","No","00:06:17.8","2","00:15:13","00:40:09","448","541"
Running,2020-01-14 14:31:48,false,"Covina Running","6.01","418","00:49:36","159","184","3.3","178","183","8:15","7:16","164","160","1.10","0.0","--","--","--","8,792","--","--","No","00:00:02.6","7","00:49:31","01:05:48","499","661"
Running,2020-01-13 16:27:02,false,"Covina Running","0.52","59","00:06:17.9","168","178","2.0","174","179","12:12","9:11","--","--","0.76","0.0","--","--","--","1,100","--","--","No","--:--:--","1","00:06:17","00:06:33.9","486","494"
Running,2020-01-13 15:08:22,false,"Covina Running","4.52","238","00:28:33","158","178","2.9","178","211","6:19","3:41","43","46","1.43","0.0","--","--","--","4,920","--","--","No","00:03:09.5","5","00:28:28","00:57:11","476","509"
Running,2020-01-13 14:40:46,false,"Covina Running","0.52","36","00:04:42.7","143","156","1.4","176","183","9:03","8:35","--","--","1.01","0.0","--","--","--","832","--","--","No","--:--:--","1","00:04:42.7","00:04:42.7","486","493"
Running,2020-01-11 08:34:50,false,"San Dimas Running","6.01","447","00:45:33","177","207","4.5","180","204","7:35","5:16","449","520","1.18","0.0","--","--","--","8,208","--","--","No","00:00:03.6","7","00:45:28","00:46:33","928","1,100"
Running,2020-01-10 14:35:16,false,"Covina Running","3.54","264","00:30:34","158","190","3.1","177","185","8:38","6:23","61","60","1.05","0.0","--","--","--","5,400","--","--","No","00:04:31.9","4","00:30:33","00:48:17","476","509"
Running,2020-01-09 15:48:27,false,"Covina Running","1.00","80","00:09:44.5","149","170","2.0","180","191","9:42","8:52","--","36","0.92","0.0","--","--","--","1,750","--","--","No","00:00:03.2","2","00:09:42","00:13:51","495","541"
Running,2020-01-09 15:23:52,false,"Covina Running","2.98","170","00:18:54","164","179","3.0","179","195","6:20","4:29","42","41","1.42","0.0","--","--","--","3,382","--","--","No","00:06:09.6","3","00:18:53","00:18:54","523","542"
Running,2020-01-09 14:41:29,false,"Covina Running","1.76","125","00:15:05","152","183","2.4","179","185","8:33","7:28","43","--","1.05","0.0","--","--","--","2,672","--","--","No","00:06:23.9","2","00:15:00","00:35:38","486","541"
Running,2020-01-08 15:02:15,false,"Covina Running","5.06","344","00:39:24","161","198","3.6","178","187","7:47","6:38","52","46","1.16","0.0","--","--","--","6,992","--","--","No","00:00:28.6","6","00:39:20","00:43:50","443","502"
Running,2020-01-08 14:36:15,false,"Covina Running","0.53","36","00:04:47.9","142","156","1.5","179","183","9:00","8:21","--","--","1.00","0.0","--","--","--","854","--","--","No","--:--:--","1","00:04:47","00:04:47.9","486","494"
Running,2020-01-07 14:43:32,false,"Covina Running","2.69","154","00:19:27","153","190","2.4","178","196","7:14","4:21","11","10","1.24","0.0","--","--","--","3,434","--","--","No","00:00:31.1","5","00:19:25","01:01:03","486","494"
Running,2020-01-06 15:33:25,false,"Covina Running","0.51","44","00:05:20.8","150","168","1.7","175","179","10:24","8:57","--","6","0.88","0.0","--","--","--","930","--","--","No","--:--:--","1","00:05:20","00:29:55","486","500"
Running,2020-01-06 15:08:31,false,"Covina Running","3.01","183","00:21:01","160","186","3.0","179","183","6:59","6:22","58","42","1.29","0.0","--","--","--","3,736","--","--","No","00:00:04.1","4","00:21:01","00:21:07","477","509"
Running,2020-01-06 14:56:20,false,"Covina Running","0.75","34","00:09:06","155","165","1.6","177","181","12:08","7:59","--","--","1.11","0.0","--","--","--","724","--","--","No","--:--:--","1","00:04:06","00:04:06.2","486","494"
Running,2020-01-04 08:40:13,false,"Covina Running","5.01","340","00:37:27","168","195","4.0","180","187","7:29","6:29","106","121","1.20","0.0","--","--","--","6,708","--","--","No","00:00:04.2","6","00:37:26","00:43:05","484","597"
Running,2020-01-03 08:14:49,false,"West Covina Running","3.01","192","00:20:44","170","199","3.4","181","194","6:53","5:39","62","89","1.29","0.0","--","--","--","3,726","--","--","No","00:00:05.0","4","00:20:42","00:22:42","420","509"
Running,2020-01-03 08:05:14,false,"Warmup/cooldown","1.06","42","00:10:44","148","157","1.7","184","191","10:08","8:20","16","--","0.94","0.0","--","--","--","960","--","--","No","--:--:--","1","00:05:12","00:05:15.0","423","446"
Running,2020-01-02 07:57:12,false,"West Covina Running","5.02","356","00:38:59","167","196","4.0","180","189","7:46","6:57","104","95","1.15","0.0","--","--","--","7,018","--","--","No","00:00:06.8","6","00:38:57","00:42:21","404","509"
Running,2020-01-01 12:12:34,false,"Covina Running","5.51","414","00:45:20","165","176","4.0","180","189","8:14","6:46","174","174","1.09","0.0","--","--","--","8,116","--","--","No","00:03:56.3","6","00:45:13","00:53:42","443","584"
Running,2019-12-31 09:17:11,false,"Covina Running","0.50","45","00:04:45.3","166","181","2.0","176","181","9:31","9:08","--","--","0.96","0.0","--","--","--","834","--","--","No","--:--:--","1","00:04:45","00:04:45.3","486","494"
Running,2019-12-31 08:43:40,false,"Covina Running","4.01","262","00:28:43","162","182","3.5","179","189","7:10","5:49","90","90","1.25","0.0","--","--","--","5,136","--","--","No","00:00:02.5","5","00:28:42","00:32:13","486","596"
Running,2019-12-30 08:38:41,false,"Covina Running","4.01","193","00:29:45","134","146","2.1","180","189","7:25","6:43","84","97","1.20","0.0","--","--","--","5,338","--","--","No","00:00:04.1","5","00:29:44","00:34:03","485","597"
Running,2019-12-28 08:42:54,false,"Covina Running","4.07","204","00:34:56","130","142","1.9","178","243","8:35","4:20","39","53","1.04","0.0","--","--","--","6,048","--","--","No","00:00:20.1","5","00:33:32","00:49:27","486","542"
Running,2019-12-27 08:05:56,false,"West Covina Running","4.06","211","00:27:50","148","159","2.7","183","195","6:52","5:24","80","77","1.28","0.0","--","--","--","5,054","--","--","No","00:00:21.1","5","00:27:46","00:30:52","419","509"
Running,2019-12-26 12:56:17,false,"West Covina Running","4.00","241","00:31:17","151","184","3.2","180","187","7:49","6:41","89","90","1.14","0.0","--","--","--","5,628","--","--","No","00:00:02.2","5","00:31:15","00:34:14","443","496"
Running,2019-12-25 11:08:42,false,"West Covina Running","2.50","173","00:19:39","163","183","3.1","181","191","7:51","6:09","39","43","1.13","0.0","--","--","--","3,542","--","--","No","00:03:57.8","3","00:19:38","00:20:37","410","461"
Running,2019-12-24 06:04:39,false,"We back 🏃🏻‍♀️🏃 ","4.05","273","00:30:18","170","191","3.8","181","191","7:29","6:26","79","77","1.19","0.0","--","--","--","5,452","--","--","No","00:00:20.6","5","00:30:18","00:31:02","420","509"
Running,2019-12-23 08:01:06,false,"West Covina Running","2.01","138","00:16:59","155","178","2.4","178","185","8:28","8:00","30","26","1.07","0.0","--","--","--","3,018","--","--","No","00:00:03.2","3","00:16:59","00:16:59","418","453"
Running,2019-12-07 09:34:14,false,"Walnut Running","0.99","74","00:09:44.6","147","159","1.8","178","183","9:51","8:29","--","--","0.92","0.0","--","--","--","1,728","--","--","No","--:--:--","1","00:09:37","00:13:22","709","722"
Running,2019-12-06 14:48:14,false,"Walnut Running","1.53","121","00:16:06","146","160","2.1","173","185","10:32","7:49","221","224","0.88","0.0","--","--","--","2,772","--","--","No","00:05:46.9","2","00:15:56","00:22:13","686","855"
Running,2019-12-04 15:00:49,false,"Covina Running","4.01","235","00:34:57","141","189","2.3","178","187","8:43","6:58","50","45","1.04","0.0","--","--","--","6,156","--","--","No","00:00:03.2","5","00:34:52","24:00:16","485","541"
Running,2019-12-04 14:39:09,false,"Covina Running","1.86","46","00:09:54.7","118","132","1.1","182","218","5:20","3:55","6","10","1.65","0.0","--","--","--","1,776","--","--","No","00:01:22.2","4","00:09:53.1","00:18:59","486","494"
Running,2019-12-04 14:23:11,false,"Covina Running","1.00","41","00:08:53.8","116","129","1.1","179","185","8:51","8:09","--","18","1.02","0.0","--","--","--","1,600","--","--","No","00:00:02.3","2","00:08:53","00:08:53.8","485","509"
Running,2019-12-03 08:48:01,false,"West Covina Running","3.00","206","00:25:53","155","169","2.6","179","187","8:37","7:59","16","6","1.04","0.0","--","--","--","4,608","--","--","No","00:00:02.4","4","00:25:50","00:26:31","443","463"
Running,2019-12-02 14:31:57,false,"Covina Running","7.00","463","00:57:14","166","186","3.6","179","206","8:11","3:50","439","442","1.10","0.0","--","--","--","10,180","--","--","No","00:07:49.9","7","00:57:05","01:09:41","133","542"
Running,2019-11-30 09:31:50,false,"Fresno Running","1.18","99","00:11:33","158","183","2.2","179","189","9:49","8:21","10","--","0.92","0.0","--","--","--","2,064","--","--","No","00:01:52","2","00:11:33","00:11:33","343","364"
Running,2019-11-29 13:58:02,false,"Fresno Running","3.23","199","00:27:55","142","166","2.2","180","189","8:39","6:47","59","67","1.03","0.0","--","--","--","5,034","--","--","No","00:01:53.8","4","00:27:54","00:27:55","299","364"
Running,2019-11-28 08:12:53,false,"Covina Running","0.82","126","00:20:12","133","162","1.6","176","184","24:30","5:01","--","1","0.37","0.0","--","--","--","3,538","--","--","No","--:--:--","1","00:20:11","00:20:12","499","502"
Running,2019-11-27 08:56:46,false,"Covina Running","0.54","44","00:05:52.3","142","156","1.4","180","191","10:50","9:51","--","--","0.83","0.0","--","--","--","1,050","--","--","No","--:--:--","1","00:05:52.3","00:05:59.3","486","501"
Running,2019-11-27 08:30:21,false,"Covina Running","2.49","106","00:13:48","153","176","2.1","188","248","5:32","4:04","4","6","1.54","0.0","--","--","--","2,524","--","--","No","00:00:17.4","5","00:13:41","00:21:21","486","494"
Running,2019-11-27 08:15:34,false,"Covina Running","1.01","77","00:08:57.8","163","176","2.1","180","187","8:55","8:03","--","13","1.00","0.0","--","--","--","1,604","--","--","No","00:00:02.5","2","00:08:56.5","00:09:24.2","486","509"
Running,2019-11-26 08:18:18,false,"Covina Running","3.01","200","00:25:12","152","164","2.7","183","244","8:22","7:19","39","32","1.05","0.0","--","--","--","4,586","--","--","No","00:00:05.4","4","00:25:10","00:28:46","495","542"
Running,2019-11-25 08:13:52,false,"Covina Running","8.05","582","01:04:17","170","199","4.4","181","207","7:59","3:45","168","179","1.11","0.0","--","--","--","11,542","--","--","No","00:00:14.0","9","01:04:15","01:16:12","485","660"
Running,2019-11-23 08:17:05,false,"Riverside Running","2.00","148","00:24:22","134","157","2.0","178","191","12:10","9:47","13","13","0.74","0.0","--","--","--","4,292","--","--","No","00:00:01.7","3","00:24:20","01:45:16","817","831"
Running,2019-11-22 11:41:06,false,"Covina Running","3.01","210","00:27:41","146","160","2.2","181","187","9:12","8:43","59","67","0.97","0.0","--","--","--","4,992","--","--","No","00:00:03.6","4","00:27:40","00:27:41","476","509"
Running,2019-11-21 14:45:07,false,"Covina Running","5.22","319","00:41:47","149","181","2.6","180","189","8:00","6:31","172","174","1.11","0.0","--","--","--","7,510","--","--","No","00:01:46.2","6","00:41:40","00:51:52","496","636"
Running,2019-11-20 14:31:56,false,"Covina Running","3.01","191","00:24:37","147","170","2.4","180","187","8:11","7:16","34","32","1.09","0.0","--","--","--","4,422","--","--","No","00:00:02.4","4","00:24:35","00:24:37","477","509"
Running,2019-11-19 14:37:17,false,"Covina Running","4.27","239","00:33:20","145","174","2.6","182","204","7:49","3:51","25","32","1.13","0.0","--","--","--","5,970","--","--","No","00:04:11.9","5","00:33:12","00:51:19","486","525"
Running,2019-11-18 15:11:48,false,"Covina Running","2.10","130","00:17:46","143","168","2.0","180","204","8:27","4:15","7","52","1.05","0.0","--","--","--","3,160","--","--","No","00:00:27.4","3","00:17:41","00:24:32","486","538"
Running,2019-11-18 14:46:56,false,"Covina Running","2.87","179","00:20:05","164","179","2.8","182","197","7:00","5:40","45","44","1.26","0.0","--","--","--","3,630","--","--","No","00:06:01.8","3","00:20:05","00:21:03","522","542"
Running,2019-11-18 14:29:57,false,"Covina Running","1.03","68","00:09:04.9","144","157","1.7","181","189","8:51","8:09","38","--","1.01","0.0","--","--","--","1,626","--","--","No","00:00:14.2","2","00:09:04.7","00:09:48.0","500","541"
Running,2019-11-17 08:29:15,false,"San Dimas Running","6.00","359","00:55:27","139","183","2.2","182","195","9:14","6:36","490","472","0.96","0.0","--","--","--","10,086","--","--","No","00:00:02.6","7","00:55:25","00:55:32","932","1,094"
Running,2019-11-16 09:53:11,false,"Riverside Running","2.11","137","00:22:31","133","156","1.7","180","189","10:40","9:06","23","11","0.84","0.0","--","--","--","4,020","--","--","No","00:01:09.1","3","00:22:30","01:59:55","817","832"
Running,2019-11-15 14:29:35,false,"Covina Running","3.01","187","00:25:04","144","160","2.2","180","185","8:19","7:56","40","49","1.08","0.0","--","--","--","4,512","--","--","No","00:00:05.2","4","00:25:03","00:25:04","476","509"
Running,2019-11-14 14:25:47,false,"Covina Running","4.50","257","00:35:22","145","160","2.3","179","189","7:51","7:02","54","58","1.14","0.0","--","--","--","6,302","--","--","No","00:03:53.7","5","00:35:18","00:42:40","443","502"
Running,2019-11-13 14:35:36,false,"Covina Running","6.62","356","00:51:49","150","188","3.0","180","189","7:50","6:24","299","296","1.14","0.0","--","--","--","9,282","--","--","No","00:05:02.4","7","00:51:47","01:07:29","443","633"
Running,2019-11-12 14:40:11,false,"Covina Running","7.01","404","01:06:01","143","170","2.3","179","218","9:25","3:52","169","171","0.95","0.0","--","--","--","11,786","--","--","No","00:00:02.8","8","01:05:51","01:37:36","486","643"
Running,2019-11-11 08:44:57,false,"Covina Running","6.01","375","00:44:42","160","184","3.3","182","189","7:26","6:30","87","244","1.19","0.0","--","--","--","8,092","--","--","No","00:00:04.0","7","00:44:39","00:46:46","477","662"
Running,2019-11-11 08:11:37,false,"Covina Running","3.01","195","00:27:09","144","189","2.2","182","191","9:02","6:50","158","--","0.98","0.0","--","--","--","4,880","--","--","No","00:00:03.2","4","00:27:07","00:29:54","502","660"
Running,2019-11-09 07:24:35,false,"Covina Running","10.03","598","01:18:40","159","197","4.0","184","195","7:51","5:52","677","683","1.11","0.0","--","--","--","14,342","--","--","No","00:00:12.5","11","01:18:30","01:30:40","443","767"
Running,2019-11-08 15:21:57,false,"Longest cooldown ever","3.91","258","00:41:07","139","151","2.0","181","218","10:30","9:01","59","41","0.85","0.0","--","--","--","7,414","--","--","No","00:09:29.7","4","00:41:05","00:44:36","485","541"
Running,2019-11-08 14:56:38,false,"Covina Running","2.11","130","00:15:44","153","171","2.2","181","204","7:28","3:54","3","3","1.19","0.0","--","--","--","2,754","--","--","No","00:01:47.3","4","00:15:35","00:22:43","486","495"
Running,2019-11-08 14:31:45,false,"Covina Running","2.10","156","00:18:28","153","170","2.4","179","183","8:47","8:16","30","29","1.02","0.0","--","--","--","3,296","--","--","No","00:00:52.0","3","00:18:24","00:18:47","485","509"
Running,2019-11-07 14:26:00,false,"Covina Running","4.51","259","00:34:36","147","163","2.4","179","191","7:40","6:41","52","63","1.17","0.0","--","--","--","6,182","--","--","No","00:03:44.9","5","00:34:27","00:38:27","443","504"
Running,2019-11-07 06:39:34,false,"West Covina Running","5.00","299","00:42:21","143","157","2.4","179","187","8:28","7:34","22","21","1.06","0.0","--","--","--","7,596","--","--","No","00:00:01.3","6","00:42:19","00:43:12","443","463"
Running,2019-11-06 15:03:13,false,"San Dimas Running","5.51","304","00:44:09","153","183","2.9","184","208","8:00","4:37","405","424","1.09","0.0","--","--","--","8,036","--","--","No","00:05:07.7","6","00:44:04","01:07:36","938","1,056"
Running,2019-11-06 14:21:08,false,"San Dimas Running","1.02","80","00:10:14","147","163","1.8","180","187","10:03","8:59","116","117","0.89","0.0","--","--","--","1,842","--","--","No","00:00:12.4","2","00:10:12","00:10:14","948","1,016"
Running,2019-11-05 14:27:58,false,"Covina Running","3.00","175","00:27:31","135","147","1.7","181","189","9:10","8:23","16","31","0.97","0.0","--","--","--","4,970","--","--","No","00:00:02.0","4","00:27:30","00:27:37","476","509"
Running,2019-11-04 14:28:55,false,"Covina Running","8.01","470","01:01:58","154","182","3.1","180","191","7:44","6:32","341","350","1.15","0.0","--","--","--","11,116","--","--","No","00:00:05.8","9","01:01:54","01:16:44","443","638"
Running,2019-11-03 07:52:39,false,"Azusa Running","4.60","312","00:40:49","149","164","2.5","181","191","8:52","6:37","58","58","1.00","0.0","--","--","--","7,396","--","--","No","00:05:17.4","5","00:40:47","00:40:49","458","522"
Running,2019-11-02 07:27:21,false,"Covina Running","8.01","568","01:04:15","165","199","4.3","184","195","8:01","5:48","312","315","1.09","0.0","--","--","--","11,756","--","--","No","00:00:04.6","9","01:04:10","01:14:02","443","639"
Running,2019-11-01 08:54:26,false,"Covina Running","2.01","186","00:20:34","158","177","2.7","179","185","10:13","9:35","43","33","0.88","0.0","--","--","--","3,688","--","--","No","00:00:08.3","3","00:20:33","00:20:34","477","509"
Running,2019-11-01 08:25:05,false,"Covina Running","2.14","73","00:10:49","134","159","1.5","188","199","5:03","4:33","10","12","1.69","0.0","--","--","--","1,988","--","--","No","00:00:00.6","5","00:10:45","00:21:18","486","495"
Running,2019-11-01 08:05:09,false,"Covina Running","1.15","68","00:10:20","130","151","1.4","184","193","9:00","7:56","13","13","0.97","0.0","--","--","--","1,886","--","--","No","00:01:17.6","2","00:10:18","00:10:20","486","509"
Running,2019-10-31 14:30:50,false,"Covina Running","4.01","238","00:34:13","140","168","2.0","181","191","8:33","7:28","45","41","1.04","0.0","--","--","--","6,178","--","--","No","00:00:02.7","5","00:34:07","00:42:17","499","541"
Running,2019-10-30 14:28:06,false,"Covina Running","8.00","454","01:00:43","151","184","2.8","183","191","7:35","6:38","474","474","1.16","0.0","--","--","--","11,024","--","--","No","00:00:02.2","9","01:00:35","01:15:48","443","776"
Running,2019-10-29 14:38:35,false,"Covina Running","6.01","329","00:47:53","142","162","2.4","180","189","7:58","7:17","51","49","1.12","0.0","--","--","--","8,578","--","--","No","00:00:02.1","7","00:47:49","00:58:00","492","541"
Running,2019-10-28 15:49:27,false,"Covina Running","3.01","176","00:24:52","139","158","2.0","179","187","8:16","7:00","--","155","1.09","0.0","--","--","--","4,412","--","--","No","00:00:02.9","4","00:24:48","00:27:53","495","655"
Running,2019-10-28 15:18:52,false,"Covina Running","3.01","158","00:21:35","142","169","2.3","179","185","7:11","6:26","93","103","1.25","0.0","--","--","--","3,864","--","--","No","00:00:03.5","4","00:21:33","00:21:35","623","661"
Running,2019-10-28 14:36:20,false,"Covina Running","3.01","186","00:27:24","137","153","1.9","177","185","9:07","8:26","163","5","1.00","0.0","--","--","--","4,836","--","--","No","00:00:03.4","4","00:27:20","00:28:50","500","661"
Running,2019-10-27 07:21:31,false,"San Dimas Running","5.55","299","00:49:28","145","189","2.7","180","193","8:55","6:05","343","419","1.00","0.0","--","--","--","8,900","--","--","No","00:04:51.8","6","00:49:27","00:49:28","929","1,082"
Running,2019-10-26 07:26:59,false,"Covina Running","7.60","526","00:59:35","161","202","4.0","182","193","7:50","6:10","351","352","1.13","0.0","--","--","--","10,754","--","--","No","00:05:41.0","8","00:59:29","01:10:50","443","640"
Running,2019-10-25 14:31:48,false,"Covina Running","5.09","266","00:50:57","127","167","1.7","177","244","10:00","8:44","150","142","0.91","0.0","--","--","--","8,980","--","--","No","00:00:57.4","6","00:50:51","01:01:19","443","527"
Running,2019-10-24 06:20:21,false,"Covina Running","6.01","285","00:53:37","126","164","2.0","180","189","8:56","7:47","160","168","1.00","0.0","--","--","--","9,672","--","--","No","00:00:02.5","7","00:53:35","00:56:18","443","536"
Running,2019-10-23 14:27:23,false,"Covina Running","8.00","508","01:11:59","151","186","3.0","179","196","9:00","4:25","60","68","1.00","0.0","--","--","--","12,836","--","--","No","00:00:36.8","9","01:11:55","01:36:42","443","503"
Running,2019-10-22 06:19:25,false,"Covina Running","6.09","359","00:47:35","146","164","2.4","181","214","7:49","3:54","170","183","1.14","0.0","--","--","--","8,572","--","--","No","00:00:25.1","7","00:47:33","00:59:10","486","638"
Running,2019-10-21 14:28:04,false,"Covina Running","7.01","494","00:55:32","160","182","3.5","180","189","7:55","7:13","48","50","1.13","0.0","--","--","--","9,928","--","--","No","00:00:02.4","8","00:55:25","01:05:32","491","541"
Running,2019-10-19 07:21:47,false,"Covina Running","9.07","514","01:10:26","148","171","3.1","185","195","7:46","6:19","393","387","1.12","0.0","--","--","--","12,884","--","--","No","00:00:40.0","10","01:10:23","01:19:17","443","637"
Running,2019-10-18 14:27:57,false,"Covina Running","7.00","399","00:54:30","145","158","2.5","182","224","7:47","7:01","58","63","1.14","0.0","--","--","--","9,878","--","--","No","00:00:02.5","8","00:54:28","01:01:12","443","503"
Running,2019-10-17 15:33:35,false,"Covina Running","2.00","139","00:20:15","136","144","1.7","182","193","10:07","9:20","--","32","0.88","0.0","--","--","--","3,646","--","--","No","00:00:02.0","3","00:20:09","00:21:48","495","541"
Running,2019-10-17 14:54:20,false,"Covina Running","2.95","146","00:17:07","156","182","2.6","185","202","5:48","4:34","44","43","1.50","0.0","--","--","--","3,122","--","--","No","00:00:00.3","4","00:17:05","00:29:50","522","541"
Running,2019-10-17 14:36:52,false,"Covina Running","1.01","69","00:08:33.1","147","165","1.8","180","189","8:27","7:27","32","--","1.06","0.0","--","--","--","1,540","--","--","No","00:00:05.9","2","00:08:27.9","00:10:02","501","541"
Running,2019-10-16 13:20:04,false,"Covina Running","10.01","691","01:18:06","162","186","4.3","180","204","7:48","6:29","93","103","1.15","0.0","--","--","--","14,036","--","--","No","00:00:03.2","11","01:17:56","01:26:40","443","509"
Running,2019-10-15 16:32:47,false,"San Dimas Running","7.01","400","01:02:02","150","188","3.3","182","204","8:51","4:14","571","576","0.99","0.0","--","--","--","11,246","--","--","No","00:00:03.9","8","01:01:57","01:20:38","941","1,080"
Running,2019-10-15 15:23:12,false,"San Dimas Running","1.01","82","00:09:18.1","154","184","2.1","179","183","9:13","8:19","43","46","0.98","0.0","--","--","--","1,656","--","--","No","00:00:05.6","2","00:09:17.6","00:09:18.1","947","1,014"
Running,2019-10-14 14:25:11,false,"Covina Running","3.00","205","00:23:33","154","163","2.8","181","185","7:51","7:19","26","34","1.14","0.0","--","--","--","4,256","--","--","No","00:00:01.3","4","00:23:32","00:23:33","477","509"
Running,2019-10-12 08:37:21,false,"Covina Running","1.50","115","00:12:05","166","177","2.6","184","193","8:02","7:25","11","5","1.09","0.0","--","--","--","2,210","--","--","No","00:04:13.8","2","00:12:04","00:12:05","486","502"
Running,2019-10-12 08:03:48,false,"12x400","3.15","136","00:16:12","157","198","2.6","191","204","5:08","4:36","9","9","1.65","0.0","--","--","--","2,966","--","--","No","00:00:00.2","13","00:16:01","00:27:08","486","494"
Running,2019-10-12 07:36:00,false,"Covina Running","2.50","159","00:20:06","145","166","2.3","185","195","8:02","7:33","31","39","1.08","0.0","--","--","--","3,704","--","--","No","00:03:58.6","3","00:20:05","00:20:06","486","509"
Running,2019-10-11 14:29:35,false,"Covina Running","7.01","397","00:52:25","150","163","3.0","181","191","7:29","6:46","197","202","1.19","0.0","--","--","--","9,450","--","--","No","00:00:02.5","8","00:52:20","01:11:50","443","584"
Running,2019-10-10 14:27:41,false,"Covina Running","7.01","383","00:54:23","146","163","2.9","181","196","7:46","7:03","71","65","1.15","0.0","--","--","--","9,728","--","--","No","00:00:03.1","8","00:54:12","01:05:53","498","548"
Running,2019-10-09 14:33:01,false,"Hill repeats","8.01","381","01:08:33","135","159","2.3","180","218","8:34","3:54","150","159","1.05","0.0","--","--","--","12,270","--","--","No","00:00:03.4","9","01:08:21","01:35:14","486","643"
Running,2019-10-08 14:32:50,false,"Alfredo tired","10.21","576","01:32:16","146","177","3.4","179","196","9:02","7:06","1,304","1,305","0.99","0.0","--","--","--","16,426","--","--","No","00:01:36.6","11","01:32:00","02:11:52","443","1,188"
Running,2019-10-08 07:02:16,false,"West Covina Running","2.00","119","00:17:02","139","147","2.0","182","195","8:30","8:03","29","30","1.04","0.0","--","--","--","3,090","--","--","No","00:00:02.3","3","00:17:01","00:17:02","440","463"
Running,2019-10-07 14:28:05,false,"Covina Running","9.00","502","01:08:52","154","171","3.5","181","193","7:39","6:38","260","257","1.17","0.0","--","--","--","12,382","--","--","No","00:00:01.9","10","01:08:44","01:26:47","502","663"
Running,2019-10-06 09:09:56,false,"Covina Running","7.50","374","01:04:28","139","181","2.4","181","194","8:36","7:10","231","236","1.04","0.0","--","--","--","11,582","--","--","No","00:04:19.6","8","01:04:17","01:15:54","486","636"
Running,2019-10-05 19:44:42,false,"Riverside County Running","5.01","288","00:52:49","137","167","2.6","179","189","10:33","8:39","30","30","0.85","0.0","--","--","--","9,402","--","--","No","00:00:02.9","6","00:52:45","02:00:36","1,204","1,227"
Running,2019-10-04 14:26:54,false,"Covina Running","3.01","178","00:25:28","145","165","2.3","180","189","8:28","7:28","20","32","1.05","0.0","--","--","--","4,592","--","--","No","00:00:02.1","4","00:25:28","00:25:31","477","509"
Running,2019-10-03 14:27:41,false,"Covina Running","6.58","317","00:58:08","135","160","2.3","180","191","8:50","7:23","306","301","1.01","0.0","--","--","--","10,400","--","--","No","00:05:14.8","7","00:57:51","01:13:31","443","633"
Running,2019-10-02 14:31:56,false,"Covina Running","7.51","387","01:02:38","147","182","3.1","182","218","8:21","4:21","72","68","1.06","0.0","--","--","--","11,268","--","--","No","00:04:27.5","8","01:02:26","01:33:06","500","548"
Running,2019-10-01 14:34:43,false,"Covina Running","10.35","505","01:29:07","150","183","3.5","182","195","8:37","5:14","1,262","1,261","1.02","0.0","--","--","--","16,198","--","--","No","00:02:41.4","11","01:28:53","02:13:27","443","1,184"
Running,2019-09-30 14:48:11,false,"Covina Running","3.05","148","00:20:18","150","174","2.2","170","208","6:39","4:00","2","5","1.43","0.0","--","--","--","998","--","--","No","00:01:52.4","6","00:20:08","01:18:10","541","548"
Running,2019-09-29 07:19:39,false,"San Dimas Running","8.01","575","01:14:01","151","192","3.8","182","195","9:14","7:05","842","806","0.96","0.0","--","--","--","4,804","--","--","No","00:00:04.7","9","01:14:00","01:14:11","924","1,094"
Running,2019-09-28 08:48:15,false,"Covina Running","2.01","151","00:18:32","150","181","2.1","183","193","9:14","8:24","10","44","0.95","0.0","--","--","--","1,294","--","--","No","00:00:02.9","3","00:18:24","00:20:32","499","541"
Running,2019-09-28 08:05:12,false,"Covina Running","1.96","93","00:11:59","146","183","1.9","178","197","6:07","4:50","27","29","1.49","0.0","--","--","--","802","--","--","No","00:05:54.1","2","00:11:57","00:19:07","522","542"
Running,2019-09-28 07:32:36,false,"Covina Running","2.01","124","00:18:30","135","145","1.7","181","191","9:13","7:55","40","7","0.96","0.0","--","--","--","1,202","--","--","No","00:00:02.9","3","00:18:22","00:18:39","501","541"
Running,2019-09-27 14:27:09,false,"Covina Running","6.87","320","01:00:38","131","158","1.9","180","199","8:50","7:51","170","176","1.02","0.0","--","--","--","4,150","--","--","No","00:07:30.8","7","00:59:45","01:16:51","491","661"
Running,2019-09-26 05:36:32,false,"Covina Running","10.00","520","01:17:15","148","168","2.6","180","198","7:43","5:52","371","397","1.16","0.0","--","--","--","5,984","--","--","No","00:00:02.4","11","01:15:37","01:30:15","443","633"
Running,2019-09-25 16:25:41,false,"San Dimas Running","7.00","356","00:59:58","147","185","3.0","184","201","8:34","4:33","498","502","1.02","0.0","--","--","--","10,966","--","--","No","00:00:02.4","8","00:59:54","01:35:16","941","1,045"
Running,2019-09-25 15:33:00,false,"San Dimas Running","1.02","76","00:09:11.2","152","163","2.0","180","183","9:02","8:14","91","97","0.99","0.0","--","--","--","1,636","--","--","No","00:00:09.9","2","00:09:03.9","00:09:49.1","946","1,006"
Running,2019-09-24 14:35:38,false,"Covina Running","4.01","247","00:33:38","147","171","2.3","179","189","8:24","7:21","64","67","1.07","0.0","--","--","--","5,952","--","--","No","00:00:03.4","5","00:33:29","00:54:47","496","542"
Running,2019-09-23 15:23:49,false,"West Covina Running","4.70","324","00:43:09","148","161","2.3","179","189","9:10","8:16","57","4","0.98","0.0","--","--","--","7,720","--","--","No","00:06:14.9","5","00:43:05","00:43:42","443","502"
Running,2019-09-23 14:48:22,false,"West Covina Running","4.28","274","00:30:05","166","177","3.2","181","191","7:02","5:34","--","--","1.27","0.0","--","--","--","5,448","--","--","No","00:01:56.6","5","00:30:04","00:30:05","443","453"
Running,2019-09-23 14:30:53,false,"Covina Running","1.04","62","00:08:10.6","145","160","1.7","180","187","7:50","7:12","--","45","1.14","0.0","--","--","--","1,448","--","--","No","00:00:20.5","2","00:08:09","00:09:10.2","449","502"
Running,2019-09-22 07:51:17,false,"Covina Running","9.01","575","01:29:07","141","156","2.4","182","193","9:54","7:20","371","383","0.90","0.0","--","--","--","16,048","--","--","No","00:00:03.8","10","01:28:50","01:43:51","443","635"
Running,2019-09-21 20:44:24,false,"Eastvale Running","4.14","264","00:44:46","131","143","1.7","178","187","10:49","8:16","25","25","0.84","0.0","--","--","--","7,906","--","--","No","00:01:43.3","5","00:44:43","02:10:14","574","597"
Running,2019-09-19 14:30:53,false,"Thursday and Friday","7.03","412","00:55:04","147","167","2.4","179","191","7:50","4:01","92","90","1.15","0.0","--","--","--","9,834","--","--","No","00:00:11.0","8","00:54:58","24:59:54","485","541"
Running,2019-09-18 14:37:35,false,"Covina Running","6.01","301","00:47:25","138","159","2.1","179","204","7:53","6:49","168","163","1.14","0.0","--","--","--","8,412","--","--","No","00:00:02.8","7","00:47:13","01:13:08","498","660"
Running,2019-09-17 14:37:34,false,"Covina Running","10.09","590","01:21:13","150","167","2.6","182","191","8:03","6:02","447","439","1.10","0.0","--","--","--","14,650","--","--","No","00:00:53.1","11","01:21:08","01:48:50","443","635"
Running,2019-09-16 14:35:10,false,"Covina Running","3.30","187","00:28:36","134","160","1.7","180","191","8:40","6:38","52","56","1.03","0.0","--","--","--","5,144","--","--","No","00:02:25.7","4","00:28:35","21:58:41","495","541"
Running,2019-09-16 07:04:10,false,"Covina Running","1.71","126","00:15:02","152","184","2.0","184","204","8:48","7:09","26","25","0.99","0.0","--","--","--","2,754","--","--","No","00:06:06.8","2","00:14:59","00:15:02","477","509"
Running,2019-09-16 06:31:33,false,"12x400","3.09","140","00:16:29","158","179","2.4","190","204","5:20","4:45","8","8","1.59","0.0","--","--","--","2,998","--","--","No","00:00:00.2","13","00:16:13","00:27:33","486","494"
Running,2019-09-16 06:04:36,false,"Covina Running","2.07","135","00:16:52","146","162","2.2","181","193","8:08","7:04","31","31","1.09","0.0","--","--","--","3,058","--","--","No","00:00:34.1","3","00:16:47","00:16:52","485","509"
Running,2019-09-14 07:17:05,false,"Covina Running","10.01","556","01:13:22","153","172","2.7","183","193","7:20","5:50","715","702","1.20","0.0","--","--","--","13,332","--","--","No","00:00:02.5","11","01:13:08","01:18:34","443","775"
Running,2019-09-13 17:26:36,false,"Covina Running","3.65","215","00:30:59","140","152","2.0","179","191","8:29","6:35","47","59","1.06","0.0","--","--","--","5,514","--","--","No","00:05:30.6","4","00:30:57","00:33:13","485","541"
Running,2019-09-12 14:25:00,false,"Covina Running","8.01","461","01:08:32","145","169","2.3","180","204","8:34","3:37","189","191","1.05","0.0","--","--","--","12,290","--","--","No","00:00:03.8","9","01:08:18","01:44:16","492","643"
Running,2019-09-11 14:30:11,false,"Covina Running","3.02","160","00:24:33","136","157","2.0","181","193","8:08","6:34","46","45","1.09","0.0","--","--","--","4,422","--","--","No","00:00:10.4","4","00:24:27","00:54:44","500","541"
Running,2019-09-10 15:45:30,false,"Covina Running","2.07","123","00:18:26","134","149","1.7","184","195","8:54","8:13","14","50","0.99","0.0","--","--","--","3,354","--","--","No","00:00:34.4","3","00:18:25","00:19:04","485","541"
Running,2019-09-10 15:06:15,false,"Covina Running","2.94","171","00:18:16","168","184","2.9","183","204","6:12","4:30","41","38","1.41","0.0","--","--","--","3,320","--","--","No","00:05:55.1","3","00:18:15","00:18:16","523","542"
Running,2019-09-10 14:39:50,false,"Covina Running","2.01","120","00:16:11","142","161","2.0","181","193","8:03","6:46","34","--","1.10","0.0","--","--","--","2,946","--","--","No","00:00:03.0","3","00:16:07","00:17:09","501","541"
Running,2019-09-09 14:30:09,false,"Covina Running","8.00","454","01:01:19","151","170","2.7","181","218","7:40","3:48","198","209","1.16","0.0","--","--","--","11,018","--","--","No","00:00:01.2","9","01:01:09","01:14:50","476","637"
Running,2019-09-08 07:28:31,false,"70 ❗️","10.01","446","01:31:27","131","184","2.1","183","195","9:08","5:48","509","585","0.96","0.0","--","--","--","16,690","--","--","No","00:00:04.4","11","01:31:25","01:31:27","925","1,075"
Running,2019-09-07 17:39:31,false,"Covina Running","10.01","589","01:24:46","147","153","2.5","181","195","8:28","7:02","364","357","1.05","0.0","--","--","--","15,294","--","--","No","00:00:04.5","11","01:24:36","01:39:54","443","637"
Running,2019-09-06 19:25:50,false,"Pasadena Running","5.55","342","00:53:01","144","189","2.3","179","185","9:33","8:10","138","136","0.94","0.0","--","--","--","9,454","--","--","No","00:04:57.5","6","00:52:47","02:12:07","856","912"
Running,2019-09-05 17:36:17,false,"Covina Running","6.01","345","00:48:48","146","164","2.4","181","193","8:08","6:25","166","169","1.10","0.0","--","--","--","8,772","--","--","No","00:00:02.3","7","00:48:39","01:10:39","494","661"
Running,2019-09-05 06:43:08,false,"West Covina Running","3.01","183","00:25:26","141","159","2.1","180","185","8:27","7:58","18","17","1.06","0.0","--","--","--","4,564","--","--","No","00:00:03.6","4","00:25:24","00:26:05","443","463"
Running,2019-09-04 06:45:18,false,"Covina Running","4.01","247","00:38:09","139","168","1.9","183","193","9:31","8:30","109","101","0.92","0.0","--","--","--","6,936","--","--","No","00:00:02.2","5","00:38:03","00:40:01","488","596"
Running,2019-09-04 06:26:43,false,"4x600","2.02","104","00:12:11","157","168","2.2","185","197","6:01","4:31","4","3","1.43","0.0","--","--","--","2,216","--","--","No","00:01:19.9","7","00:12:09","00:12:37","486","494"
Running,2019-09-04 06:01:59,false,"Covina Running","2.08","143","00:17:43","148","195","2.2","182","193","8:30","7:56","28","28","1.04","0.0","--","--","--","3,222","--","--","No","00:00:41.9","3","00:17:42","00:17:43","485","509"
Running,2019-09-03 18:57:28,false,"Covina Running","2.00","148","00:19:18","144","153","2.0","182","191","9:38","8:44","--","33","0.92","0.0","--","--","--","3,484","--","--","No","00:00:02.0","3","00:19:18","00:20:17","499","541"
Running,2019-09-03 18:06:35,false,"Covina Running","3.48","187","00:20:47","168","194","2.9","185","218","5:58","4:16","14","20","1.45","0.0","--","--","--","3,810","--","--","No","00:00:00.2","9","00:20:39","00:37:49","522","541"
Running,2019-09-03 17:43:43,false,"Covina Running","2.01","140","00:17:03","151","163","2.3","182","189","8:29","7:28","38","--","1.04","0.0","--","--","--","3,080","--","--","No","00:00:03.1","3","00:17:03","00:17:47","500","541"
Running,2019-09-03 06:36:47,false,"West Covina Running","5.00","286","00:43:58","138","152","2.0","180","187","8:47","8:17","28","23","1.02","0.0","--","--","--","7,886","--","--","No","00:00:01.7","6","00:43:57","00:44:53","443","465"
Running,2019-09-02 07:03:24,false,"Bike path ✨","12.01","669","01:33:02","150","193","3.0","184","193","7:45","7:07","555","469","1.13","0.0","--","--","--","16,990","--","--","No","00:00:03.1","13","01:33:00","01:34:48","489","1,025"
Running,2019-09-01 06:10:26,false,"La Verne Running","8.48","465","01:22:05","140","172","2.8","180","235","9:41","6:00","1,391","1,394","0.92","0.0","--","--","--","14,752","--","--","No","00:03:49.6","9","01:22:03","01:33:24","1,313","2,442"
Running,2019-08-31 08:31:47,false,"West Covina Running","1.58","116","00:14:10","148","165","2.0","185","218","8:58","7:42","50","13","0.97","0.0","--","--","--","2,590","--","--","No","00:05:01.0","2","00:14:09","00:15:33","443","509"
Running,2019-08-31 07:08:58,false,"Covina Running","8.50","541","00:59:26","167","191","4.0","182","191","7:00","5:57","344","377","1.26","0.0","--","--","--","10,786","--","--","No","00:03:38.8","9","00:59:23","01:06:35","463","636"
Running,2019-08-30 07:41:17,false,"Covina Running","6.20","344","00:49:11","146","176","2.4","180","189","7:56","6:47","160","164","1.13","0.0","--","--","--","8,804","--","--","No","00:01:29.5","7","00:48:58","01:22:10","495","661"
Running,2019-08-29 14:26:01,false,"Covina Running","10.00","642","01:25:49","153","180","2.9","179","239","8:35","3:24","512","507","1.05","0.0","--","--","--","15,244","--","--","No","00:00:02.4","11","01:25:33","02:14:30","443","697"
Running,2019-08-28 17:43:19,false,"West Covina Running","3.75","241","00:30:25","149","163","2.5","179","187","8:07","7:18","11","20","1.11","0.0","--","--","--","5,440","--","--","No","00:06:08.8","4","00:30:24","00:31:23","443","463"
Running,2019-08-28 05:59:53,false,"West Covina Running","8.25","476","01:04:44","151","178","2.7","180","193","7:51","6:50","194","205","1.14","0.0","--","--","--","11,606","--","--","No","00:02:00.4","9","01:04:43","01:15:59","445","661"
Running,2019-08-27 08:35:33,false,"Covina Running","4.07","263","00:38:09","143","155","2.1","178","187","9:22","8:06","111","98","0.97","0.0","--","--","--","6,736","--","--","No","00:00:36.7","5","00:38:06","00:40:52","492","598"
Running,2019-08-27 08:00:20,false,"Covina Running","2.13","82","00:10:52","147","168","1.9","187","204","5:06","4:21","--","3","1.69","0.0","--","--","--","2,004","--","--","No","00:00:00.6","4","00:10:50","00:25:12","486","494"
Running,2019-08-27 07:34:31,false,"Covina Running","2.06","127","00:16:45","146","161","2.1","179","187","8:08","7:45","31","27","1.11","0.0","--","--","--","2,986","--","--","No","00:00:28.3","3","00:16:44","00:16:45","485","509"
Running,2019-08-26 06:51:06,false,"Covina Running","4.00","283","00:36:59","149","188","2.4","182","191","9:14","8:21","28","57","0.95","0.0","--","--","--","6,718","--","--","No","00:00:02.3","5","00:36:56","00:40:36","443","502"
Running,2019-08-26 06:19:31,false,"Covina Running","4.35","275","00:30:01","169","195","3.3","184","221","6:54","5:20","42","56","1.27","0.0","--","--","--","5,480","--","--","No","00:02:29.8","5","00:30:00","00:30:01","485","509"
Running,2019-08-26 05:58:28,false,"West Covina Running","2.01","134","00:17:16","148","168","2.1","181","189","8:37","8:16","59","17","1.03","0.0","--","--","--","3,110","--","--","No","00:00:02.1","3","00:17:16","00:18:01","459","509"
Running,2019-08-25 06:25:24,false,"San Dimas Running","8.00","506","01:08:22","148","184","2.9","182","191","8:33","7:10","1,192","1,220","1.04","0.0","--","--","--","12,390","--","--","No","00:00:01.2","9","01:08:20","01:09:17","702","1,201"
Running,2019-08-24 07:09:34,false,"Covina Running","10.03","533","01:25:13","143","171","2.4","181","195","8:30","5:36","982","985","1.05","0.0","--","--","--","15,300","--","--","No","00:00:11.4","11","01:25:01","01:51:59","443","833"
Running,2019-08-23 14:25:05,false,"Covina Running","6.07","351","00:43:48","158","184","3.1","179","187","7:13","6:09","194","190","1.24","0.0","--","--","--","7,782","--","--","No","00:00:28.1","7","00:43:37","00:59:46","443","568"
Running,2019-08-22 14:25:21,false,"Covina Running","8.16","490","01:08:54","152","175","2.7","179","208","8:26","3:35","569","560","1.06","0.0","--","--","--","12,264","--","--","No","00:04:12.7","9","01:08:47","01:41:42","443","767"
Running,2019-08-20 14:47:25,false,"Covina Running","5.01","292","00:40:13","149","166","2.7","181","201","8:02","3:53","50","51","1.10","0.0","--","--","--","7,188","--","--","No","00:00:03.0","6","00:40:09","00:55:53","495","542"
Running,2019-08-20 07:08:18,false,"West Covina Running","6.00","382","00:47:41","156","192","3.2","184","224","7:57","7:14","25","27","1.10","0.0","--","--","--","8,694","--","--","No","00:00:01.7","7","00:47:33","00:50:17","443","463"
Running,2019-08-19 15:42:27,false,"Covina Running","3.71","310","00:34:51","161","184","3.1","181","193","9:23","8:10","11","159","0.95","0.0","--","--","--","6,234","--","--","No","00:06:39.0","4","00:34:42","00:43:11","501","676"
Running,2019-08-19 15:12:31,false,"Aerobic","3.01","191","00:21:05","166","179","2.9","180","189","7:01","4:50","95","106","1.27","0.0","--","--","--","3,776","--","--","No","00:00:04.3","4","00:21:02","00:29:45","623","663"
Running,2019-08-19 14:33:41,false,"Covina Running","3.01","211","00:24:33","158","175","2.8","179","187","8:10","7:11","153","--","1.10","0.0","--","--","--","4,362","--","--","No","00:00:02.5","4","00:24:26","00:27:04","500","660"
Other,2019-08-17 06:47:08,false,"Covina Other","10.01","636","01:22:08","158","190","3.5","181","246","7.3","10.0","708","724","1.08","0.0","--","--","--","14,826","--","--","No","--:--:--","1","01:22:08","01:32:01","443","775"
Running,2019-08-16 06:08:47,false,"Hill repeats","6.30","326","00:52:42","136","150","2.0","180","204","8:22","3:52","147","143","1.07","0.0","--","--","--","9,466","--","--","No","00:02:37.8","7","00:52:31","01:17:56","502","643"
Running,2019-08-15 06:08:56,false,"💩","7.50","443","01:02:09","146","179","2.5","181","193","8:17","6:41","352","355","1.07","0.0","--","--","--","11,136","--","--","No","00:03:56.4","8","01:02:01","01:14:33","443","637"
Running,2019-08-14 06:09:06,false,"💩","6.01","318","00:50:35","137","167","2.0","181","189","8:25","7:17","82","85","1.06","0.0","--","--","--","9,134","--","--","No","00:00:02.6","7","00:50:31","00:53:21","499","541"
Running,2019-08-13 17:06:44,false,"Covina Running","3.00","180","00:24:45","143","153","2.1","186","193","8:15","7:36","36","36","1.05","0.0","--","--","--","4,576","--","--","No","00:00:01.8","4","00:24:45","00:24:48","477","509"
Running,2019-08-13 07:17:04,false,"Warmup/Cooldown","4.00","172","00:33:15","138","154","1.8","185","195","8:19","7:37","45","81","1.01","0.0","--","--","--","4,738","--","--","No","00:00:02.9","4","00:25:46","00:29:47","496","587"
Running,2019-08-13 06:24:41,false,"2x2mile tempo","4.02","188","00:23:59","153","169","2.6","188","201","5:58","3:59","58","57","1.44","0.0","--","--","--","4,464","--","--","No","00:00:04.5","5","00:23:53","00:31:48","522","542"
Running,2019-08-12 07:13:30,false,"150’s + cooldown","3.01","216","00:26:14","160","200","2.8","182","235","8:43","3:38","33","33","1.02","0.0","--","--","--","4,716","--","--","No","00:00:03.3","4","00:26:10","00:37:43","477","509"
Running,2019-08-12 06:09:38,false,"South hills","7.01","397","00:51:16","158","190","3.3","183","244","7:19","5:25","187","197","1.20","0.0","--","--","--","9,312","--","--","No","00:00:02.4","8","00:51:06","00:59:17","443","567"
Running,2019-08-11 07:10:32,false,"San Dimas Running","6.50","471","00:56:44","164","208","4.0","184","193","8:43","5:31","528","631","1.00","0.0","--","--","--","10,428","--","--","No","00:04:19.4","7","00:56:43","00:56:51","929","1,076"
Running,2019-08-10 07:39:54,false,"Covina Running","2.01","174","00:17:44","180","181","3.1","185","195","8:50","7:26","36","20","0.98","0.0","--","--","--","3,240","--","--","No","00:00:02.6","3","00:17:43","00:18:30","476","509"
Running,2019-08-10 06:36:33,false,"Covina Running","7.01","438","00:48:51","171","181","3.8","185","199","6:58","5:48","284","310","1.25","0.0","--","--","--","8,992","--","--","No","00:00:02.9","8","00:48:49","01:03:07","443","636"
Running,2019-08-09 06:10:01,false,"Covina Running","6.01","376","00:46:55","157","190","3.5","181","193","7:48","6:31","159","159","1.14","0.0","--","--","--","8,494","--","--","No","00:00:05.0","7","00:46:52","00:56:12","495","661"
Running,2019-08-08 17:06:45,false,"Starks house","5.20","285","00:39:09","150","168","2.6","184","196","7:32","6:45","168","165","1.16","0.0","--","--","--","7,136","--","--","No","00:01:26.0","6","00:39:05","00:44:12","496","635"
Running,2019-08-08 06:03:51,false,"South hills","7.00","426","00:53:12","161","186","3.6","184","193","7:36","6:42","198","193","1.15","0.0","--","--","--","9,708","--","--","No","00:00:02.2","8","00:53:04","00:59:45","443","567"
Running,2019-08-07 06:59:30,false,"Covina Running","4.01","324","00:36:34","178","202","4.0","182","193","9:08","7:28","81","114","0.97","0.0","--","--","--","6,578","--","--","No","00:00:02.5","5","00:36:28","00:41:46","502","624"
Running,2019-08-07 06:25:36,false,"Covina Running","2.97","149","00:17:19","163","190","2.7","186","204","5:50","4:17","41","38","1.48","0.0","--","--","--","3,256","--","--","No","00:05:34.5","3","00:17:15","00:30:02","522","542"
Running,2019-08-07 06:06:58,false,"Covina Running","1.01","56","00:08:35.2","134","158","1.4","181","187","8:29","6:57","39","--","1.05","0.0","--","--","--","1,536","--","--","No","00:00:06.6","2","00:08:34","00:09:44.3","501","541"
Running,2019-08-06 17:07:28,false,"Covina Running","3.06","182","00:22:59","154","169","2.6","182","187","7:30","6:43","35","36","1.17","0.0","--","--","--","4,028","--","--","No","00:01:30.4","4","00:22:56","00:23:29","477","509"
Running,2019-08-06 06:09:59,false,"Covina Running","7.32","537","01:01:09","168","192","4.2","181","208","8:22","6:17","331","331","1.06","0.0","--","--","--","10,986","--","--","No","00:02:41.0","8","01:00:52","01:11:06","500","702"
Running,2019-08-05 06:09:08,false,"🥵","13.04","752","01:48:13","159","193","3.7","182","208","8:18","3:39","736","751","1.06","0.0","--","--","--","19,620","--","--","No","00:00:22.6","14","01:48:06","02:19:14","443","773"
Running,2019-08-04 06:23:35,false,"Marshall Canyon","10.00","547","01:36:22","142","189","3.4","179","191","9:38","6:17","1,406","1,431","0.93","0.0","--","--","--","17,228","--","--","No","00:00:01.8","11","01:36:17","01:44:47","1,224","2,445"
Running,2019-08-03 06:39:39,false,"Covina Running","10.01","686","01:23:18","159","194","3.7","180","191","8:19","5:59","711","713","1.07","0.0","--","--","--","14,942","--","--","No","00:00:02.2","11","01:23:13","01:34:05","443","769"
Running,2019-08-02 06:08:31,false,"Covina Running","7.01","495","00:55:19","163","185","3.7","182","218","7:54","3:31","133","137","1.12","0.0","--","--","--","9,930","--","--","No","00:00:02.6","8","00:55:01","01:23:11","495","643"
Running,2019-08-01 17:13:54,false,"Covina Running","2.01","121","00:15:11","148","177","2.2","184","189","7:34","7:08","31","32","1.16","0.0","--","--","--","2,762","--","--","No","00:00:03.0","3","00:15:09","00:15:11","485","509"
Running,2019-08-01 06:08:31,false,"Covina Running","3.09","240","00:24:17","174","193","3.2","179","183","7:51","7:23","64","61","1.14","0.0","--","--","--","4,360","--","--","No","00:00:41.1","4","00:24:16","00:24:17","476","509"
Running,2019-07-31 06:24:26,false,"2 + 1 tempo","2.97","146","00:17:34","154","184","2.3","187","201","5:55","4:31","41","40","1.45","0.0","--","--","--","3,244","--","--","No","00:05:36.7","3","00:17:28","00:30:17","522","542"
Running,2019-07-31 06:04:36,false,"Warmup+Cooldown","2.00","65","00:17:59","138","145","1.5","180","185","8:59","8:20","--","13","1.00","0.0","--","--","--","1,624","--","--","No","00:00:02.4","2","00:08:58","00:08:59.3","523","541"
Running,2019-07-30 17:13:17,false,"Covina Running","3.01","180","00:23:08","148","178","2.3","182","189","7:41","7:02","39","36","1.15","0.0","--","--","--","4,192","--","--","No","00:00:03.7","4","00:23:07","00:23:08","477","509"
Running,2019-07-30 06:09:04,false,"Covina Running","8.01","457","01:04:20","148","170","2.7","183","193","8:02","7:00","97","97","1.10","0.0","--","--","--","11,712","--","--","No","00:00:03.9","9","01:04:17","01:13:32","419","503"
Running,2019-07-29 07:51:52,false,"Covina Running","3.27","232","00:28:09","156","185","2.5","186","197","8:36","7:26","--","158","1.01","0.0","--","--","--","5,176","--","--","No","00:02:20.3","4","00:28:07","00:31:45","495","661"
Running,2019-07-29 07:02:34,false,"40 min aerobic","5.79","397","00:40:03","180","198","4.1","183","193","6:55","5:07","184","216","1.27","0.0","--","--","--","7,316","--","--","No","00:05:32.8","6","00:40:03","00:40:03","623","663"
Running,2019-07-29 06:15:12,false,"Covina Running","2.93","192","00:22:56","155","179","2.7","183","193","7:49","6:53","163","10","1.12","0.0","--","--","--","4,172","--","--","No","00:07:17.0","3","00:22:52","00:25:59","503","660"
Running,2019-07-28 06:57:52,false,"San Dimas Running","6.01","452","00:49:57","166","199","3.8","180","191","8:19","5:31","563","615","1.07","0.0","--","--","--","9,000","--","--","No","00:00:02.7","7","00:49:55","00:49:57","923","1,082"
Running,2019-07-27 06:46:22,false,"Covina Running","3.21","194","00:24:02","151","165","2.5","183","191","7:29","6:49","47","57","1.18","0.0","--","--","--","4,350","--","--","No","00:01:34.9","4","00:23:54","00:24:16","476","509"
Running,2019-07-26 07:34:33,false,"Big Bear Lake Running","5.05","341","00:43:32","156","187","3.2","180","191","8:38","6:24","604","618","1.04","0.0","--","--","--","7,776","--","--","No","00:00:21.4","6","00:43:29","01:05:01","6,750","7,251"
Running,2019-07-25 14:28:21,false,"Big Bear Lake Running","2.01","121","00:15:44","147","160","2.1","183","193","7:51","6:44","13","19","1.12","0.0","--","--","--","2,860","--","--","No","00:00:03.2","3","00:15:43","00:16:48","6,749","6,770"
Running,2019-07-25 07:32:01,false,"Big Bear Lake Running","8.00","483","01:09:49","152","188","3.2","182","195","8:43","6:13","1,067","1,074","1.01","0.0","--","--","--","12,672","--","--","No","00:00:02.5","9","01:09:46","02:03:59","6,754","7,519"
Running,2019-07-24 15:32:44,false,"Big Bear Lake Running","2.22","131","00:19:54","136","153","1.6","180","189","8:59","7:11","17","14","0.99","0.0","--","--","--","3,562","--","--","No","00:01:46.7","3","00:19:52","00:20:34","6,749","6,774"
Running,2019-07-24 07:30:57,false,"Big Bear Lake Running","8.83","630","01:25:32","155","188","3.2","181","195","9:41","6:22","1,539","1,553","0.92","0.0","--","--","--","15,394","--","--","No","00:06:44.2","9","01:25:18","02:56:56","6,755","7,721"
Running,2019-07-23 16:27:21,false,"Big Bear Lake Running","8.83","547","01:07:51","160","192","3.3","183","195","7:41","5:59","1,312","1,321","1.14","0.0","--","--","--","12,346","--","--","No","00:06:12.9","9","01:07:40","01:48:10","6,754","7,643"
Running,2019-07-22 06:30:35,false,"Stark Trails","7.31","400","00:52:03","150","155","2.6","183","194","7:07","6:17","262","371","1.23","0.0","--","--","--","9,478","--","--","No","00:01:57.8","8","00:51:59","01:06:12","443","636"
Running,2019-07-22 06:16:43,false,"Stark Trails","1.65","82","00:12:07","135","142","1.5","182","193","7:22","6:33","81","--","1.20","0.0","--","--","--","2,198","--","--","No","00:04:39.2","2","00:12:05","00:13:00","502","596"
Running,2019-07-20 06:50:47,false,"Covina Running","10.01","611","01:12:40","167","194","4.0","184","197","7:16","5:37","723","733","1.20","0.0","--","--","--","13,284","--","--","No","00:00:02.3","11","01:12:32","01:28:12","443","776"
Running,2019-07-19 06:13:49,false,"Covina Running","6.37","392","00:48:12","157","189","3.1","184","199","7:34","6:36","191","175","1.16","0.0","--","--","--","8,832","--","--","No","00:02:46.2","7","00:48:05","00:58:19","443","567"
Running,2019-07-18 17:08:02,false,"Covina Running","1.03","64","00:08:27.9","143","158","1.6","185","191","8:14","7:41","16","16","1.06","0.0","--","--","--","1,562","--","--","No","00:00:16.2","2","00:08:27.7","00:08:27.9","485","509"
Running,2019-07-18 07:22:31,false,"Covina Running","3.00","244","00:26:24","171","194","3.1","186","195","8:47","7:47","43","43","0.99","0.0","--","--","--","4,868","--","--","No","00:00:02.2","4","00:26:23","00:26:24","477","509"
Running,2019-07-18 06:56:56,false,"Covina Running","2.12","111","00:11:00","184","198","2.7","192","206","5:11","4:16","4","5","1.62","0.0","--","--","--","2,060","--","--","No","00:00:00.7","5","00:10:57","00:20:44","486","494"
Running,2019-07-18 06:29:03,false,"Covina Running","2.09","147","00:16:31","161","189","2.6","184","196","7:53","7:22","30","32","1.11","0.0","--","--","--","3,020","--","--","No","00:00:44.1","3","00:16:30","00:16:31","484","509"
Running,2019-07-17 06:10:05,false,"Covina Running","7.35","517","00:54:22","170","205","4.3","184","193","7:24","6:05","295","293","1.18","0.0","--","--","--","9,936","--","--","No","00:02:22.6","8","00:54:17","01:04:51","501","702"
Running,2019-07-16 17:10:19,false,"Covina Running","2.01","129","00:15:53","148","155","2.1","180","187","7:54","7:29","33","32","1.13","0.0","--","--","--","2,846","--","--","No","00:00:02.0","3","00:15:36","00:15:53","485","509"
Running,2019-07-16 07:07:51,false,"Covina Running","4.01","269","00:32:13","152","164","2.8","182","244","8:02","6:15","82","121","1.10","0.0","--","--","--","5,812","--","--","No","00:00:03.1","5","00:31:50","00:35:30","489","623"
Running,2019-07-16 06:33:22,false,"Covina Running","2.01","94","00:12:06","145","152","2.0","188","200","6:02","4:21","29","28","1.42","0.0","--","--","--","2,230","--","--","No","00:00:02.3","3","00:11:53","00:27:12","522","541"
Running,2019-07-16 06:15:02,false,"Covina Running","1.01","59","00:08:03.6","141","149","1.6","181","193","7:59","7:32","39","--","1.11","0.0","--","--","--","1,452","--","--","No","00:00:03.8","2","00:07:54","00:08:37.0","502","541"
Running,2019-07-15 06:11:19,false,"Covina Running","5.01","306","00:36:31","160","172","3.2","185","199","7:17","6:17","165","171","1.19","0.0","--","--","--","6,680","--","--","No","00:00:05.8","6","00:36:06","00:43:45","493","638"
Running,2019-07-14 06:49:33,false,"San Dimas Running","6.01","427","00:50:57","160","193","3.6","185","193","8:29","5:22","486","474","1.03","0.0","--","--","--","9,350","--","--","No","00:00:02.2","7","00:50:32","00:51:16","929","1,089"
Running,2019-07-13 06:44:09,false,"Covina Running","10.00","689","01:21:56","164","193","3.7","182","208","8:11","6:12","666","678","1.08","0.0","--","--","--","14,770","--","--","No","00:00:02.1","11","01:21:04","01:33:21","443","900"
Running,2019-07-12 06:08:55,false,"Covina Running","6.01","366","00:45:42","156","198","3.2","183","195","7:36","6:15","152","153","1.16","0.0","--","--","--","8,284","--","--","No","00:00:03.0","7","00:45:13","01:15:53","499","660"
Running,2019-07-11 17:08:28,false,"Double","2.00","126","00:15:25","156","167","2.3","183","195","7:42","7:17","34","28","1.14","0.0","--","--","--","2,818","--","--","No","00:00:02.3","3","00:15:20","00:15:25","485","509"
Running,2019-07-10 06:51:07,false,"Covina Running","2.25","179","00:18:59","175","192","3.1","184","193","8:26","7:59","15","59","1.04","0.0","--","--","--","3,484","--","--","No","00:02:13.6","3","00:18:46","00:19:44","476","541"
Running,2019-07-10 06:28:11,false,"2-mile tempo","2.03","108","00:12:15","166","191","2.4","188","198","6:03","4:30","29","28","1.42","0.0","--","--","--","2,278","--","--","No","00:00:08.8","3","00:12:08","00:12:15","522","542"
Running,2019-07-10 06:09:25,false,"Covina Running","1.00","72","00:08:48.2","153","171","2.0","182","191","8:47","7:25","39","--","1.00","0.0","--","--","--","1,588","--","--","No","--:--:--","1","00:08:35","00:09:21.2","501","541"
Running,2019-07-09 17:06:05,false,"Covina Running","2.01","127","00:18:36","143","156","2.1","182","191","9:15","8:00","167","32","0.96","0.0","--","--","--","3,062","--","--","No","00:01:43.5","3","00:16:43","03:02:51","485","636"
Running,2019-07-09 06:07:59,false,"Covina Running","6.00","425","00:47:12","168","190","3.7","181","196","7:52","7:14","58","58","1.13","0.0","--","--","--","8,508","--","--","No","00:00:01.7","7","00:46:52","00:48:15","495","541"
Running,2019-07-08 07:38:43,false,"150s + cooldown","1.40","86","00:09:20.5","170","193","2.2","184","199","6:40","8:35","--","--","0.94","0.0","--","--","--","1,710","--","--","No","00:00:03.5","2","00:09:17","00:09:20.5","486","502"
Running,2019-07-08 06:09:21,false,"Warmup + 30 min aerobic","5.44","326","00:40:09","157","187","3.1","181","197","7:23","5:06","49","62","1.21","0.0","--","--","--","7,244","--","--","No","00:01:20.6","7","00:39:46","00:58:44","476","509"
Running,2019-07-07 06:01:51,false,"Marshall Canyon ","8.38","798","01:22:15","175","195","5.0","179","191","9:49","6:19","1,358","1,362","0.92","0.0","--","--","--","14,662","--","--","No","00:03:10.8","9","01:21:40","01:29:51","1,313","2,443"
Running,2019-07-06 06:51:27,false,"Stark Trails","7.54","471","00:54:25","163","189","3.5","182","195","7:13","6:13","344","342","1.22","0.0","--","--","--","9,882","--","--","No","00:04:07.4","8","00:53:45","01:05:10","443","636"
Running,2019-07-05 06:12:34,false,"Starks House","5.25","310","00:38:08","157","179","3.1","182","249","7:16","6:23","164","160","1.22","0.0","--","--","--","6,916","--","--","No","00:01:46.6","6","00:37:43","00:45:17","496","636"
Running,2019-07-04 08:24:55,false,"Glendora Running","5.01","385","00:46:56","157","183","3.3","177","193","9:22","7:26","530","533","0.97","0.0","--","--","--","8,312","--","--","No","00:00:02.9","6","00:46:34","00:53:26","705","1,049"
Running,2019-07-03 06:08:51,false,"Covina Running","4.01","247","00:33:54","148","160","2.4","181","191","8:28","7:14","68","63","1.05","0.0","--","--","--","6,126","--","--","No","00:00:03.2","5","00:33:31","01:03:51","476","509"
Running,2019-07-02 17:06:07,false,"Covina Running","3.01","206","00:24:30","161","191","2.9","181","189","8:09","7:35","46","47","1.09","0.0","--","--","--","4,430","--","--","No","00:00:02.9","4","00:24:17","00:24:30","485","509"
Running,2019-07-02 06:07:33,false,"Alpine","6.66","511","00:51:39","185","211","5.0","185","198","7:45","6:17","633","627","1.12","0.0","--","--","--","9,458","--","--","No","00:04:52.4","7","00:51:07","00:59:54","443","833"
Running,2019-07-01 06:07:08,false,"Montezuma","7.01","473","00:52:34","173","199","4.3","185","197","7:30","5:51","450","443","1.16","0.0","--","--","--","9,640","--","--","No","00:00:01.8","8","00:52:08","01:05:19","443","769"
Running,2019-06-30 08:25:46,false,"Recovery long run","6.58","461","01:00:25","153","188","3.1","179","249","9:11","6:37","1,040","1,006","0.98","0.0","--","--","--","10,766","--","--","No","00:04:32.6","7","00:59:50","01:02:24","696","1,197"
Running,2019-06-29 07:26:08,false,"Stark Trails","7.58","470","00:53:49","170","205","3.9","183","195","7:06","6:15","342","338","1.24","0.0","--","--","--","9,740","--","--","No","00:04:09.3","8","00:53:13","01:09:01","443","635"
Running,2019-06-28 06:05:45,false,"Covina Running","4.01","313","00:36:28","164","196","3.4","177","187","9:06","8:23","44","49","1.00","0.0","--","--","--","6,436","--","--","No","00:00:02.7","5","00:36:03","00:59:45","485","509"
Running,2019-06-27 17:03:46,false,"Covina Running","3.00","208","00:24:12","162","179","3.0","183","193","8:03","7:21","269","279","1.09","0.0","--","--","--","4,410","--","--","No","00:00:01.7","4","00:24:00","00:24:12","480","542"
Running,2019-06-27 06:09:22,false,"Covina Running","5.01","323","00:39:20","160","184","3.3","180","189","7:51","6:08","44","42","1.14","0.0","--","--","--","7,070","--","--","No","00:00:03.4","6","00:38:52","00:48:26","495","541"
Running,2019-06-26 06:10:58,false,"Covina Running","4.25","272","00:33:31","161","177","3.0","180","195","7:54","6:54","143","142","1.13","0.0","--","--","--","6,010","--","--","No","00:01:47.5","5","00:33:08","00:41:26","443","526"
Running,2019-06-25 06:05:30,false,"Covina Running","5.03","313","00:35:33","176","198","3.7","186","197","7:04","5:57","181","177","1.22","0.0","--","--","--","6,582","--","--","No","00:00:11.7","6","00:35:09","00:43:12","443","567"
Running,2019-06-24 07:25:53,false,"Marshall Canyon 2.0","4.18","349","00:39:28","174","186","3.7","177","195","9:27","5:55","852","832","0.96","0.0","--","--","--","6,994","--","--","No","00:01:18.3","5","00:39:10","00:45:29","464","1,240"
Running,2019-06-22 06:40:14,false,"Marshall Canyon ","10.20","894","01:41:35","167","191","4.6","178","218","9:58","5:51","1,428","1,454","0.91","0.0","--","--","--","17,988","--","--","No","00:02:05.9","11","01:40:47","02:02:44","1,235","2,442"
Running,2019-06-21 08:07:26,false,"Covina Running","3.07","191","00:25:38","145","156","2.2","180","191","8:21","7:37","47","58","1.08","0.0","--","--","--","4,612","--","--","No","00:00:32.8","4","00:25:29","00:27:03","476","509"
Running,2019-06-20 13:16:36,false,"Covina Running","4.02","252","00:31:38","153","182","2.9","181","193","7:52","7:12","148","145","1.13","0.0","--","--","--","5,694","--","--","No","00:00:09.2","5","00:31:29","00:34:31","443","531"
Running,2019-06-19 06:34:33,false,"Azusa Cutdown","6.01","394","00:45:28","165","197","3.8","182","187","7:34","6:56","212","209","1.17","0.0","--","--","--","8,234","--","--","No","00:00:02.4","7","00:45:10","00:45:28","599","817"
Running,2019-06-18 09:18:55,false,"Azusa Running","3.03","223","00:26:20","159","182","3.1","178","191","8:42","8:07","49","53","1.04","0.0","--","--","--","4,686","--","--","No","00:00:14.0","4","00:26:02","00:26:20","462","522"
Running,2019-06-17 08:12:37,false,"Azusa Running","7.01","496","00:56:09","165","189","4.2","180","204","8:01","6:51","249","245","1.11","0.0","--","--","--","10,090","--","--","No","00:00:04.5","8","00:55:32","00:57:59","564","814"
Running,2019-06-15 06:17:18,false,"San Dimas Running","6.60","456","00:50:50","164","171","3.9","181","191","7:42","5:12","966","941","1.16","0.0","--","--","--","9,158","--","--","No","00:04:35.0","7","00:50:23","00:51:04","696","1,199"
Running,2019-06-14 05:59:59,false,"West Covina Running","3.01","182","00:21:39","158","173","3.0","183","193","7:11","6:30","41","55","1.23","0.0","--","--","--","3,924","--","--","No","00:00:06.2","4","00:21:19","00:22:06","404","461"
Running,2019-06-13 19:30:24,false,"Covina Running","3.00","157","00:24:51","135","150","2.0","182","191","8:16","7:47","46","57","1.07","0.0","--","--","--","4,522","--","--","No","00:00:02.2","4","00:24:39","00:24:51","477","509"
Running,2019-06-13 06:00:05,false,"Covina Running","5.05","163","00:38:12","119","147","1.5","180","199","7:34","6:28","151","153","1.18","0.0","--","--","--","6,834","--","--","No","00:00:21.9","6","00:37:57","00:46:23","443","567"
Running,2019-06-12 06:55:30,false,"Azusa Running","3.55","212","00:27:43","151","160","2.9","180","195","7:49","6:04","542","485","1.14","0.0","--","--","--","4,964","--","--","No","00:04:20.1","4","00:27:26","00:31:27","821","1,023"
Running,2019-06-11 06:06:00,false,"Covina Running","5.48","363","00:41:55","169","193","4.1","179","193","7:39","5:41","167","165","1.17","0.0","--","--","--","7,388","--","--","No","00:03:28.5","6","00:41:24","00:50:28","443","584"
Running,2019-06-10 06:37:23,false,"Covina Running","4.01","277","00:31:52","169","185","3.8","179","187","7:57","7:06","69","71","1.13","0.0","--","--","--","5,686","--","--","No","00:00:06.0","5","00:31:35","23:28:14","476","509"
Running,2019-06-08 08:17:36,false,"Covina Running","5.01","287","00:38:55","154","195","3.8","180","189","7:46","6:27","112","112","1.15","0.0","--","--","--","6,802","--","--","No","00:00:03.9","6","00:38:33","00:44:07","485","598"
Running,2019-06-07 08:42:53,false,"Run w/ Tach","5.59","370","00:43:40","166","190","4.1","180","187","7:49","5:34","382","415","1.15","0.0","--","--","--","7,834","--","--","No","00:04:17.2","6","00:43:21","00:45:27","925","1,073"
Running,2019-06-06 08:42:29,false,"West Covina Running","4.01","256","00:32:13","158","183","3.4","179","185","8:03","7:18","72","70","1.12","0.0","--","--","--","5,744","--","--","No","00:00:02.1","5","00:32:02","00:35:59","411","463"
Running,2019-06-05 10:23:26,false,"Covina Running","3.00","191","00:24:43","156","165","3.1","178","185","8:14","7:34","36","43","1.10","0.0","--","--","--","4,394","--","--","No","00:00:03.1","4","00:24:33","00:24:53","477","509"
Running,2019-06-04 12:31:57,false,"Covina Running","4.01","277","00:34:55","160","179","3.6","177","183","8:43","7:53","66","51","1.05","0.0","--","--","--","6,124","--","--","No","00:00:04.0","5","00:34:31","00:38:25","486","541"
Running,2019-06-03 12:23:44,false,"Covina Running","3.01","204","00:26:02","158","178","3.2","177","185","8:40","7:46","64","53","1.05","0.0","--","--","--","4,604","--","--","No","00:00:02.9","4","00:25:43","00:26:25","477","509"
Running,2019-06-02 16:54:54,false,"West Covina Running","3.04","202","00:25:28","162","172","3.3","177","235","8:23","7:55","56","56","1.09","0.0","--","--","--","4,444","--","--","No","00:00:18.1","4","00:25:10","00:28:19","444","509"
Running,2019-06-01 15:18:25,false,"West Covina Running","2.50","164","00:22:07","153","178","2.6","175","181","8:50","8:20","18","32","1.04","0.0","--","--","--","3,854","--","--","No","00:04:24.2","3","00:22:02","00:24:05","420","460"
Running,2019-05-11 16:32:10,false,"Los Angeles County Running","1.77","122","00:17:36","147","173","2.1","178","183","9:57","8:39","3","--","0.91","0.0","--","--","--","3,100","--","--","No","00:07:59.9","2","00:17:28","01:30:33","36","48"
Running,2019-05-10 14:29:42,false,"Covina Running","2.39","169","00:20:03","170","184","3.0","182","187","8:24","8:07","29","31","1.05","0.0","--","--","--","3,648","--","--","No","00:03:11.6","3","00:19:50","00:20:03","486","509"
Running,2019-05-09 17:31:18,false,"West Covina Running","3.01","213","00:25:06","170","179","3.1","179","185","8:21","7:49","37","46","1.08","0.0","--","--","--","4,486","--","--","No","00:00:02.5","4","00:24:47","00:26:44","410","463"
Running,2019-05-08 17:25:36,false,"West Covina Running","4.01","305","00:33:32","179","201","3.8","181","195","8:22","7:50","57","65","1.07","0.0","--","--","--","6,034","--","--","No","00:00:02.9","5","00:33:11","00:36:02","411","484"
Running,2019-05-07 15:22:35,false,"Covina Running","1.00","75","00:11:18","141","158","1.7","177","183","11:15","9:20","--","3","0.81","0.0","--","--","--","1,984","--","--","No","00:00:02.9","2","00:11:02","00:11:32","486","494"
Running,2019-05-07 14:44:05,false,"Covina Running","1.49","37","00:07:07.3","130","157","1.3","193","232","4:47","3:00","5","3","1.73","0.0","--","--","--","1,252","--","--","No","00:00:26.5","6","00:06:54","00:31:41","486","494"
Running,2019-05-07 14:27:38,false,"Covina Running","1.07","66","00:08:40.2","152","159","1.9","185","201","8:08","7:07","--","--","1.07","0.0","--","--","--","1,584","--","--","No","00:00:31.2","2","00:08:33","00:08:40.2","486","494"
Running,2019-05-06 06:20:02,false,"Covina Running","6.12","409","00:50:43","164","195","3.8","182","197","8:18","7:09","179","192","1.07","0.0","--","--","--","8,780","--","--","No","00:00:02.6","9","00:49:08","08:14:49","476","631"
Running,2019-05-04 13:10:27,false,"Costa Mesa Running","2.90","211","00:30:36","147","175","2.3","178","189","10:34","8:21","6","3","0.86","0.0","--","--","--","4,806","--","--","No","00:08:16.6","3","00:26:36","04:37:56","79","82"
Running,2019-05-03 15:05:28,false,"West Covina Running","2.45","147","00:20:04","151","160","2.4","181","189","8:12","7:49","23","26","1.08","0.0","--","--","--","3,636","--","--","No","00:03:43.1","3","00:19:45","00:21:35","430","461"
Running,2019-05-02 16:03:20,false,"West Covina Running","2.31","153","00:20:06","154","164","2.5","184","189","8:42","8:04","29","31","1.01","0.0","--","--","--","3,678","--","--","No","00:02:43.5","3","00:19:54","00:20:06","440","463"
Running,2019-05-01 18:05:09,false,"Covina Running","1.01","84","00:09:57.5","167","189","2.2","182","191","9:51","9:16","15","--","0.90","0.0","--","--","--","1,808","--","--","No","00:00:05.0","2","00:09:49","00:09:57.5","486","509"
Running,2019-05-01 17:19:22,false,"Covina Running","1.61","65","00:09:02.9","147","175","1.7","191","229","5:37","3:21","3","6","1.50","0.0","--","--","--","1,586","--","--","No","00:03:16.1","2","00:08:57","00:35:46","486","495"
Running,2019-05-01 17:05:14,false,"Covina Running","1.01","63","00:08:36.2","149","167","1.8","186","197","8:33","7:54","13","16","1.01","0.0","--","--","--","1,580","--","--","No","00:00:02.7","2","00:08:33","00:08:36.2","486","509"
Running,2019-04-30 19:01:41,false,"West Covina Running","3.70","274","00:30:06","179","194","3.7","184","191","8:08","7:11","69","63","1.08","0.0","--","--","--","5,488","--","--","No","00:05:35.9","4","00:29:52","00:34:21","420","497"
Running,2019-04-29 18:05:08,false,"Covina Running","2.10","187","00:21:26","163","184","2.9","184","191","10:14","9:15","30","31","0.85","0.0","--","--","--","3,930","--","--","No","00:00:57.4","3","00:21:20","00:21:34","485","509"
Running,2019-04-29 17:27:43,false,"Covina Running","2.29","94","00:12:32","152","175","2.1","192","207","5:29","3:38","5","10","1.52","0.0","--","--","--","2,272","--","--","No","00:00:00.2","9","00:12:12","00:31:59","486","494"
Running,2019-04-29 17:13:24,false,"Covina Running","1.02","71","00:08:55.3","153","188","1.9","183","191","8:46","7:47","16","22","1.00","0.0","--","--","--","1,628","--","--","No","00:00:09.7","2","00:08:52","00:08:55.3","489","509"
Running,2019-04-27 08:03:04,false,"San Dimas Running","10.00","691","01:13:52","178","199","5.0","187","195","7:23","6:28","489","610","1.17","0.0","--","--","--","13,716","--","--","No","00:00:01.8","11","01:13:20","01:17:54","936","1,083"
Running,2019-04-26 14:27:38,false,"Covina Running","6.58","398","00:51:59","157","180","3.0","181","195","7:54","6:48","279","299","1.13","0.0","--","--","--","9,358","--","--","No","00:04:23.0","7","00:51:33","01:01:44","443","632"
Running,2019-04-25 15:05:04,false,"Los Angeles County Running","3.03","211","00:28:43","151","185","2.6","177","186","9:28","7:08","39","39","0.96","0.0","--","--","--","5,054","--","--","No","00:00:17.6","4","00:28:28","03:26:37","395","437"
Running,2019-04-24 14:23:20,false,"Covina Running","3.01","182","00:24:47","150","178","2.6","183","189","8:14","7:21","39","26","1.07","0.0","--","--","--","4,498","--","--","No","00:00:04.8","4","00:24:29","00:27:41","499","542"
Running,2019-04-22 09:35:58,false,"Covina Running","7.56","493","01:03:00","160","194","3.2","180","204","8:20","4:40","117","214","1.07","0.0","--","--","--","11,262","--","--","No","00:04:39.5","8","01:02:12","32:16:53","394","501"
Running,2019-04-19 17:05:09,false,"Los Angeles County Running","6.03","476","02:31:48","134","187","2.5","170","191","25:10","3:12","11","7","0.37","0.0","--","--","--","10,202","--","--","No","00:00:18.3","7","01:05:01","18:50:02","36","46"
Running,2019-04-18 14:38:30,false,"Covina Running","2.53","167","00:21:45","148","161","2.3","179","187","8:35","8:04","25","31","1.05","0.0","--","--","--","3,874","--","--","No","00:04:30.8","3","00:21:32","00:38:02","485","509"
Running,2019-04-17 14:45:50,false,"Covina Running","3.20","198","00:26:06","150","171","2.5","179","201","8:09","3:48","29","29","1.10","0.0","--","--","--","4,666","--","--","No","00:01:56.8","4","00:25:53","01:11:28","485","509"
Running,2019-04-16 14:54:31,false,"Covina Running","7.01","413","00:50:00","163","203","3.4","186","213","7:08","4:29","18","17","1.21","0.0","--","--","--","9,038","--","--","No","00:00:03.9","8","00:49:15","02:52:45","518","535"
Running,2019-04-15 14:46:30,false,"San Dimas Running","10.01","620","01:14:57","166","189","4.0","183","197","7:29","6:17","687","808","1.17","0.0","--","--","--","13,626","--","--","No","00:00:04.3","11","01:14:15","01:25:53","935","1,082"
Running,2019-04-13 11:31:33,false,"Covina Running","4.44","319","00:43:42","154","192","2.9","179","191","9:51","8:10","4","3","0.91","0.0","--","--","--","7,578","--","--","No","00:04:19.5","5","00:42:09","06:50:30","515","531"
Running,2019-04-12 15:21:43,false,"Covina Running","3.00","182","00:24:37","148","166","2.5","178","183","8:12","7:16","32","28","1.10","0.0","--","--","--","4,384","--","--","No","00:08:02.5","3","00:24:27","00:36:17","499","532"
Running,2019-04-11 16:07:25,false,"Baldwin Park Running","5.00","325","00:39:48","162","184","3.2","182","191","7:57","7:16","45","45","1.11","0.0","--","--","--","7,198","--","--","No","00:00:02.3","6","00:39:22","00:39:57","382","404"
Running,2019-04-10 14:26:07,false,"Covina Running","7.21","457","01:00:05","158","178","3.2","180","249","8:20","7:00","179","177","1.07","0.0","--","--","--","10,746","--","--","No","00:01:46.8","8","00:59:31","01:06:16","443","509"
Running,2019-04-09 15:38:26,false,"Covina Running","1.01","83","00:09:51.0","166","198","2.2","178","183","9:45","8:29","13","14","0.93","0.0","--","--","--","1,742","--","--","No","00:00:05.7","2","00:09:42","00:09:51.0","485","509"
Running,2019-04-09 15:07:19,false,"Covina Running","1.65","50","00:07:30.1","145","198","1.7","187","222","4:33","3:59","4","4","1.89","0.0","--","--","--","1,304","--","--","No","00:01:13.0","6","00:07:15.7","00:22:30","486","494"
Running,2019-04-09 14:37:26,false,"Covina Running","1.56","91","00:13:13","143","181","1.9","179","185","8:30","8:07","14","14","1.06","0.0","--","--","--","2,362","--","--","No","00:04:40.2","2","00:13:02","00:23:42","485","509"
Running,2019-04-08 14:53:27,false,"Covina Running","2.51","165","00:21:09","157","168","2.6","181","189","8:25","7:35","32","28","1.06","0.0","--","--","--","3,818","--","--","No","00:04:26.6","3","00:20:55","00:35:02","485","509"
Running,2019-04-05 17:52:19,false,"Arcadia Running","9.42","504","01:23:54","152","194","3.0","183","199","8:55","6:39","106","107","0.99","0.0","--","--","--","15,226","--","--","No","00:03:29.6","10","01:23:28","17:08:01","424","486"
Running,2019-04-04 16:30:42,false,"Arcadia Running","3.50","220","00:28:17","158","189","3.0","182","189","8:05","7:14","38","37","1.09","0.0","--","--","--","5,118","--","--","No","00:03:50.9","4","00:28:03","00:30:58","423","459"
Running,2019-04-03 08:58:19,false,"Covina Running","2.45","191","00:22:14","172","185","3.1","177","208","9:04","3:24","29","29","1.02","0.0","--","--","--","3,976","--","--","No","00:01:59.9","3","00:22:03","00:37:59","476","509"
Running,2019-04-03 08:24:15,false,"Covina Running","1.23","35","00:05:16.2","138","169","1.3","181","239","4:16","3:22","7","5","2.08","0.0","--","--","--","852","--","--","No","00:01:00.0","2","00:05:10","00:26:29","486","494"
Running,2019-04-03 08:06:36,false,"Covina Running","1.01","62","00:08:30.1","146","162","1.7","186","193","8:26","8:02","15","16","1.03","0.0","--","--","--","1,562","--","--","No","00:00:05.8","2","00:08:22","00:08:30.1","486","509"
Running,2019-04-02 08:17:23,false,"Covina Running","4.05","237","00:31:51","153","190","2.9","182","244","7:52","3:33","53","66","1.13","0.0","--","--","--","5,764","--","--","No","00:00:12.1","5","00:31:30","00:50:42","486","541"
Running,2019-04-01 10:07:43,false,"Covina Running","3.05","232","00:30:09","152","182","2.6","180","187","9:54","8:16","22","20","0.91","0.0","--","--","--","5,406","--","--","No","00:00:25.5","4","00:29:58","00:30:57","477","509"
Running,2019-04-01 09:09:48,false,"Covina Running","1.80","68","00:08:29.0","158","197","2.0","189","244","4:43","3:43","4","8","1.80","0.0","--","--","--","1,480","--","--","No","00:00:52.7","7","00:08:15","00:19:12","486","494"
Running,2019-04-01 08:41:07,false,"Covina Running","1.04","72","00:09:11.1","151","172","1.9","184","187","8:52","8:19","14","15","0.99","0.0","--","--","--","1,674","--","--","No","00:00:18.0","2","00:09:00","00:09:11.1","485","509"
Running,2019-03-30 08:46:41,false,"Covina Running","4.00","307","00:38:28","156","184","2.7","178","189","9:36","7:42","2","1","0.94","0.0","--","--","--","6,802","--","--","No","00:00:02.5","5","00:38:04","10:02:03","518","531"
Running,2019-03-28 15:19:46,false,"Covina Running","1.13","60","00:07:49.1","146","185","1.6","180","222","6:56","3:24","--","--","1.29","0.0","--","--","--","968","--","--","No","00:02:16.8","2","00:05:51","00:25:53","486","494"
Running,2019-03-28 15:00:09,false,"Covina Running","2.01","110","00:12:22","166","184","2.4","186","196","6:09","4:56","28","34","1.41","0.0","--","--","--","2,284","--","--","No","00:00:02.3","3","00:12:17","00:12:22","485","509"
Running,2019-03-28 14:31:57,false,"Covina Running","1.50","101","00:12:27","155","190","2.2","182","191","8:17","7:46","17","16","1.07","0.0","--","--","--","2,254","--","--","No","00:04:07.4","2","00:12:24","00:23:16","485","509"
Running,2019-03-27 14:33:22,false,"Covina Running","7.05","343","00:58:50","137","162","2.1","179","191","8:21","6:48","325","309","1.08","0.0","--","--","--","10,460","--","--","No","00:00:27.0","8","00:58:15","01:36:55","443","633"
Running,2019-03-26 07:24:07,false,"Covina Running","10.01","588","01:17:05","158","176","3.2","187","197","7:42","6:12","722","724","1.12","0.0","--","--","--","14,240","--","--","No","00:00:03.0","11","01:16:18","01:30:22","443","766"
Running,2019-03-25 15:54:04,false,"Covina Running","3.50","284","00:33:46","157","180","2.9","184","211","9:39","3:39","37","83","0.91","0.0","--","--","--","6,136","--","--","No","00:05:13.7","4","00:33:17","01:06:02","476","541"
Running,2019-03-25 15:22:28,false,"Covina Running","3.99","264","00:26:29","183","192","3.6","182","195","6:39","4:56","57","56","1.33","0.0","--","--","--","4,784","--","--","No","00:06:15.1","4","00:26:20","00:31:22","522","542"
Running,2019-03-25 14:46:53,false,"Covina Running","1.78","120","00:14:26","156","187","2.3","186","195","8:06","6:34","44","--","1.07","0.0","--","--","--","2,634","--","--","No","00:06:09.2","2","00:14:14","00:27:50","486","541"
Running,2019-03-24 21:21:27,false,"3200","2.00","137","00:11:18","--","--","--","--","--","5:39","--","--","--","--","0.0","--","--","--","--","--","--","No","--:--:--","1","--:--:--","00:11:18","--","--"
Running,2019-03-24 19:16:31,false,"West Covina Running","8.01","507","01:03:31","157","165","3.2","184","193","7:56","7:03","65","65","1.10","0.0","--","--","--","11,612","--","--","No","00:00:03.1","9","01:02:54","01:05:39","456","509"
Running,2019-03-23 19:40:02,false,"Azusa Running","2.40","197","00:22:03","167","185","2.8","180","187","9:11","6:44","--","5","0.97","0.0","--","--","--","3,956","--","--","No","00:03:30.6","3","00:21:44","01:25:09","633","646"
Running,2019-03-22 14:42:44,false,"Covina Running","3.00","189","00:25:31","144","165","2.2","178","183","8:30","7:29","46","46","1.06","0.0","--","--","--","4,532","--","--","No","00:00:01.6","4","00:25:22","28:55:22","477","509"
Running,2019-03-21 14:38:14,false,"Covina Running","3.00","169","00:25:15","137","154","2.0","178","183","8:24","7:14","45","44","1.08","0.0","--","--","--","4,484","--","--","No","00:00:01.9","4","00:24:57","00:41:11","477","509"
Running,2019-03-20 14:32:46,false,"San Dimas mileage","5.09","550","00:36:44","88","180","2.5","158","249","7:13","3:47","35","383","0.29","0.0","--","--","--","8,692","--","--","No","00:06:14.3","7","00:56:58","23:26:20","499","893"
Running,2019-03-20 06:32:50,false,"6x200","0.79","20","00:03:15.9","131","145","1.1","198","244","4:06","2:54","5","--","1.97","0.0","--","--","--","556","--","--","No","00:00:32.8","3","00:03:11","00:25:36","486","493"
Running,2019-03-20 06:05:44,false,"Warmup/Cooldown","3.01","122","00:26:50","138","151","1.9","185","195","8:55","8:11","32","32","0.98","0.0","--","--","--","3,288","--","--","No","00:00:02.5","3","00:17:39","00:18:37","485","509"
Running,2019-03-18 16:21:25,false,"Covina - Running","0.37","25","00:03:16.4","149","165","1.3","183","191","8:56","8:00","11","--","0.99","0.0","--","--","--","586","--","--","No","--:--:--","1","00:03:12","00:03:16.4","497","509"
Running,2019-03-18 15:37:01,false,"Aerobic run","3.86","235","00:26:25","169","188","3.2","187","195","6:51","5:56","66","190","1.26","0.0","--","--","--","4,884","--","--","No","00:05:54.3","4","00:26:01","00:37:30","477","637"
Running,2019-03-18 14:54:35,false,"Covina - Running","2.92","187","00:24:07","151","170","2.5","182","191","8:16","7:33","138","--","1.07","0.0","--","--","--","4,350","--","--","No","00:07:19.5","3","00:23:56","00:40:19","486","631"
Running,2019-03-18 07:02:03,false,"Covina - Running","1.08","71","00:09:34.0","146","163","1.8","188","197","8:52","7:59","14","14","0.97","0.0","--","--","--","1,782","--","--","No","00:00:37.2","2","00:09:22","00:09:34.0","485","509"
Running,2019-03-18 06:20:26,false,"Covina - Running","3.18","86","00:15:42","132","153","1.5","196","225","4:56","4:04","3","7","1.66","0.0","--","--","--","2,938","--","--","No","00:00:00.3","13","00:15:16","00:31:50","486","494"
Running,2019-03-18 06:04:04,false,"Covina - Running","1.07","65","00:09:17.3","141","189","1.6","188","235","8:41","7:47","15","15","0.98","0.0","--","--","--","1,716","--","--","No","00:00:37.9","2","00:09:13.9","00:14:30","485","509"
Running,2019-03-17 08:11:54,false,"Long run","9.01","606","01:15:54","162","194","3.9","182","204","8:26","5:38","383","384","1.05","0.0","--","--","--","13,678","--","--","No","00:00:03.7","10","01:15:18","01:39:22","495","703"
Running,2019-03-16 21:45:53,false,"Rowland Racing","3.75","270","00:31:00","--","--","--","--","--","8:16","--","--","--","--","0.0","--","--","--","--","--","--","No","--:--:--","1","--:--:--","00:00:00","--","--"
Running,2019-03-16 21:43:54,false,"Qualifier Racing","2.25","163","00:16:00","--","--","--","--","--","7:07","--","--","--","--","0.0","--","--","--","--","--","--","No","--:--:--","1","--:--:--","17:00:00","--","--"
Running,2019-03-16 09:57:19,false,"Warmup/Cooldown","4.56","280","00:43:47","141","190","2.2","177","189","9:37","8:23","--","2","0.94","0.0","--","--","--","7,732","--","--","No","00:05:23.3","5","00:43:03","06:37:52","518","524"
Running,2019-03-15 15:17:31,false,"Covina - Running","2.52","137","00:18:35","147","160","2.2","183","191","7:22","6:12","9","7","1.20","0.0","--","--","--","3,382","--","--","No","00:00:01.8","4","00:18:25","00:36:41","518","526"
Running,2019-03-14 14:24:44,false,"Los Angeles County - Running","4.01","281","00:36:49","153","187","2.9","179","195","9:12","6:47","12","13","0.98","0.0","--","--","--","6,566","--","--","No","00:00:03.5","5","00:36:29","03:31:45","542","553"
Running,2019-03-13 14:47:06,false,"Covina - Running","2.91","197","00:24:14","156","174","2.7","183","191","8:19","7:26","47","49","1.06","0.0","--","--","--","4,416","--","--","No","00:07:34.4","3","00:24:00","00:37:23","476","509"
Running,2019-03-11 20:30:41,false,"Covina - Running","4.35","283","00:34:38","159","191","3.2","185","193","7:57","6:09","77","81","1.09","0.0","--","--","--","6,342","--","--","No","00:02:11.6","5","00:34:29","00:48:55","477","509"
Running,2019-03-11 16:07:05,false,"Should’ve hit 3 smh // TOTAL: 9.6","2.92","227","00:25:13","172","189","3.1","186","193","8:38","6:41","82","52","1.00","0.0","--","--","--","4,666","--","--","No","00:07:19.9","3","00:24:56","00:30:54","443","509"
Running,2019-03-11 15:07:56,false,"Aerobic ˢᵒʳʳʸ ᵗᵃᶜʰ","5.32","335","00:37:17","174","193","3.7","186","218","7:00","5:21","269","337","1.24","0.0","--","--","--","6,882","--","--","No","00:02:02.8","6","00:36:51","00:48:53","463","637"
Running,2019-03-11 14:35:31,false,"Warmup","1.39","82","00:11:21","146","177","1.9","183","191","8:09","7:03","30","--","1.08","0.0","--","--","--","2,058","--","--","No","00:03:08.4","2","00:11:13","00:30:48","486","531"
Running,2019-03-09 09:37:39,false,"Covina - Running","1.01","85","00:10:41","154","189","2.1","180","189","10:37","9:25","16","13","0.84","0.0","--","--","--","1,926","--","--","No","00:00:02.8","2","00:10:34","00:10:41","490","509"
Running,2019-03-09 08:39:30,false,"Covina - Running","1.61","46","00:06:59.6","141","176","1.5","188","212","4:21","3:27","7","7","1.97","0.0","--","--","--","1,272","--","--","No","00:00:55.9","4","00:06:52","00:53:18","486","495"
Running,2019-03-09 08:16:07,false,"Covina - Running","1.05","72","00:08:49.3","155","164","2.0","183","191","8:23","7:51","16","15","1.05","0.0","--","--","--","1,612","--","--","No","00:00:27.2","2","00:08:45","00:08:54.8","485","509"
Running,2019-03-08 14:33:03,false,"Covina - Running","6.54","410","00:49:49","166","191","3.4","184","197","7:37","6:17","175","166","1.15","0.0","--","--","--","9,076","--","--","No","00:03:57.0","7","00:49:21","01:31:14","486","661"
Running,2019-03-07 14:46:48,false,"Covina - Running","6.56","419","01:10:24","138","187","2.9","175","204","10:44","4:08","7","6","0.85","0.0","--","--","--","9,950","--","--","No","00:02:17.0","8","01:02:24","04:05:26","518","531"
Running,2019-03-07 06:05:30,false,"West Covina - Running","4.01","269","00:32:28","162","184","3.2","180","189","8:06","7:34","74","78","1.10","0.0","--","--","--","5,840","--","--","No","00:00:02.6","5","00:32:14","00:35:54","456","509"
Running,2019-03-06 14:26:28,false,"Covina - Running","6.01","405","00:50:11","159","187","3.4","178","191","8:21","7:36","82","85","1.07","0.0","--","--","--","9,000","--","--","No","00:00:02.3","7","00:49:41","01:22:41","477","509"
Running,2019-03-05 16:38:22,false,"Warmup/Cooldown","2.26","79","00:20:08","156","191","2.0","180","185","8:55","9:06","16","14","0.92","0.0","--","--","--","1,744","--","--","No","00:00:02.2","2","00:09:32","00:09:46.2","492","509"
Running,2019-03-05 15:52:57,false,"6x800","3.20","115","00:16:49","144","167","1.9","186","199","5:15","4:22","10","10","1.65","0.0","--","--","--","3,054","--","--","No","00:00:25.6","6","00:16:36","00:37:15","486","494"
Running,2019-03-05 15:25:15,false,"2 mile tempo","2.05","110","00:12:34","168","184","2.4","183","195","6:08","4:54","34","27","1.43","0.0","--","--","--","2,282","--","--","No","00:00:16.3","3","00:12:27","00:12:34","485","509"
Running,2019-03-05 15:01:22,false,"Covina - Running","1.26","86","00:10:46","156","182","2.1","181","191","8:32","8:04","17","3","1.04","0.0","--","--","--","1,946","--","--","No","00:02:13.5","2","00:10:40","00:21:05","485","509"
Running,2019-03-04 16:13:40,false,"Covina - Running","0.37","29","00:03:26.8","166","177","1.5","179","183","9:26","8:51","11","--","0.95","0.0","--","--","--","624","--","--","No","--:--:--","1","00:03:21","22:47:21","497","509"
Running,2019-03-04 15:35:06,false,"Covina - Running","3.85","243","00:27:37","173","182","3.3","181","191","7:10","6:05","58","183","1.24","0.0","--","--","--","4,954","--","--","No","00:06:01.6","4","00:27:21","00:31:23","476","636"
Running,2019-03-04 14:50:52,false,"Covina - Running","2.92","194","00:24:18","159","184","2.8","178","189","8:19","7:40","134","--","1.09","0.0","--","--","--","4,342","--","--","No","00:07:41.1","3","00:24:06","00:40:19","486","630"
Running,2019-03-02 13:53:59,false,"West Covina - Running","9.01","620","01:09:36","177","202","4.9","184","197","7:44","6:11","206","206","1.13","0.0","--","--","--","12,676","--","--","No","00:00:03.0","10","01:09:03","01:35:38","459","635"
Running,2019-03-01 15:57:50,false,"Covina - Running","5.29","382","00:45:03","167","185","3.6","181","191","8:31","7:01","73","70","1.04","0.0","--","--","--","8,150","--","--","No","00:02:25.2","6","00:44:40","00:51:34","485","531"
Running,2019-02-28 14:34:43,false,"Covina - Running","7.34","460","01:03:56","154","177","3.0","179","189","8:42","6:50","335","319","1.03","0.0","--","--","--","11,350","--","--","No","00:02:50.0","8","01:03:23","01:31:22","443","633"
Running,2019-02-27 14:40:22,false,"South Hills/Northview meet","5.71","224","00:41:41","153","184","2.6","179","199","7:18","4:42","14","17","1.10","0.0","--","--","--","5,356","--","--","No","00:05:21.1","4","00:29:51","02:42:08","518","531"
Running,2019-02-26 14:39:57,false,"Covina Running","6.00","400","00:50:42","161","184","3.3","177","197","8:27","4:07","94","94","1.07","0.0","--","--","--","8,880","--","--","No","00:08:18.2","7","00:50:01","01:20:51","476","509"
Running,2019-02-23 09:05:02,false,"Covina Running","0.64","35","00:05:56.9","130","144","1.2","178","187","9:20","8:41","9","4","0.97","0.0","--","--","--","1,058","--","--","No","--:--:--","1","00:05:50","00:10:41","518","531"
Running,2019-02-22 15:08:43,false,"Covina Running","6.00","370","00:50:19","155","189","3.4","182","195","8:23","6:47","64","63","1.05","0.0","--","--","--","9,140","--","--","No","00:07:56.9","7","00:49:50","01:16:58","498","561"
Running,2019-02-21 14:30:46,false,"Covina Running","2.50","156","00:21:30","151","175","2.5","184","201","8:35","7:39","17","13","1.02","0.0","--","--","--","3,946","--","--","No","00:08:28.1","3","00:21:13","00:29:36","485","509"
Running,2019-02-20 15:57:58,false,"Covina Running","2.00","187","00:20:02","181","201","3.2","180","218","10:00","8:49","32","26","0.89","0.0","--","--","--","3,620","--","--","No","00:09:50.5","3","00:19:52","00:25:05","459","500"
Running,2019-02-20 15:25:01,false,"4 mile tempo","4.04","238","00:26:12","181","190","3.5","182","195","6:30","5:18","89","104","1.36","0.0","--","--","--","4,740","--","--","No","00:06:14.2","5","00:25:55","00:26:12","476","509"
Running,2019-02-20 14:42:24,false,"Covina Running","1.50","105","00:13:04","159","195","2.3","182","195","8:41","6:55","21","20","1.02","0.0","--","--","--","2,344","--","--","No","00:08:44.1","2","00:12:53","00:36:13","485","509"
Running,2019-02-19 15:09:17,false,"Covina Running","4.01","269","00:33:05","164","185","3.2","180","187","8:15","6:59","63","59","1.08","0.0","--","--","--","5,956","--","--","No","00:08:06.5","5","00:32:49","00:45:09","476","509"
Running,2019-02-15 14:46:03,false,"Covina Running","4.28","269","00:40:02","147","174","2.5","183","205","9:21","6:00","13","9","0.94","0.0","--","--","--","7,254","--","--","No","00:08:43.9","5","00:39:38","24:09:12","518","531"
Running,2019-02-14 15:34:00,false,"Warmup/Cooldown","4.01","164","00:36:00","161","179","2.7","184","191","8:59","8:46","17","15","0.89","0.0","--","--","--","3,620","--","--","No","00:09:53.3","3","00:19:43","00:20:47","485","509"
Running,2019-02-14 14:53:12,false,"16x200 + jog recovery","3.90","203","00:28:15","152","173","2.6","182","218","7:15","3:42","25","22","1.21","0.0","--","--","--","4,966","--","--","No","00:00:33.7","31","00:27:36","00:38:02","486","495"
Running,2019-02-13 14:31:57,false,"Covina Running","6.01","399","00:49:24","161","178","3.5","184","193","8:13","6:58","64","76","1.06","0.0","--","--","--","9,054","--","--","No","00:08:02.2","7","00:48:59","00:55:39","485","509"
Running,2019-02-12 15:49:01,false,"3x600, 600, 1 mile, 3x150, death","3.71","213","00:25:53","162","188","3.0","183","235","6:59","4:02","16","13","1.25","0.0","--","--","--","4,492","--","--","No","00:01:42.7","8","00:24:28","00:49:02","486","495"
Running,2019-02-12 14:53:32,false,"Warmup/Cooldown","3.50","159","00:31:56","151","170","2.4","181","199","9:07","7:32","33","30","1.04","0.0","--","--","--","3,872","--","--","No","00:08:26.6","3","00:21:09","00:44:13","485","509"
Running,2019-02-11 09:53:33,false,"Warmup/Cooldown","4.01","155","00:34:52","174","191","3.0","185","197","8:42","7:37","43","42","1.01","0.0","--","--","--","3,184","--","--","No","00:08:20.7","3","00:17:07","00:20:31","492","538"
Running,2019-02-11 08:42:05,false,"Covina Running","4.11","239","00:30:05","163","195","3.3","182","189","7:19","6:32","71","74","1.21","0.0","--","--","--","5,442","--","--","No","00:07:13.6","5","00:29:46","00:30:42","477","509"
Running,2019-02-09 22:46:55,false,"1500 & 1600","1.90","138","00:13:00","--","--","--","--","--","6:51","--","--","--","--","0.0","--","--","--","--","--","--","No","--:--:--","1","--:--:--","00:13:00","--","--"
Running,2019-02-09 12:14:33,false,"Cooldown","3.01","215","00:28:00","156","185","2.5","183","193","9:18","8:27","23","23","0.94","0.0","--","--","--","5,082","--","--","No","00:09:08.4","4","00:27:46","01:58:14","436","463"
Running,2019-02-09 10:26:09,false,"Warmup","1.52","111","00:13:28","156","176","2.2","178","183","8:51","7:46","3","--","1.02","0.0","--","--","--","2,392","--","--","No","00:09:06.6","2","00:13:22","00:24:55","432","440"
Running,2019-02-08 14:41:18,false,"Covina Running","4.09","241","00:34:26","144","174","2.4","180","191","8:25","7:35","77","78","1.06","0.0","--","--","--","6,210","--","--","No","00:08:22.3","5","00:34:03","00:47:48","476","509"
Running,2019-02-07 15:22:52,false,"Aerobic + 4x150","4.62","292","00:32:26","175","203","3.6","183","218","7:01","3:48","62","66","1.25","0.0","--","--","--","5,866","--","--","No","00:07:05.6","5","00:32:07","00:52:40","485","509"
Running,2019-02-07 14:38:23,false,"Warmup/Cooldown","2.52","101","00:21:31","152","180","2.1","181","187","8:32","8:00","17","15","1.04","0.0","--","--","--","2,346","--","--","No","00:08:42.9","2","00:12:55","00:31:34","485","509"
Running,2019-02-06 15:56:17,false,"Warmup/Cooldown","3.50","137","00:30:36","147","174","2.2","183","193","8:45","8:21","36","27","0.97","0.0","--","--","--","3,322","--","--","No","00:09:05.5","3","00:18:04","00:18:57","485","519"
Running,2019-02-06 15:14:21,false,"12x300","2.35","49","00:11:06","123","144","1.2","192","218","4:43","4:16","--","2","1.77","0.0","--","--","--","1,938","--","--","No","00:00:00.9","15","00:10:46","00:33:14","486","494"
Running,2019-02-05 14:56:13,false,"Covina Running","8.33","490","01:04:34","157","192","3.6","186","218","7:45","6:49","220","222","1.12","0.0","--","--","--","11,914","--","--","No","00:07:11.8","9","01:03:59","01:35:01","485","635"
Running,2019-02-04 15:29:34,false,"Warmup/Cooldown","3.02","174","00:27:34","176","189","3.0","180","187","9:08","8:38","15","18","0.95","0.0","--","--","--","3,416","--","--","No","00:09:10.6","3","00:18:51","00:18:58","485","509"
Running,2019-02-04 14:38:34,false,"5x1000 ","3.98","202","00:23:39","172","194","3.1","185","199","5:56","4:32","16","19","1.46","0.0","--","--","--","4,386","--","--","No","00:01:05.6","10","00:23:25","00:42:23","486","494"
Running,2019-02-03 08:58:34,false,"Covina Running","4.04","271","00:31:00","170","191","3.4","187","197","7:40","6:30","89","100","1.12","0.0","--","--","--","5,760","--","--","No","00:07:32.2","5","00:30:40","00:31:00","476","509"
Running,2019-02-02 10:15:00,false,"Covina Running","3.68","256","00:30:49","162","190","3.2","183","195","8:23","6:41","52","55","1.05","0.0","--","--","--","5,506","--","--","No","00:08:04.1","4","00:30:36","00:52:32","485","535"
Running,2019-02-01 15:51:13,false,"Covina Running","1.01","61","00:09:21.2","138","175","1.5","183","193","9:18","8:14","--","31","0.95","0.0","--","--","--","1,688","--","--","No","00:09:18.4","2","00:09:11","00:11:35","501","541"
Running,2019-02-01 15:20:34,false,"Covina Running","2.99","91","00:17:31","125","138","1.3","190","199","5:51","4:30","42","39","1.45","0.0","--","--","--","3,252","--","--","No","00:00:03.8","4","00:17:23","00:28:09","522","542"
Running,2019-02-01 14:40:43,false,"Covina Running","1.58","71","00:13:28","125","153","1.3","181","189","8:31","7:34","45","--","1.05","0.0","--","--","--","2,426","--","--","No","00:08:31.3","2","00:13:25","00:26:22","486","537"
Running,2019-01-31 16:37:49,false,"Covina Running","3.55","239","00:30:11","157","182","2.9","183","193","8:30","7:17","56","65","1.03","0.0","--","--","--","5,460","--","--","No","00:08:21.3","4","00:29:58","00:35:57","449","509"
Running,2019-01-30 14:34:56,false,"Stark Trails Recovery","8.23","461","01:10:06","149","175","2.6","181","197","8:31","6:11","345","343","1.04","0.0","--","--","--","12,644","--","--","No","00:08:14.7","9","01:09:22","01:36:17","443","636"
Running,2019-01-29 16:23:10,false,"Cooldown","2.01","157","00:19:12","158","169","2.5","187","208","9:34","7:51","17","43","0.90","0.0","--","--","--","3,540","--","--","No","--:--:--","3","00:18:56","00:19:34","485","521"
Running,2019-01-29 15:30:08,false,"16x200","4.37","274","00:34:14","160","177","3.0","181","235","7:50","3:56","9","9","1.12","0.0","--","--","--","6,022","--","--","No","--:--:--","32","00:33:17","00:47:12","518","527"
Running,2019-01-29 14:44:45,false,"Warmup","2.52","166","00:21:50","147","169","2.3","182","191","8:41","8:04","44","14","1.02","0.0","--","--","--","3,948","--","--","No","--:--:--","3","00:21:35","00:36:53","485","525"
Running,2019-01-28 20:05:44,false,"Aerobic","4.10","307","00:30:02","--","--","--","--","--","7:20","--","--","--","--","0.0","--","--","--","--","--","--","No","--:--:--","1","--:--:--","00:30:02","--","--"
Running,2019-01-28 14:42:06,false,"Warmup/Cooldown","4.07","150","00:35:09","158","171","2.5","180","191","8:38","7:19","17","16","1.05","0.0","--","--","--","3,178","--","--","No","--:--:--","3","00:17:29","00:36:23","485","509"
Running,2019-01-26 08:29:13,false,"Claremont Running","5.01","311","00:40:59","151","178","2.8","184","195","8:11","7:25","6","15","1.07","0.0","--","--","--","7,484","--","--","No","--:--:--","6","00:40:33","01:18:55","1,289","1,304"
Running,2019-01-25 14:31:41,false,"Covina Running","7.13","419","01:00:06","148","183","2.5","183","197","8:26","6:40","102","101","1.04","0.0","--","--","--","10,926","--","--","No","--:--:--","8","00:59:35","01:24:12","443","509"
Running,2019-01-24 15:12:52,false,"2 x 2 mile tempo","3.94","231","00:25:06","174","196","3.3","189","199","6:22","4:54","57","58","1.34","0.0","--","--","--","4,682","--","--","No","--:--:--","4","00:24:49","00:31:49","485","509"
Running,2019-01-24 14:39:13,false,"Warmup/Cooldown","2.58","93","00:22:43","141","160","1.8","182","193","8:48","8:07","15","14","1.02","0.0","--","--","--","2,434","--","--","No","--:--:--","2","00:13:09","00:27:50","485","509"
Running,2019-01-24 06:19:55,false,"Recovery run","4.00","244","00:34:50","146","185","2.3","187","199","8:42","7:20","123","122","0.99","0.0","--","--","--","6,468","--","--","No","--:--:--","5","00:34:30","00:37:30","501","627"
Running,2019-01-23 14:48:11,false,"Recovery run","7.01","495","00:56:38","168","193","3.8","185","195","8:05","6:27","241","239","1.08","0.0","--","--","--","10,378","--","--","No","--:--:--","8","00:56:03","01:22:19","443","633"
Running,2019-01-22 16:10:44,false,"Warmup/Cooldown","3.64","163","00:34:05","154","188","2.2","185","193","9:22","8:56","41","29","0.85","0.0","--","--","--","3,810","--","--","No","--:--:--","3","00:20:35","00:25:03","492","541"
Running,2019-01-22 15:40:39,false,"12x300 #ded","3.21","175","00:19:17","180","198","3.2","190","197","6:01","4:29","10","13","1.41","0.0","--","--","--","3,574","--","--","No","--:--:--","24","00:17:56","00:19:17","486","494"
Running,2019-01-21 10:11:37,false,"Warmup/Cooldown","3.00","148","00:26:30","156","195","2.4","182","191","8:50","8:19","--","2","1.00","0.0","--","--","--","3,212","--","--","No","--:--:--","3","00:17:39","00:17:44","486","494"
Running,2019-01-21 08:36:22,false,"Aerobic Run","4.10","248","00:30:09","159","194","3.0","183","189","7:21","6:53","65","68","1.19","0.0","--","--","--","5,494","--","--","No","--:--:--","5","00:29:52","00:30:09","485","509"
Running,2019-01-20 15:24:28,false,"West Covina Running","5.02","305","00:42:56","148","181","2.7","181","193","8:33","7:50","52","19","1.04","0.0","--","--","--","7,758","--","--","No","--:--:--","6","00:42:29","00:50:26","459","509"
Running,2019-01-19 09:12:49,false,"Covina Running","4.87","330","00:47:50","145","180","2.6","183","199","9:49","6:45","48","41","0.90","0.0","--","--","--","8,676","--","--","No","--:--:--","5","00:47:33","03:14:35","499","535"
Running,2019-01-19 08:54:47,false,"1500","1.00","31","00:04:54.9","133","152","1.2","195","211","4:56","4:04","--","3","1.67","0.0","--","--","--","966","--","--","No","--:--:--","1","00:04:52","00:07:48.0","519","526"
Running,2019-01-19 08:10:25,false,"Covina Running","1.00","64","00:09:35.7","138","155","1.5","180","197","9:34","7:16","--","--","0.94","0.0","--","--","--","1,728","--","--","No","--:--:--","2","00:09:32.7","00:32:00","519","526"
Running,2019-01-18 15:12:46,false,"Covina Running","7.01","453","01:00:16","155","174","3.1","180","197","8:36","6:34","98","92","1.04","0.0","--","--","--","10,812","--","--","No","--:--:--","8","00:59:41","01:20:41","498","557"
Running,2019-01-16 14:25:49,false,"Covina Running","7.24","484","01:00:07","162","183","3.6","180","187","8:18","7:23","89","102","1.08","0.0","--","--","--","10,782","--","--","No","--:--:--","8","00:59:28","01:00:07","477","509"
Running,2019-01-15 14:39:37,false,"2x1 mile, 1000-800-400-400","3.93","166","00:20:53","161","186","2.6","186","211","5:19","4:15","13","17","1.62","0.0","--","--","--","3,824","--","--","No","--:--:--","5","00:20:51","00:41:49","486","494"
Running,2019-01-15 14:22:42,false,"Warmup/Cooldown","3.50","95","00:32:06","152","164","2.1","182","195","9:10","7:20","7","14","1.05","0.0","--","--","--","2,306","--","--","No","--:--:--","2","00:12:41","00:12:40","485","509"
Running,2019-01-14 16:08:05,false,"Covina Running","2.01","170","00:20:30","160","182","2.8","184","211","10:13","8:35","19","6","0.86","0.0","--","--","--","3,768","--","--","No","--:--:--","3","00:20:30","00:20:30","486","502"
Running,2019-01-14 14:42:08,false,"Covina Running","4.16","266","00:30:04","174","194","3.5","181","191","7:14","6:02","61","64","1.23","0.0","--","--","--","5,402","--","--","No","--:--:--","5","00:30:05","00:30:04","485","509"
Running,2019-01-14 14:29:32,false,"Covina Running","1.01","60","00:08:31.3","143","156","1.6","184","195","8:27","6:44","3","15","1.04","0.0","--","--","--","1,560","--","--","No","--:--:--","2","00:08:31","00:08:37.3","486","501"
Running,2019-01-11 15:28:18,false,"Covina Running","3.01","194","00:21:40","178","197","3.2","183","193","7:11","6:11","40","187","1.22","0.0","--","--","--","3,940","--","--","No","--:--:--","4","00:21:39","00:25:00","485","635"
Running,2019-01-11 14:30:23,false,"Covina Running","2.95","168","00:24:57","143","167","2.2","181","193","8:28","7:17","132","--","1.05","0.0","--","--","--","4,478","--","--","No","--:--:--","3","00:24:55","00:54:44","486","630"
Running,2019-01-10 14:29:51,false,"Covina Running","6.65","451","00:58:11","161","192","3.5","181","206","8:45","4:34","642","631","1.02","0.0","--","--","--","10,338","--","--","No","--:--:--","7","00:58:00","24:00:19","443","621"
Running,2019-01-09 14:37:44,false,"Covina Running","7.02","453","00:58:40","159","197","3.7","186","199","8:22","5:56","301","301","1.04","0.0","--","--","--","10,820","--","--","No","--:--:--","8","00:58:38","01:27:53","443","633"
Running,2019-01-08 15:44:11,false,"2 mile tempo + 1 mile tempo","2.99","149","00:18:21","164","188","2.7","188","199","6:08","4:35","42","39","1.39","0.0","--","--","--","3,380","--","--","No","--:--:--","3","00:18:17","00:27:38","522","542"
Running,2019-01-08 14:54:29,false,"Warmup/Cooldown","2.60","101","00:23:30","153","179","2.2","184","193","9:02","6:50","46","--","1.02","0.0","--","--","--","2,498","--","--","No","--:--:--","2","00:13:40","00:33:25","486","538"
Running,2019-01-07 16:27:11,false,"Covina Running","1.01","85","00:09:33.4","178","187","2.4","179","187","9:30","8:54","3","--","0.95","0.0","--","--","--","1,710","--","--","No","--:--:--","2","00:09:33","00:09:33.4","486","494"
Running,2019-01-07 15:19:08,false,"Covina Running","3.44","219","00:25:04","175","198","3.3","182","189","7:17","6:32","64","48","1.21","0.0","--","--","--","4,540","--","--","No","--:--:--","4","00:25:04","00:25:06","485","509"
Running,2019-01-07 14:36:58,false,"Covina Running","1.07","65","00:08:57.6","150","179","1.9","180","199","8:25","7:44","7","6","1.06","0.0","--","--","--","1,612","--","--","No","--:--:--","2","00:08:58","00:33:00","486","494"
Running,2019-01-05 08:09:12,false,"Stark Trails Recovery","7.61","573","01:03:38","177","198","4.6","183","195","8:22","6:23","351","351","1.05","0.0","--","--","--","11,620","--","--","No","--:--:--","8","01:03:32","01:13:54","443","636"
Running,2019-01-04 09:08:36,false,"Warmup/Cooldown","3.00","173","00:28:37","168","187","2.9","182","189","9:32","8:49","16","24","0.91","0.0","--","--","--","3,528","--","--","No","--:--:--","3","00:19:28","00:19:30","476","509"
Running,2019-01-04 08:29:10,false,"12x400 w 75 sec rest","3.65","239","00:29:56","161","183","3.0","178","201","8:12","4:28","14","21","1.08","0.0","--","--","--","4,200","--","--","No","--:--:--","23","00:28:21","00:29:56","486","494"
Running,2019-01-03 07:42:09,false,"Recovery run","7.58","547","01:00:02","171","196","4.4","184","206","7:55","6:40","207","221","1.10","0.0","--","--","--","10,978","--","--","No","--:--:--","8","00:59:55","01:10:13","485","636"
Running,2019-01-02 09:07:11,false,"Warmup/Cooldown","3.01","88","00:26:23","177","188","2.3","185","193","8:46","8:30","--","30","0.96","0.0","--","--","--","1,678","--","--","No","--:--:--","2","00:09:07","00:09:19.2","502","541"
Running,2019-01-02 08:33:02,false,"2 mile tempo + 1 mile tempo","3.01","155","00:18:26","160","194","2.6","188","199","6:08","4:36","42","38","1.39","0.0","--","--","--","3,440","--","--","No","--:--:--","4","00:18:22","00:25:26","522","542"
Running,2019-01-01 16:29:45,false,"First run of 2019 ✨","7.32","480","01:00:06","156","182","3.5","180","191","8:12","5:54","184","182","1.09","0.0","--","--","--","10,828","--","--","No","--:--:--","8","01:00:07","01:03:57","443","541"
Running,2018-12-31 11:58:06,false,"Tatsu","0.45","7","00:01:47.4","112","118","1.0","122","127","3:59","1:27","48","111","3.32","0.0","--","--","--","68","--","--","No","--:--:--","1","00:01:29","00:01:47.4","1,115","1,252"
Running,2018-12-31 07:20:30,false,"Covina Running","3.45","215","00:25:02","163","177","3.0","181","187","7:15","6:49","45","45","1.23","0.0","--","--","--","4,526","--","--","No","--:--:--","4","00:25:02","00:25:02","485","509"
Running,2018-12-31 07:05:52,false,"Warmup & cooldown","1.57","42","00:14:08","160","176","1.6","180","191","9:00","8:06","--","8","1.02","0.0","--","--","--","900","--","--","No","--:--:--","1","00:04:55","00:05:01.0","486","495"
Running,2018-12-29 07:53:32,false,"Recovery long run","7.51","532","01:01:07","166","180","3.6","182","204","8:08","6:47","226","228","1.09","0.0","--","--","--","11,088","--","--","No","--:--:--","8","01:01:00","01:06:37","486","635"
Running,2018-12-28 08:09:00,false,"Hill repeats","6.13","428","00:52:40","161","183","3.4","182","235","8:35","4:44","641","635","0.99","0.0","--","--","--","8,874","--","--","No","--:--:--","6","00:49:32","01:10:15","443","620"
Running,2018-12-27 08:02:40,false,"Recovery run","5.72","369","00:46:52","152","181","3.0","184","201","8:11","6:44","142","128","1.07","0.0","--","--","--","8,576","--","--","No","--:--:--","6","00:46:52","00:50:17","501","661"
Running,2018-12-26 08:19:03,false,"3x1 mile + cooldown","4.25","248","00:28:54","163","205","3.1","187","198","6:48","4:41","25","29","1.27","0.0","--","--","--","5,338","--","--","No","--:--:--","7","00:28:50","00:47:20","486","509"
Running,2018-12-26 08:04:22,false,"Warmup","1.00","72","00:08:59.0","150","161","1.8","185","193","8:57","8:23","--","15","0.97","0.0","--","--","--","1,648","--","--","No","--:--:--","2","00:08:58","00:08:59.0","486","509"
Running,2018-12-25 12:28:14,false,"Recovery run","5.48","370","00:45:11","158","167","3.1","185","195","8:15","7:53","63","64","1.05","0.0","--","--","--","8,318","--","--","No","--:--:--","6","00:45:04","00:47:06","453","509"
Running,2018-12-24 09:25:12,false,"Warmup + cooldown","1.60","68","00:13:08","147","160","1.8","184","206","8:12","8:09","10","--","0.99","0.0","--","--","--","1,626","--","--","No","--:--:--","2","00:08:50","00:08:51.2","486","499"
Running,2018-12-24 08:26:37,false,"Aerobic run","2.76","145","00:20:04","146","166","2.2","184","193","7:17","6:42","59","58","1.20","0.0","--","--","--","3,660","--","--","No","--:--:--","3","00:20:03","00:20:04","476","509"
Running,2018-12-22 07:40:31,false,"Horse Trails","6.61","443","00:48:23","178","196","4.3","188","198","7:19","5:58","300","299","1.17","0.0","--","--","--","9,020","--","--","No","--:--:--","7","00:48:12","00:58:44","443","633"
Running,2018-12-21 12:21:02,false,"Covina Running","3.63","246","00:30:09","160","177","3.0","185","204","8:19","6:19","51","52","1.05","0.0","--","--","--","5,540","--","--","No","--:--:--","4","00:30:07","00:33:27","493","541"
Running,2018-12-21 06:37:16,false,"Covina Running","3.64","265","00:30:13","170","189","3.5","186","199","8:18","7:41","41","42","1.04","0.0","--","--","--","5,598","--","--","No","--:--:--","4","00:30:08","00:30:13","477","509"
Running,2018-12-20 07:10:34,false,"Covina Running","0.54","42","00:05:16.7","156","175","1.6","185","193","9:52","8:57","--","--","0.88","0.0","--","--","--","964","--","--","No","--:--:--","1","00:05:11","00:05:16.7","486","494"
Running,2018-12-20 06:40:01,false,"Covina Running","3.11","184","00:23:54","154","167","2.6","183","199","7:41","4:15","5","8","1.14","0.0","--","--","--","4,158","--","--","No","--:--:--","24","00:23:49","00:26:12","486","494"
Running,2018-12-20 06:17:37,false,"Covina Running","2.01","129","00:17:40","146","156","2.1","185","197","8:48","7:59","16","30","0.99","0.0","--","--","--","3,270","--","--","No","--:--:--","3","00:17:40","00:17:40","486","509"
Running,2018-12-19 12:29:40,false,"Covina Running","5.35","365","00:45:10","158","183","3.3","182","191","8:26","7:08","92","98","1.05","0.0","--","--","--","8,178","--","--","No","--:--:--","6","00:45:00","00:50:11","397","504"
Running,2018-12-18 08:02:32,false,"Covina Running","3.13","230","00:25:11","178","200","3.4","185","218","8:03","5:01","47","56","1.08","0.0","--","--","--","4,436","--","--","No","--:--:--","4","00:24:50","00:31:04","485","509"
Running,2018-12-18 07:49:48,false,"Covina Running","0.97","80","00:08:41.3","177","187","2.4","187","193","8:58","8:23","16","16","0.96","0.0","--","--","--","1,608","--","--","No","--:--:--","1","00:08:39","00:08:42.1","486","509"
Running,2018-12-17 14:26:28,false,"Covina Running","2.55","199","00:24:22","155","174","2.8","183","191","9:34","7:37","25","31","0.92","0.0","--","--","--","4,432","--","--","No","--:--:--","3","00:24:19","00:34:42","485","509"
Running,2018-12-15 07:40:44,false,"Horse trails","6.62","320","00:47:21","146","191","2.5","186","195","7:09","6:02","309","309","1.21","0.0","--","--","--","8,732","--","--","No","--:--:--","7","00:47:18","00:57:01","443","633"
Running,2018-12-14 14:31:15,false,"Covina Running","5.43","391","00:45:22","167","187","3.6","179","191","8:21","7:34","56","56","1.08","0.0","--","--","--","8,132","--","--","No","--:--:--","6","00:45:25","00:50:46","489","542"
Running,2018-12-13 06:21:10,false," 2x 1 mile tempo + cooldown","3.03","181","00:22:01","163","176","2.9","183","197","7:16","4:39","49","43","1.21","0.0","--","--","--","3,986","--","--","No","--:--:--","4","00:21:58","00:32:59","485","509"
Running,2018-12-13 06:07:43,false,"Covina Running","1.02","75","00:09:20.1","157","168","2.1","183","198","9:08","8:23","14","14","0.96","0.0","--","--","--","1,696","--","--","No","--:--:--","2","00:09:19","00:09:20.1","485","509"
Running,2018-12-12 14:30:18,false,"Covina Running","5.85","389","00:49:35","157","181","3.3","180","238","8:29","7:46","55","48","1.06","0.0","--","--","--","8,884","--","--","No","--:--:--","6","00:49:33","01:11:12","443","506"
Running,2018-12-11 14:40:54,false,"Covina Running","6.20","405","00:52:27","158","193","3.4","181","204","8:27","4:45","581","569","1.05","0.0","--","--","--","9,392","--","--","No","--:--:--","7","00:52:22","01:35:39","443","619"
Running,2018-12-10 16:09:26,false,"Covina Running","1.01","92","00:10:04","178","190","2.5","183","193","10:00","8:57","11","--","0.88","0.0","--","--","--","1,832","--","--","No","--:--:--","2","00:10:03","00:19:21","489","509"
Running,2018-12-10 14:53:01,false,"Covina Running","2.87","152","00:20:34","149","183","2.5","184","193","7:11","5:24","51","50","1.22","0.0","--","--","--","3,748","--","--","No","--:--:--","3","00:20:31","00:21:00","485","509"
Running,2018-12-10 14:28:38,false,"Covina Running","0.58","28","00:04:51.1","128","142","1.2","182","195","8:22","7:27","--","--","1.06","0.0","--","--","--","876","--","--","No","--:--:--","1","00:04:45","00:04:51.1","486","494"
Running,2018-12-01 09:30:11,false,"Walnut Running","1.08","56","00:09:26.9","132","143","1.3","178","187","8:45","7:54","74","99","1.04","0.0","--","--","--","1,672","--","--","No","--:--:--","2","00:09:27","00:11:56","705","760"
Running,2018-11-30 14:29:57,false,"Covina Running","2.01","119","00:15:41","152","185","2.3","183","191","7:48","7:25","31","31","1.13","0.0","--","--","--","2,826","--","--","No","--:--:--","3","00:15:37","00:15:44","485","509"
Running,2018-11-29 14:26:17,false,"Covina Running","1.58","89","00:12:13","148","160","2.0","179","199","7:43","3:44","4","5","1.16","0.0","--","--","--","2,112","--","--","No","--:--:--","3","00:12:12","00:24:55","486","501"
Running,2018-11-28 06:13:45,false,"Covina Running","3.01","153","00:25:12","136","156","1.9","181","199","8:23","7:36","36","36","1.06","0.0","--","--","--","4,562","--","--","No","--:--:--","4","00:25:12","00:25:12","476","509"
Running,2018-11-27 14:39:03,false,"Covina Running","3.19","162","00:24:06","145","182","2.2","181","206","7:34","3:44","20","19","1.17","0.0","--","--","--","4,330","--","--","No","--:--:--","5","00:24:02","01:18:13","486","509"
Running,2018-11-26 14:29:24,false,"Covina Running","5.08","324","00:39:40","168","185","3.3","180","206","7:49","3:40","45","49","1.14","0.0","--","--","--","7,086","--","--","No","--:--:--","6","00:39:33","01:24:37","477","509"
Running,2018-11-24 07:54:00,false,"Covina Running","6.67","457","00:55:17","165","191","3.7","182","208","8:17","6:42","301","297","1.07","0.0","--","--","--","10,026","--","--","No","--:--:--","7","00:55:06","01:03:52","443","633"
Running,2018-11-23 15:55:19,false,"West Covina Running","4.01","258","00:31:17","166","182","3.2","182","195","7:48","6:54","43","53","1.14","0.0","--","--","--","5,674","--","--","No","--:--:--","5","00:31:17","00:32:08","443","497"
Running,2018-11-22 08:14:19,false,"Covina Running","1.57","105","00:13:39","157","189","2.3","183","193","8:42","7:56","11","20","1.01","0.0","--","--","--","2,486","--","--","No","--:--:--","2","00:13:39","00:48:05","486","509"
Running,2018-11-21 08:10:43,false,"Covina Running","4.23","162","00:32:03","129","152","1.6","183","197","7:34","6:28","123","123","1.16","0.0","--","--","--","5,814","--","--","No","--:--:--","5","00:31:56","00:47:26","443","527"
Running,2018-11-20 09:26:57,false,"Covina Running","1.02","91","00:10:10","180","189","2.5","181","189","9:59","9:02","16","16","0.89","0.0","--","--","--","1,842","--","--","No","--:--:--","2","00:10:11","00:10:10","485","509"
Running,2018-11-20 08:37:00,false,"Covina Running","1.79","106","00:12:18","173","201","2.5","179","204","6:52","3:48","5","2","1.28","0.0","--","--","--","1,872","--","--","No","--:--:--","3","00:09:49","00:24:44","486","495"
Running,2018-11-20 08:11:07,false,"Covina Running","2.01","159","00:17:17","180","198","3.1","181","187","8:36","7:56","31","30","1.03","0.0","--","--","--","3,112","--","--","No","--:--:--","3","00:17:17","00:17:17","486","509"
Running,2018-11-19 08:06:50,false,"Covina Running","4.66","265","00:36:56","151","172","2.8","182","244","7:56","3:29","45","54","1.12","0.0","--","--","--","6,590","--","--","No","--:--:--","15","00:36:54","00:47:42","486","541"
Running,2018-11-17 08:50:42,false,"Riverside Running","3.97","295","00:39:31","153","177","2.6","178","191","9:57","7:53","26","25","0.91","0.0","--","--","--","7,000","--","--","No","--:--:--","4","00:39:13","47:14:12","817","832"
Running,2018-11-16 11:45:22,false,"Covina Running","2.01","120","00:16:11","147","157","2.1","181","187","8:04","7:34","15","23","1.10","0.0","--","--","--","2,924","--","--","No","--:--:--","3","00:16:10","00:16:11","485","509"
Running,2018-11-15 06:51:42,false,"Covina Running","0.51","41","00:04:50.2","165","185","1.7","184","191","9:31","8:38","--","7","0.92","0.0","--","--","--","886","--","--","No","--:--:--","1","00:04:49","00:04:50.2","486","494"
Running,2018-11-15 06:33:54,false,"Covina Running","1.06","73","00:09:01.7","158","169","2.0","172","207","8:33","3:52","--","1","1.13","0.0","--","--","--","1,582","--","--","No","--:--:--","7","00:09:00","00:12:55","486","494"
Running,2018-11-15 06:26:42,false,"Covina Running","1.06","49","00:06:17.5","151","162","1.6","191","204","5:55","5:02","--","3","1.43","0.0","--","--","--","1,192","--","--","No","--:--:--","2","00:06:14","00:06:17.5","486","494"
Running,2018-11-15 06:07:58,false,"Covina Running","1.14","80","00:10:00","156","180","2.0","184","193","8:46","8:07","8","16","1.00","0.0","--","--","--","1,828","--","--","No","--:--:--","2","00:10:01","00:10:00","486","509"
Running,2018-11-14 06:07:34,false,"Covina Running","3.01","204","00:25:33","157","174","2.8","188","211","8:30","7:03","38","28","1.01","0.0","--","--","--","4,764","--","--","No","--:--:--","4","00:25:30","00:29:28","500","541"
Running,2018-11-13 15:50:46,false,"Covina Running","1.01","101","00:10:51","178","189","2.5","183","191","10:43","9:20","28","16","0.82","0.0","--","--","--","1,982","--","--","No","--:--:--","2","00:10:49","00:13:31","492","522"
Running,2018-11-13 14:55:58,false,"Covina Running","2.42","141","00:16:32","163","188","2.6","181","207","6:50","4:14","6","9","1.28","0.0","--","--","--","2,948","--","--","No","--:--:--","5","00:16:29","00:36:36","486","494"
Running,2018-11-13 14:37:03,false,"Covina Running","1.01","62","00:08:02.7","149","169","1.8","186","195","7:58","7:22","--","10","1.09","0.0","--","--","--","1,476","--","--","No","--:--:--","2","00:08:02","00:08:02.7","485","509"
Running,2018-11-12 08:19:51,false,"Covina Running","6.01","440","00:43:37","186","203","4.5","183","193","7:16","6:28","158","154","1.21","0.0","--","--","--","7,924","--","--","No","--:--:--","7","00:43:32","01:02:51","495","660"
Running,2018-11-10 09:16:10,false,"Riverside Running","1.02","85","00:09:42.8","161","180","2.1","174","181","9:30","8:07","--","--","0.97","0.0","--","--","--","1,672","--","--","No","--:--:--","2","00:09:38","00:12:45","817","820"
Running,2018-11-09 14:33:56,false,"Covina Running","2.00","133","00:16:41","150","162","2.2","180","191","8:19","7:39","16","24","1.07","0.0","--","--","--","3,010","--","--","No","--:--:--","3","00:16:40","00:16:41","485","509"
Running,2018-11-08 15:12:26,false,"Covina Running","0.52","42","00:04:55.5","159","170","1.6","178","188","9:29","8:56","--","--","0.95","0.0","--","--","--","876","--","--","No","--:--:--","1","00:04:52","00:04:55.5","486","494"
Running,2018-11-08 14:49:20,false,"Covina Running","1.57","92","00:12:10","149","168","2.0","179","216","7:45","3:12","3","5","1.16","0.0","--","--","--","2,080","--","--","No","--:--:--","12","00:12:08","00:18:32","486","494"
Running,2018-11-08 14:30:19,false,"Covina Running","2.01","118","00:16:13","141","155","1.9","184","193","8:05","7:10","14","23","1.08","0.0","--","--","--","2,974","--","--","No","--:--:--","3","00:16:12","00:16:13","485","509"
Running,2018-11-07 14:41:08,false,"Covina Running","4.17","187","00:32:49","131","146","1.6","185","218","7:52","4:20","102","94","1.10","0.0","--","--","--","6,002","--","--","No","--:--:--","5","00:32:47","01:00:00","443","509"
Running,2018-11-06 15:32:25,false,"Covina Running","1.01","98","00:10:43","163","181","2.2","167","187","10:38","8:27","29","10","0.91","0.0","--","--","--","1,902","--","--","No","--:--:--","2","00:10:41","00:13:20","492","522"
Running,2018-11-06 14:52:36,false,"Covina Running","3.53","214","00:24:04","164","190","3.0","183","209","6:49","3:50","10","15","1.26","0.0","--","--","--","4,320","--","--","No","--:--:--","7","00:23:59","00:29:19","486","495"
Running,2018-11-06 14:34:25,false,"Covina Running","1.01","68","00:08:16.7","150","159","1.8","181","189","8:11","7:34","2","16","1.09","0.0","--","--","--","1,492","--","--","No","--:--:--","2","00:08:17","00:08:16.7","485","509"
Running,2018-11-05 06:04:43,false,"Covina Running","5.47","339","00:37:53","166","195","3.5","186","197","6:56","6:03","180","177","1.25","0.0","--","--","--","7,002","--","--","No","--:--:--","6","00:37:48","00:50:23","443","584"
Running,2018-11-03 06:08:36,false,"Covina Running","8.09","524","01:03:53","157","178","3.2","183","201","7:54","6:03","371","358","1.11","0.0","--","--","--","11,502","--","--","No","--:--:--","9","01:03:48","01:19:12","502","703"
Running,2018-11-02 14:33:47,false,"Covina Running","5.61","360","00:44:36","156","175","3.0","183","240","7:57","6:56","167","178","1.11","0.0","--","--","--","8,086","--","--","No","--:--:--","6","00:44:31","00:54:58","486","635"
Running,2018-11-01 14:31:27,false,"Covina Running","5.44","341","00:41:42","158","180","3.1","184","197","7:40","6:29","184","177","1.14","0.0","--","--","--","7,608","--","--","No","--:--:--","6","00:41:32","01:02:25","443","584"
Running,2018-10-31 16:32:56,false,"San Dimas Running","1.08","96","00:10:07","176","184","2.4","182","193","9:20","8:36","79","56","0.95","0.0","--","--","--","1,830","--","--","No","--:--:--","2","00:10:06","00:10:42","940","1,005"
Running,2018-10-31 15:18:54,false,"San Dimas Running","2.98","189","00:19:03","184","197","3.2","187","199","6:24","4:01","237","238","1.35","0.0","--","--","--","3,544","--","--","No","--:--:--","3","00:19:03","01:13:12","939","1,054"
Running,2018-10-31 14:38:29,false,"San Dimas Running","1.05","89","00:09:31.0","171","184","2.2","180","189","9:05","8:32","133","132","0.98","0.0","--","--","--","1,712","--","--","No","--:--:--","2","00:09:31","00:09:31.0","949","1,014"
Running,2018-10-30 14:38:39,false,"Covina Running","2.52","147","00:20:06","145","163","2.1","181","191","7:58","7:08","16","27","1.11","0.0","--","--","--","3,642","--","--","No","--:--:--","3","00:20:05","00:44:24","485","509"
Running,2018-10-29 15:10:30,false,"Covina Running","1.00","84","00:09:56.8","155","164","2.0","181","191","9:54","2:06","26","16","0.90","0.0","--","--","--","1,794","--","--","No","--:--:--","2","00:09:56","00:12:35","492","522"
Running,2018-10-29 14:43:16,false,"Covina Running","1.57","90","00:11:32","154","175","2.1","181","229","7:22","3:21","5","5","1.19","0.0","--","--","--","2,012","--","--","No","--:--:--","12","00:11:29","00:18:41","486","494"
Running,2018-10-29 14:28:15,false,"Covina Running","1.01","71","00:08:30.9","154","162","1.9","182","189","8:27","7:22","--","17","1.05","0.0","--","--","--","1,490","--","--","No","--:--:--","2","00:08:30","00:08:30.9","486","509"
Running,2018-10-27 07:15:42,false,"Covina Running","7.52","444","00:57:25","154","181","3.1","184","201","7:38","6:05","351","353","1.15","0.0","--","--","--","10,448","--","--","No","--:--:--","8","00:57:17","01:14:42","443","638"
Running,2018-10-26 05:52:01,false,"Covina Running","3.58","248","00:31:42","151","176","2.8","182","201","8:51","7:18","77","91","1.00","0.0","--","--","--","5,730","--","--","No","--:--:--","4","00:31:41","00:38:00","486","561"
Running,2018-10-25 15:24:39,false,"Covina Running","2.00","151","00:18:48","152","163","2.3","183","195","9:23","8:00","16","48","0.94","0.0","--","--","--","3,400","--","--","No","--:--:--","3","00:18:45","00:21:35","502","561"
Running,2018-10-25 14:46:35,false,"3-mile tempo","2.99","161","00:19:04","160","173","2.6","188","195","6:22","5:07","43","42","1.34","0.0","--","--","--","3,548","--","--","No","--:--:--","3","00:19:03","00:19:04","522","541"
Running,2018-10-25 14:29:07,false,"Covina Running","1.02","68","00:08:40.3","150","168","1.8","185","191","8:31","7:32","38","--","1.02","0.0","--","--","--","1,578","--","--","No","--:--:--","2","00:08:35","00:09:56.2","500","541"
Running,2018-10-24 14:35:17,false,"Covina Running","6.07","376","00:47:45","159","188","3.2","183","193","7:52","6:42","201","196","1.12","0.0","--","--","--","8,626","--","--","No","--:--:--","7","00:47:39","01:02:48","496","637"
Running,2018-10-23 15:57:39,false,"Warmup & cooldown","4.01","171","00:35:59","164","187","2.8","181","189","8:58","8:33","38","36","0.89","0.0","--","--","--","3,604","--","--","No","--:--:--","3","00:20:00","00:24:49","500","541"
Running,2018-10-23 14:51:32,false,"16x400","4.26","169","00:21:02","166","205","2.8","190","246","4:56","4:16","7","9","1.71","0.0","--","--","--","3,642","--","--","No","--:--:--","17","00:20:56","00:52:46","486","494"
Running,2018-10-22 14:38:36,false,"Covina Running","4.01","251","00:31:40","162","190","3.3","182","194","7:53","6:35","79","88","1.12","0.0","--","--","--","5,732","--","--","No","--:--:--","5","00:31:39","00:53:13","443","509"
Running,2018-10-21 07:25:33,false,"San Dimas Running","7.19","547","00:57:16","181","207","5.0","186","206","7:58","6:20","603","647","1.09","0.0","--","--","--","10,540","--","--","No","--:--:--","8","00:57:13","01:07:34","929","1,076"
Running,2018-10-20 07:20:47,false,"Covina Running","8.01","502","01:05:31","159","183","3.2","185","197","8:11","6:13","340","344","1.06","0.0","--","--","--","12,016","--","--","No","--:--:--","9","01:05:19","01:21:58","443","637"
Running,2018-10-19 15:59:07,false,"Walnut Running","3.09","313","00:57:57","137","189","2.1","170","187","18:44","7:36","290","288","0.51","0.0","--","--","--","5,514","--","--","No","--:--:--","4","00:37:53","02:10:36","679","764"
Running,2018-10-18 14:51:50,false,"Covina Running","3.05","197","00:25:46","151","174","2.4","177","191","8:27","7:27","48","40","1.07","0.0","--","--","--","4,550","--","--","No","--:--:--","4","00:25:44","00:48:03","486","538"
Running,2018-10-17 14:32:31,false,"Covina Running","5.24","317","00:42:35","153","174","2.7","181","193","8:07","6:42","164","164","1.09","0.0","--","--","--","7,714","--","--","No","--:--:--","6","00:42:31","00:52:33","496","637"
Running,2018-10-16 15:41:46,false,"Warm up & cooldown","2.15","90","00:18:52","162","182","2.2","178","183","8:47","8:17","--","46","1.00","0.0","--","--","--","1,844","--","--","No","--:--:--","2","00:10:23","00:10:51","492","541"
Running,2018-10-16 14:59:43,false,"3xMile","2.98","138","00:17:24","160","187","2.5","188","196","5:50","4:59","32","42","1.46","0.0","--","--","--","3,182","--","--","No","--:--:--","4","00:17:19","00:33:19","522","542"
Running,2018-10-15 14:35:49,false,"Covina Running","7.53","418","01:00:08","153","177","3.2","180","191","7:59","6:47","70","78","1.12","0.0","--","--","--","10,764","--","--","No","--:--:--","8","01:00:04","01:33:55","443","502"
Running,2018-10-14 17:05:11,false,"San Dimas Running","4.03","323","00:36:05","176","190","3.7","180","191","8:58","7:49","292","270","1.00","0.0","--","--","--","6,474","--","--","No","--:--:--","5","00:35:59","00:43:44","937","1,058"
Running,2018-10-13 09:10:06,false,"Warm up + Cooldown","4.02","173","00:35:59","170","198","3.0","182","198","8:57","8:41","44","43","0.91","0.0","--","--","--","3,532","--","--","No","--:--:--","3","00:19:27","00:26:21","459","508"
Running,2018-10-13 08:08:25,false,"16x200","4.23","238","00:32:50","151","203","2.7","181","216","7:46","3:37","11","14","1.12","0.0","--","--","--","5,712","--","--","No","--:--:--","32","00:32:37","00:58:08","486","495"
Running,2018-10-12 07:51:57,false,"Covina Running","7.01","425","00:55:24","155","199","3.2","183","199","7:54","6:49","199","210","1.12","0.0","--","--","--","10,074","--","--","No","--:--:--","8","00:55:23","01:15:11","486","637"
Running,2018-10-11 14:43:19,false,"Forgot to stop my watch","5.44","383","00:50:09","157","178","3.3","175","185","9:13","6:59","52","65","1.00","0.0","--","--","--","8,268","--","--","No","--:--:--","6","00:47:13","01:17:32","486","509"
Running,2018-10-10 17:27:09,false,"San Dimas Running","3.01","215","00:28:10","151","169","2.4","182","197","9:22","7:30","176","172","0.95","0.0","--","--","--","5,094","--","--","No","--:--:--","4","00:28:08","00:35:00","941","1,017"
Running,2018-10-10 16:21:43,false,"San Dimas Running","3.03","192","00:20:09","181","191","3.2","185","244","6:38","4:23","355","364","1.31","0.0","--","--","--","3,724","--","--","No","--:--:--","4","00:20:08","00:20:09","942","1,074"
Running,2018-10-10 15:30:25,false,"San Dimas Running","1.08","85","00:10:24","155","179","2.1","180","187","9:38","8:21","13","28","0.93","0.0","--","--","--","1,854","--","--","No","--:--:--","2","00:10:21","00:14:07","946","1,005"
Running,2018-10-09 14:32:58,false,"Covina Running","3.01","188","00:24:00","153","168","2.6","182","191","7:58","7:04","44","51","1.11","0.0","--","--","--","4,352","--","--","No","--:--:--","4","00:24:00","00:25:18","477","509"
Running,2018-10-08 14:31:32,false,"Covina Running","6.01","356","00:46:34","157","184","3.1","180","193","7:45","6:40","159","165","1.15","0.0","--","--","--","8,376","--","--","No","--:--:--","7","00:46:30","01:24:28","495","660"
Running,2018-10-06 07:55:50,false,"Long run","12.01","786","01:39:42","163","190","3.6","183","207","8:18","6:05","1,382","1,378","1.06","0.0","--","--","--","18,122","--","--","No","--:--:--","13","01:39:35","02:19:07","443","1,191"
Running,2018-10-05 14:32:31,false,"Covina Running","3.27","243","00:27:04","174","191","3.3","181","189","8:16","7:03","38","46","1.08","0.0","--","--","--","4,834","--","--","No","--:--:--","4","00:26:53","00:34:12","486","541"
Running,2018-10-05 06:04:25,false,"Covina Running","5.10","348","00:38:59","172","203","3.8","186","205","7:39","6:17","163","165","1.13","0.0","--","--","--","7,152","--","--","No","--:--:--","6","00:38:55","00:45:04","492","637"
Running,2018-10-04 14:42:22,false,"Covina Running","4.01","139","00:33:04","118","161","1.3","180","187","8:15","7:49","58","67","1.08","0.0","--","--","--","5,944","--","--","No","--:--:--","5","00:33:05","00:33:05","476","509"
Running,2018-10-03 15:55:34,false,"Warmup & Cooldown","1.65","79","00:15:37","156","167","2.0","178","187","9:28","8:36","--","4","0.95","0.0","--","--","--","1,714","--","--","No","--:--:--","2","00:09:36","00:09:36.9","486","494"
Running,2018-10-03 15:17:55,false,"4x1200","3.23","128","00:16:27","152","184","2.2","192","206","5:06","4:25","9","9","1.65","0.0","--","--","--","3,126","--","--","No","--:--:--","4","00:16:25","00:33:27","486","494"
Running,2018-10-02 14:52:15,false,"Covina Running","6.00","292","00:52:39","140","175","2.1","180","240","8:46","7:32","171","173","1.01","0.0","--","--","--","8,864","--","--","No","--:--:--","6","00:49:15","01:20:50","495","661"
Running,2018-10-01 14:32:49,false,"Alfredo dead. ","10.00","648","01:27:40","157","177","3.1","180","201","8:46","4:16","641","642","1.02","0.0","--","--","--","15,570","--","--","No","--:--:--","11","01:27:33","02:37:33","443","707"
Running,2018-09-29 07:44:47,false,"Longest run ever pt 2","12.01","716","01:44:15","151","179","3.0","182","204","8:41","6:44","1,292","1,297","1.02","0.0","--","--","--","18,858","--","--","No","--:--:--","13","01:44:01","02:21:59","443","1,192"
Running,2018-09-28 14:29:52,false,"Covina Running","3.01","177","00:24:29","147","183","2.4","182","189","8:09","7:29","49","58","1.09","0.0","--","--","--","4,466","--","--","No","--:--:--","4","00:24:29","00:24:29","477","509"
Running,2018-09-28 06:02:34,false,"Covina Running","5.21","288","00:40:00","150","173","2.8","186","249","7:41","6:14","173","173","1.13","0.0","--","--","--","7,368","--","--","No","--:--:--","6","00:39:56","00:47:18","496","635"
Running,2018-09-27 06:48:28,false,"Warmup + cooldown","2.01","65","00:18:56","142","158","1.6","179","187","9:25","8:33","--","--","0.94","0.0","--","--","--","1,732","--","--","No","--:--:--","2","00:09:39","00:09:38.1","486","495"
Running,2018-09-27 06:07:37,false,"8x300 // 1 mile tempo","3.08","129","00:19:26","143","163","2.0","182","244","6:19","3:54","11","10","1.40","0.0","--","--","--","3,398","--","--","No","--:--:--","5","00:18:50","00:38:17","486","494"
Running,2018-09-26 14:32:35,false,"Covina Running","7.00","503","01:03:38","164","187","3.6","179","195","9:05","7:28","430","436","0.99","0.0","--","--","--","11,350","--","--","No","--:--:--","8","01:03:32","01:31:57","443","773"
Running,2018-09-25 16:25:19,false,"Cooldown","3.02","220","00:25:44","166","187","3.1","186","195","8:32","7:34","--","153","1.02","0.0","--","--","--","4,714","--","--","No","--:--:--","4","00:25:40","00:27:39","497","661"
Running,2018-09-25 15:23:16,false,"4x800 4x400","3.02","106","00:16:04","144","199","2.0","191","218","5:19","4:00","89","92","1.58","0.0","--","--","--","2,896","--","--","No","--:--:--","9","00:15:58","00:51:01","623","657"
Running,2018-09-25 14:41:26,false,"Warmup","3.01","171","00:24:35","145","168","2.2","179","187","8:10","7:18","158","--","1.10","0.0","--","--","--","4,380","--","--","No","--:--:--","4","00:24:33","00:26:12","502","661"
Running,2018-09-24 14:33:34,false,"Covina Running","6.55","441","00:52:28","167","195","3.8","182","195","8:01","6:02","629","639","1.11","0.0","--","--","--","9,504","--","--","No","--:--:--","7","00:52:26","02:03:16","443","833"
Running,2018-09-23 18:26:12,false,"San Dimas Running","6.45","478","00:57:03","165","182","3.7","178","189","8:51","7:16","539","543","1.02","0.0","--","--","--","10,136","--","--","No","--:--:--","7","00:57:02","01:02:15","938","1,077"
Running,2018-09-22 08:48:03,false,"Dana Point Running","3.00","205","00:30:11","147","187","2.2","180","193","10:03","8:32","404","405","0.89","0.0","--","--","--","5,340","--","--","No","--:--:--","4","00:29:50","04:00:36","176","307"
Running,2018-09-22 07:33:53,false,"Dana Point Running","1.39","95","00:12:24","150","168","2.1","183","191","8:53","7:59","54","35","0.99","0.0","--","--","--","2,252","--","--","No","--:--:--","2","00:12:22","00:12:24","285","327"
Running,2018-09-21 05:52:31,false,"Covina Running","3.01","118","00:24:58","123","145","1.3","182","193","8:17","6:12","54","60","1.07","0.0","--","--","--","4,532","--","--","No","--:--:--","4","00:24:59","00:59:42","476","509"
Running,2018-09-20 14:32:46,false,"Covina Running","7.51","466","01:01:38","157","185","3.3","181","231","8:13","6:57","307","312","1.09","0.0","--","--","--","11,034","--","--","No","--:--:--","8","01:01:26","01:58:11","443","633"
Running,2018-09-19 16:53:57,false,"San Dimas Running","3.08","215","00:30:06","148","167","2.3","178","191","9:45","7:13","160","162","0.93","0.0","--","--","--","5,320","--","--","No","--:--:--","4","00:30:04","00:50:44","941","1,017"
Running,2018-09-19 16:22:54,false,"San Dimas Running","3.00","183","00:19:52","179","195","3.2","188","208","6:37","4:33","231","231","1.30","0.0","--","--","--","3,708","--","--","No","--:--:--","4","00:19:51","00:19:52","941","1,047"
Running,2018-09-19 15:38:22,false,"San Dimas Running","1.02","67","00:09:00.8","147","159","1.8","179","183","8:51","8:16","61","69","1.02","0.0","--","--","--","1,610","--","--","No","--:--:--","2","00:08:59","00:09:21.5","946","1,007"
Running,2018-09-18 14:31:24,false,"Covina Running","3.01","196","00:24:50","158","185","2.9","181","191","8:16","6:32","36","43","1.07","0.0","--","--","--","4,500","--","--","No","--:--:--","4","00:24:46","01:01:16","477","509"
Running,2018-09-17 14:33:58,false,"Covina Running","7.36","495","01:04:26","160","187","3.0","179","198","8:45","4:43","765","758","1.03","0.0","--","--","--","11,358","--","--","No","--:--:--","8","01:04:02","01:39:51","443","833"
Running,2018-09-16 18:31:19,false,"San Dimas Running","6.66","409","01:00:43","148","180","2.4","175","185","9:07","8:00","525","440","1.01","0.0","--","--","--","10,602","--","--","No","--:--:--","7","01:00:42","01:06:21","941","1,075"
Running,2018-09-15 22:06:44,false,"Eastvale Running","1.19","82","00:13:04","134","163","1.5","175","183","10:58","8:36","--","--","0.84","0.0","--","--","--","2,286","--","--","No","--:--:--","2","00:13:06","00:13:25","586","591"
Running,2018-09-15 20:39:41,false,"Eastvale Running","1.15","102","00:12:25","156","168","2.2","176","191","10:47","9:22","--","--","0.85","0.0","--","--","--","2,156","--","--","No","--:--:--","2","00:12:19","00:14:01","584","592"
Running,2018-09-14 14:32:27,false,"Covina Running","3.01","202","00:25:01","156","170","2.6","179","185","8:19","7:10","39","39","1.08","0.0","--","--","--","4,438","--","--","No","--:--:--","4","00:24:58","00:30:53","495","541"
Running,2018-09-13 15:43:10,false,"Covina Running","3.57","246","00:30:19","156","194","2.9","179","193","8:30","7:56","73","67","1.06","0.0","--","--","--","5,422","--","--","No","--:--:--","4","00:30:21","00:31:37","476","509"
Running,2018-09-12 16:06:18,false,"Covina Running","1.01","79","00:08:50.0","170","188","2.2","179","185","8:47","7:34","--","43","1.03","0.0","--","--","--","1,568","--","--","No","--:--:--","2","00:08:49","00:09:10.2","499","541"
Running,2018-09-12 15:29:50,false,"Covina Running","3.96","235","00:26:52","165","185","3.1","178","197","6:47","4:42","43","38","1.33","0.0","--","--","--","4,720","--","--","No","--:--:--","4","00:26:51","00:26:52","522","541"
Running,2018-09-12 15:10:46,false,"Covina Running","1.01","67","00:08:24.5","151","175","1.8","177","185","8:22","7:20","39","--","1.09","0.0","--","--","--","1,472","--","--","No","--:--:--","2","00:08:24","00:09:14.4","502","541"
Running,2018-09-11 08:08:11,false,"Covina Running","5.40","352","00:40:40","166","187","3.6","183","199","7:32","6:19","188","184","1.17","0.0","--","--","--","7,392","--","--","No","--:--:--","6","00:40:43","00:53:00","443","584"
Running,2018-09-10 14:32:36,false,"Covina Running","6.41","504","00:57:17","166","188","3.6","176","204","8:56","4:54","757","767","1.02","0.0","--","--","--","9,900","--","--","No","--:--:--","7","00:57:06","01:35:26","443","621"
Running,2018-09-08 08:05:05,false,"Covina Running","8.01","451","01:01:39","150","187","3.1","186","231","7:42","6:03","302","312","1.13","0.0","--","--","--","11,292","--","--","No","--:--:--","9","01:01:14","01:24:36","486","702"
Running,2018-09-07 21:56:15,false,"Pasadena Running","2.14","156","00:23:46","137","166","1.9","169","177","11:08","9:29","73","76","0.85","0.0","--","--","--","4,014","--","--","No","--:--:--","3","00:23:45","00:24:01","858","908"
Running,2018-09-07 20:22:45,false,"Pasadena Running","1.24","102","00:12:48","150","165","2.1","170","181","10:19","8:13","30","27","0.92","0.0","--","--","--","2,154","--","--","No","--:--:--","2","00:12:44","00:20:17","857","888"
Running,2018-09-07 18:14:29,false,"Pasadena Running","0.82","67","00:07:43.0","158","169","2.0","191","204","9:25","7:25","12","--","0.89","0.0","--","--","--","1,458","--","--","No","--:--:--","1","00:07:37","00:08:49.2","857","882"
Running,2018-09-06 14:36:38,false,"Covina Running","3.01","194","00:24:57","149","176","2.4","175","181","8:18","7:41","32","41","1.11","0.0","--","--","--","4,358","--","--","No","--:--:--","4","00:24:56","00:24:57","486","509"
Running,2018-09-05 14:35:06,false,"Covina Running","6.61","422","00:50:50","160","179","3.3","181","195","7:42","5:22","265","274","1.16","0.0","--","--","--","9,118","--","--","No","--:--:--","7","00:50:46","01:14:12","443","638"
Running,2018-09-04 15:31:56,false,"Covina Running","2.55","205","00:22:21","169","187","3.0","179","191","8:45","7:26","26","66","1.02","0.0","--","--","--","3,958","--","--","No","--:--:--","3","00:22:10","00:34:39","496","570"
Running,2018-09-04 14:51:30,false,"Covina Running","3.71","254","00:28:04","165","190","3.2","177","196","7:34","4:43","--","3","1.20","0.0","--","--","--","4,952","--","--","No","--:--:--","4","00:28:03","00:28:04","531","538"
Running,2018-09-04 14:37:38,false,"Covina Running","1.02","68","00:07:58.3","159","182","2.0","179","187","7:51","7:05","39","--","1.15","0.0","--","--","--","1,416","--","--","No","--:--:--","2","00:07:59","00:08:26.6","502","541"
Running,2018-09-01 07:11:32,false,"Mt sac trails / Right side","10.06","613","01:18:25","160","180","3.4","182","246","7:48","5:15","1,316","1,315","1.13","0.0","--","--","--","14,260","--","--","No","--:--:--","11","01:18:16","01:57:37","443","1,190"
Running,2018-08-31 08:19:30,false,"D-Route","5.51","270","00:40:28","140","181","2.2","181","235","7:21","5:29","185","188","1.21","0.0","--","--","--","7,250","--","--","No","--:--:--","6","00:40:26","00:56:32","443","584"
Running,2018-08-30 15:46:24,false,"West Covina Running","1.57","118","00:13:52","157","184","2.3","178","189","8:49","7:19","52","13","1.02","0.0","--","--","--","2,466","--","--","No","--:--:--","2","00:13:49","00:14:44","443","509"
Running,2018-08-30 15:06:17,false,"West Covina Running","2.00","122","00:13:23","170","185","2.5","181","199","6:41","4:34","72","72","1.33","0.0","--","--","--","2,414","--","--","No","--:--:--","3","00:13:22","00:13:23","443","526"
Running,2018-08-30 14:43:45,false,"Covina Running","1.66","108","00:13:24","151","168","2.1","178","188","8:03","7:25","20","54","1.13","0.0","--","--","--","2,362","--","--","No","--:--:--","2","00:13:23","00:14:54","443","509"
Running,2018-08-29 14:34:09,false,"Covina Running","5.67","360","00:46:03","158","182","3.2","178","187","8:07","7:08","42","53","1.11","0.0","--","--","--","8,196","--","--","No","--:--:--","6","00:46:00","01:24:47","443","502"
Running,2018-08-28 15:09:06,false,"20x200","2.86","114","00:13:51","154","187","2.1","190","218","4:51","3:47","--","3","1.75","0.0","--","--","--","2,434","--","--","No","--:--:--","3","00:13:39","00:45:44","493","499"
Running,2018-08-28 14:46:06,false,"Warmup + Cooldown","4.01","142","00:36:56","155","185","2.4","182","189","9:13","7:54","26","26","1.05","0.0","--","--","--","3,070","--","--","No","--:--:--","3","00:16:56","00:16:58","486","509"
Running,2018-08-27 14:33:36,false,"Covina Running","7.01","481","00:57:10","159","186","3.4","180","193","8:09","7:00","107","113","1.09","0.0","--","--","--","10,230","--","--","No","--:--:--","8","00:57:04","01:41:23","486","557"
Running,2018-08-25 07:24:10,false,"Stark Trails ","9.01","544","01:01:47","165","199","4.0","186","197","6:51","5:30","347","362","1.26","0.0","--","--","--","11,352","--","--","No","--:--:--","10","01:01:42","01:14:16","443","639"
Running,2018-08-24 14:30:27,false,"Covina Running","4.01","245","00:31:54","151","164","2.6","180","191","7:58","7:14","84","92","1.12","0.0","--","--","--","5,716","--","--","No","--:--:--","5","00:31:53","00:52:56","443","509"
Running,2018-08-24 06:04:07,false,"Covina Running","4.01","216","00:34:13","137","160","2.1","183","193","8:33","6:49","49","61","1.03","0.0","--","--","--","6,246","--","--","No","--:--:--","5","00:34:13","00:34:16","476","509"
Running,2018-08-23 06:28:16,false,"Warmup&Cooldown","3.50","185","00:28:39","174","197","3.0","187","193","8:11","8:11","46","31","0.99","0.0","--","--","--","3,618","--","--","No","--:--:--","4","00:19:34","00:19:52","476","509"
Running,2018-08-23 06:04:57,false,"3-mile tempo","3.02","151","00:18:41","155","166","2.4","189","204","6:11","4:42","50","50","1.38","0.0","--","--","--","3,514","--","--","No","--:--:--","4","00:18:41","00:21:54","485","509"
Running,2018-08-22 16:09:46,false,"Cooldown","2.01","136","00:16:41","156","175","2.4","183","193","8:19","7:03","49","41","1.06","0.0","--","--","--","2,992","--","--","No","--:--:--","3","00:16:37","00:25:29","492","541"
Running,2018-08-22 14:44:34,false,"South Hills","5.01","321","00:38:57","163","186","3.3","181","244","7:46","6:49","161","171","1.15","0.0","--","--","--","6,962","--","--","No","--:--:--","6","00:38:57","00:50:52","443","567"
Running,2018-08-21 14:42:13,false,"Covina Running","6.01","385","00:48:26","161","183","3.2","181","201","8:03","4:44","60","70","1.10","0.0","--","--","--","8,718","--","--","No","--:--:--","7","00:48:22","01:11:21","486","542"
Running,2018-08-20 14:51:12,false,"Covina Running","7.01","475","00:58:19","163","188","3.4","179","213","8:19","3:55","177","187","1.08","0.0","--","--","--","10,354","--","--","No","--:--:--","8","00:58:05","01:34:52","486","639"
Running,2018-08-18 07:15:18,false,"Covina Running","4.01","305","00:33:59","168","191","3.5","183","201","8:28","7:41","56","68","1.04","0.0","--","--","--","6,200","--","--","No","--:--:--","5","00:33:58","00:41:30","486","561"
Running,2018-08-17 06:36:26,false,"6x800m-ish","3.14","147","00:17:41","156","179","2.4","185","235","5:38","4:24","3","--","1.55","0.0","--","--","--","3,196","--","--","No","--:--:--","6","00:17:31","00:42:16","490","502"
Running,2018-08-17 06:14:09,false,"Warmup & Cooldown","4.01","135","00:37:12","147","160","2.2","183","199","9:17","7:53","33","35","1.02","0.0","--","--","--","3,142","--","--","No","--:--:--","3","00:17:11","00:17:12","476","509"
Running,2018-08-16 06:16:06,false,"Covina Running","5.64","370","00:45:14","156","182","3.0","185","199","8:01","6:55","72","72","1.08","0.0","--","--","--","8,326","--","--","No","--:--:--","6","00:45:12","00:51:40","485","541"
Running,2018-08-15 18:02:48,false,"West Covina Running","2.01","131","00:16:01","152","166","2.3","185","195","7:59","7:23","2","--","1.09","0.0","--","--","--","2,968","--","--","No","--:--:--","3","00:16:01","00:16:01","443","453"
Running,2018-08-15 06:45:22,false,"Covina Running","6.50","416","00:53:29","156","188","3.0","183","197","8:13","7:05","309","304","1.07","0.0","--","--","--","9,682","--","--","No","--:--:--","7","00:53:22","01:07:27","443","633"
Running,2018-08-14 07:07:57,false,"West Covina Running","2.61","205","00:22:38","165","185","2.9","184","195","8:41","6:33","101","74","1.01","0.0","--","--","--","4,134","--","--","No","--:--:--","3","00:22:38","00:23:51","443","527"
Running,2018-08-14 06:34:59,false,"West Covina Running","3.10","167","00:19:48","159","187","2.6","187","207","6:23","4:28","97","100","1.35","0.0","--","--","--","3,630","--","--","No","--:--:--","4","00:19:48","00:19:48","443","527"
Running,2018-08-14 06:14:14,false,"Covina Running","1.61","106","00:12:59","156","184","2.2","183","197","8:05","7:40","21","59","1.09","0.0","--","--","--","2,362","--","--","No","--:--:--","2","00:13:01","00:13:20","443","509"
Running,2018-08-13 18:04:14,false,"West Covina Running","3.01","209","00:24:50","158","171","2.9","181","193","8:15","7:28","7","5","1.08","0.0","--","--","--","4,534","--","--","No","--:--:--","4","00:24:49","00:24:50","443","453"
Running,2018-08-13 06:24:05,false,"Covina Running","5.59","373","00:44:45","163","187","3.1","181","255","8:00","3:53","44","53","1.11","0.0","--","--","--","7,994","--","--","No","--:--:--","6","00:44:40","01:04:52","477","509"
Running,2018-08-11 06:25:55,false,"Mt sac trails is hard and hilly ","10.17","706","01:22:12","164","200","3.9","180","197","8:05","5:55","1,241","1,250","1.11","0.0","--","--","--","14,666","--","--","No","--:--:--","11","01:22:07","01:39:45","443","1,185"
Running,2018-08-10 06:31:56,false,"Covina Running","3.01","212","00:24:55","158","174","2.9","182","195","8:17","7:23","45","55","1.07","0.0","--","--","--","4,502","--","--","No","--:--:--","4","00:24:55","00:25:35","476","509"
Running,2018-08-09 17:05:54,false,"Walnut Running","6.02","397","00:49:47","157","186","3.0","178","191","8:17","5:39","866","835","1.09","0.0","--","--","--","8,786","--","--","No","--:--:--","7","00:49:45","02:07:28","643","766"
Running,2018-08-09 06:18:28,false,"Covina Running","5.09","249","00:37:47","140","192","2.7","188","197","7:25","6:20","168","176","1.16","0.0","--","--","--","6,982","--","--","No","--:--:--","6","00:37:44","00:42:16","492","638"
Running,2018-08-08 06:28:08,false,"Covina Running","6.01","422","00:48:04","165","195","3.3","183","197","8:00","6:30","168","184","1.10","0.0","--","--","--","8,742","--","--","No","--:--:--","7","00:48:04","01:01:48","443","584"
Running,2018-08-07 06:12:47,false,"Covina Running","6.01","383","00:50:17","150","182","2.8","181","197","8:22","4:42","47","81","1.06","0.0","--","--","--","9,070","--","--","No","--:--:--","7","00:50:10","01:45:21","486","541"
Running,2018-08-06 19:26:32,false,"West Covina Running","4.01","289","00:33:02","157","188","3.0","181","191","8:15","7:23","60","51","1.08","0.0","--","--","--","5,950","--","--","No","--:--:--","5","00:32:59","00:40:53","443","509"
Running,2018-08-06 06:38:22,false,"Covina Running","3.01","199","00:23:55","151","174","2.5","184","197","7:57","6:33","34","31","1.10","0.0","--","--","--","4,360","--","--","No","--:--:--","4","00:23:50","00:24:57","476","509"
Running,2018-08-04 06:25:50,false,"Covina Running","8.01","413","00:56:23","150","188","2.9","187","197","7:02","6:17","160","198","1.22","0.0","--","--","--","10,482","--","--","No","--:--:--","9","00:56:14","01:09:30","485","636"
Running,2018-08-03 06:29:17,false,"Covina Running","5.21","343","00:42:23","157","189","3.1","184","204","8:08","7:01","166","176","1.07","0.0","--","--","--","7,730","--","--","No","--:--:--","6","00:42:18","00:52:21","443","584"
Running,2018-08-02 13:06:48,false,"Covina Running","0.52","19","00:03:54.4","116","129","1.0","188","195","7:32","5:51","--","--","1.14","0.0","--","--","--","724","--","--","No","--:--:--","1","00:03:50","00:03:54.4","486","494"
Running,2018-08-02 06:12:17,false,"2 mile tempo 12:48","7.01","447","00:55:02","160","181","3.3","184","202","7:51","5:02","195","195","1.11","0.0","--","--","--","9,940","--","--","No","--:--:--","8","00:54:01","01:15:18","443","551"
Running,2018-08-01 18:03:04,false,"West Covina Running","3.02","217","00:25:05","162","189","3.0","180","199","8:19","7:12","10","12","1.08","0.0","--","--","--","4,492","--","--","No","--:--:--","4","00:25:05","00:26:37","436","453"
Running,2018-08-01 06:41:46,false,"Covina Running","5.01","341","00:39:36","166","197","3.3","183","195","7:55","7:16","79","76","1.11","0.0","--","--","--","7,198","--","--","No","--:--:--","6","00:39:34","00:55:10","476","542"
Running,2018-07-31 06:52:31,false,"Covina Running","0.73","46","00:06:03.8","145","186","1.5","182","199","8:21","7:33","--","36","1.06","0.0","--","--","--","1,074","--","--","No","--:--:--","1","00:05:54","00:06:52.0","502","538"
Running,2018-07-31 06:13:01,false,"Covina Running","1.61","115","00:13:53","154","165","2.2","180","194","8:36","7:32","40","7","1.04","0.0","--","--","--","2,488","--","--","No","--:--:--","2","00:13:53","00:14:13","501","542"
Running,2018-07-30 06:12:41,false,"Covina Running","3.02","219","00:25:41","158","180","2.9","179","187","8:30","8:00","44","52","1.06","0.0","--","--","--","4,614","--","--","No","--:--:--","4","00:25:41","00:25:41","476","509"
Running,2018-07-28 08:32:51,false,"Huntington Beach Running","8.02","540","01:07:41","155","185","3.3","179","193","8:26","6:52","31","44","1.07","0.0","--","--","--","12,088","--","--","No","--:--:--","9","01:07:39","01:17:55","--","28"
Running,2018-07-27 06:12:49,false,"Covina Running","5.05","324","00:41:44","152","185","2.7","185","230","8:16","6:55","99","108","1.05","0.0","--","--","--","7,576","--","--","No","--:--:--","6","00:41:16","00:52:27","443","509"
Running,2018-07-26 13:07:10,false,"Covina Running","1.50","97","00:12:05","151","174","2.1","183","193","8:03","7:02","--","4","1.09","0.0","--","--","--","2,202","--","--","No","--:--:--","2","00:12:06","00:12:05","486","494"
Running,2018-07-26 06:17:59,false,"Covina Running","7.01","412","00:54:19","158","189","3.1","186","199","7:45","5:36","344","344","1.11","0.0","--","--","--","9,918","--","--","No","--:--:--","8","00:54:11","01:22:15","443","698"
Running,2018-07-25 18:01:56,false,"West Covina Running","3.01","222","00:25:00","163","186","3.0","180","187","8:19","7:41","9","7","1.08","0.0","--","--","--","4,476","--","--","No","--:--:--","4","00:24:58","00:27:08","443","453"
Running,2018-07-25 06:16:15,false,"Covina Running","5.34","380","00:45:11","157","191","3.0","180","195","8:27","7:03","65","72","1.06","0.0","--","--","--","8,086","--","--","No","--:--:--","6","00:45:13","00:57:32","486","561"
Running,2018-07-24 06:29:10,false,"Comeout&support@chipotle5-9","6.01","353","00:40:46","165","181","3.4","188","198","6:47","6:04","185","194","1.26","0.0","--","--","--","7,608","--","--","No","--:--:--","7","00:40:41","00:53:19","485","637"
Running,2018-07-23 20:06:08,false,"Forgot to start watch","2.00","146","00:16:50","--","--","--","--","--","8:25","--","--","--","--","0.0","--","--","--","--","--","--","No","--:--:--","1","--:--:--","00:16:50","--","--"
Running,2018-07-23 06:48:15,false,"6x150","1.58","102","00:12:30","151","174","2.0","174","244","7:56","4:00","7","7","1.17","0.0","--","--","--","2,196","--","--","No","--:--:--","2","00:12:28","00:17:52","486","494"
Running,2018-07-23 06:11:39,false,"Warmup & Cooldown","5.01","207","00:44:07","150","179","2.5","179","189","8:48","7:47","49","61","1.03","0.0","--","--","--","4,686","--","--","No","--:--:--","4","00:26:10","00:26:10","476","509"
Running,2018-07-21 06:12:30,false,"Stark Trails","8.01","538","00:58:03","171","193","4.2","184","197","7:15","6:09","317","327","1.19","0.0","--","--","--","10,720","--","--","No","--:--:--","9","00:58:01","01:13:09","443","637"
Running,2018-07-20 06:12:57,false,"Covina Running","2.01","134","00:16:40","150","187","2.2","180","193","8:18","7:30","25","34","1.08","0.0","--","--","--","3,002","--","--","No","--:--:--","3","00:16:40","00:16:40","476","509"
Running,2018-07-19 13:05:51,false,"Covina Running","0.52","29","00:04:06.4","139","154","1.2","180","189","7:54","7:36","--","--","1.13","0.0","--","--","--","732","--","--","No","--:--:--","1","00:04:04","00:04:06.4","486","494"
Running,2018-07-19 06:08:06,false,"Covina Running","7.01","488","00:54:25","168","195","3.8","186","199","7:46","5:11","440","432","1.11","0.0","--","--","--","10,064","--","--","No","--:--:--","8","00:54:23","01:15:21","443","772"
Running,2018-07-18 18:00:16,false,"West Covina Running","3.01","191","00:25:15","148","167","2.2","180","187","8:24","7:58","23","21","1.07","0.0","--","--","--","4,502","--","--","No","--:--:--","4","00:25:14","00:26:24","420","453"
Running,2018-07-18 06:18:08,false,"Covina Running","5.00","315","00:41:05","150","178","2.7","183","195","8:13","7:11","64","63","1.07","0.0","--","--","--","7,458","--","--","No","--:--:--","6","00:41:04","00:48:09","493","557"
Running,2018-07-17 06:13:09,false,"Covina Running","6.01","365","00:41:54","169","183","3.6","187","197","6:59","5:38","164","173","1.24","0.0","--","--","--","7,718","--","--","No","--:--:--","7","00:41:46","00:52:07","485","636"
Running,2018-07-16 18:02:05,false,"West Covina Running","3.01","207","00:23:34","168","182","3.0","178","185","7:50","7:02","26","27","1.15","0.0","--","--","--","4,188","--","--","No","--:--:--","4","00:23:33","00:25:21","420","453"
Running,2018-07-16 06:36:48,false,"6x150","1.56","119","00:13:05","168","181","2.5","176","218","8:23","3:50","--","4","1.09","0.0","--","--","--","2,288","--","--","No","--:--:--","2","00:12:59","00:18:27","486","494"
Running,2018-07-16 06:17:35,false,"Warmup & Cooldown","4.01","144","00:35:37","161","175","2.6","182","191","8:53","7:49","34","35","1.07","0.0","--","--","--","3,006","--","--","No","--:--:--","3","00:16:37","00:16:37","476","509"
Running,2018-07-13 05:55:22,false,"Covina Running","6.50","450","00:49:18","171","194","3.8","183","204","7:35","6:40","85","84","1.16","0.0","--","--","--","8,954","--","--","No","--:--:--","7","00:49:12","00:55:42","485","542"
Running,2018-07-12 13:05:26,false,"Covina Running","1.05","67","00:08:18.1","152","169","1.9","181","189","7:54","7:19","--","3","1.12","0.0","--","--","--","1,492","--","--","No","--:--:--","2","00:08:17","00:11:41","486","494"
Running,2018-07-12 05:58:15,false,"Covina Running","3.01","191","00:23:51","153","169","2.6","181","189","7:55","7:03","40","52","1.12","0.0","--","--","--","4,304","--","--","No","--:--:--","4","00:23:48","00:27:16","485","548"
Running,2018-07-11 18:00:40,false,"West Covina Running","3.01","210","00:25:36","156","183","2.8","177","183","8:30","6:41","23","28","1.07","0.0","--","--","--","4,500","--","--","No","--:--:--","4","00:25:34","00:26:49","419","453"
Running,2018-07-11 05:58:49,false,"Covina Running","4.01","262","00:31:22","160","179","3.1","181","196","7:49","6:41","66","78","1.14","0.0","--","--","--","5,644","--","--","No","--:--:--","5","00:31:20","00:35:20","463","531"
Running,2018-07-10 13:04:24,false,"Covina Running","1.01","64","00:08:22.0","150","169","1.8","181","187","8:18","7:28","--","6","1.07","0.0","--","--","--","1,504","--","--","No","--:--:--","2","00:08:21","00:08:22.0","486","494"
Running,2018-07-10 05:59:19,false,"Covina Running","5.01","324","00:41:37","158","184","3.0","180","189","8:19","7:21","43","29","1.08","0.0","--","--","--","7,454","--","--","No","--:--:--","6","00:41:34","00:56:41","501","541"
Running,2018-07-09 18:00:35,false,"West Covina Running","3.01","201","00:24:10","162","181","3.0","177","183","8:02","7:04","--","7","1.13","0.0","--","--","--","4,270","--","--","No","--:--:--","4","00:24:09","00:26:14","440","453"
Running,2018-07-09 06:38:58,false,"6x150","1.60","116","00:12:49","169","186","2.4","172","218","8:01","3:18","2","6","1.16","0.0","--","--","--","2,212","--","--","No","--:--:--","2","00:12:48","00:19:50","486","494"
Running,2018-07-09 06:07:16,false,"Warmup & cooldown","4.50","161","00:41:36","156","179","2.6","184","195","9:15","7:08","32","41","1.12","0.0","--","--","--","3,580","--","--","No","--:--:--","3","00:19:35","00:19:36","477","509"
Running,2018-07-07 06:15:02,false,"Covina Running","6.66","483","00:51:46","176","198","4.1","181","199","7:46","6:04","322","314","1.14","0.0","--","--","--","9,342","--","--","No","--:--:--","7","00:51:41","01:08:54","443","633"
Running,2018-07-06 06:00:21,false,"Covina Running","5.10","327","00:36:59","167","194","3.5","182","195","7:15","5:42","82","82","1.22","0.0","--","--","--","6,692","--","--","No","--:--:--","6","00:36:57","00:47:29","443","509"
Running,2018-07-05 13:02:44,false,"Covina Running","1.01","63","00:07:54.2","154","182","2.0","184","191","7:50","7:11","--","5","1.12","0.0","--","--","--","1,446","--","--","No","--:--:--","2","00:07:55","00:09:19.7","486","494"
Running,2018-07-04 07:17:50,false,"Covina Running","5.23","354","00:40:51","165","184","3.5","180","189","7:49","6:47","156","155","1.14","0.0","--","--","--","7,322","--","--","No","--:--:--","6","00:40:49","00:47:06","496","637"
Running,2018-07-03 13:04:40,false,"Covina Running","1.51","101","00:12:22","154","171","2.2","178","183","8:11","7:10","5","6","1.11","0.0","--","--","--","2,194","--","--","No","--:--:--","2","00:12:23","00:12:22","486","494"
Running,2018-07-03 06:39:55,false,"Covina Park","4.02","288","00:34:37","--","--","--","--","--","8:37","--","--","--","--","0.0","--","--","--","--","--","--","No","--:--:--","1","--:--:--","00:34:37","--","--"
Running,2018-07-02 18:01:17,false,"West Covina Running","2.49","185","00:20:20","170","183","3.1","177","187","8:10","7:01","--","--","1.11","0.0","--","--","--","3,606","--","--","No","--:--:--","3","00:20:17","00:20:26","441","453"
Running,2018-07-02 05:59:29,false,"Covina Running","4.24","275","00:30:26","172","193","3.6","183","204","7:10","5:29","130","132","1.23","0.0","--","--","--","5,530","--","--","No","--:--:--","5","00:30:23","00:41:03","443","527"
Running,2018-06-30 06:13:22,false,"Covina Running","3.30","217","00:27:01","154","166","3.0","179","191","8:11","6:55","81","74","1.10","0.0","--","--","--","4,772","--","--","No","--:--:--","4","00:26:55","00:31:42","501","597"
Running,2018-06-29 05:53:57,false,"Covina Running","3.01","194","00:23:07","161","190","3.1","180","191","7:42","6:25","47","39","1.16","0.0","--","--","--","4,180","--","--","No","--:--:--","4","00:23:05","00:31:01","499","542"
Running,2018-06-28 13:04:53,false,"Covina Running","2.00","137","00:15:56","165","184","3.0","181","189","7:57","7:20","5","4","1.12","0.0","--","--","--","2,876","--","--","No","--:--:--","3","00:15:52","00:16:00","486","494"
Running,2018-06-28 05:52:37,false,"Covina Running","3.82","258","00:28:36","173","192","3.9","181","191","7:29","6:29","82","85","1.19","0.0","--","--","--","5,160","--","--","No","--:--:--","4","00:28:32","00:34:33","413","502"
Running,2018-06-27 17:58:33,false,"West Covina Running","1.00","65","00:08:11.2","155","181","2.2","180","187","8:10","7:32","7","--","1.09","0.0","--","--","--","1,474","--","--","No","--:--:--","2","00:08:10","00:08:11.2","444","453"
Running,2018-06-27 05:55:41,false,"forgot to stop my watch smh ","3.04","238","00:26:31","172","187","3.7","177","191","8:44","6:13","51","50","1.04","0.0","--","--","--","4,364","--","--","No","--:--:--","4","00:24:18","00:32:27","501","541"
Running,2018-06-26 13:05:41,false,"Covina Running","3.00","211","00:24:37","164","185","3.3","180","187","8:12","7:25","21","21","1.09","0.0","--","--","--","4,402","--","--","No","--:--:--","4","00:24:35","00:28:49","477","509"
Running,2018-06-26 05:56:52,false,"Covina Running","4.05","254","00:31:56","157","180","3.3","182","195","7:53","6:28","138","132","1.12","0.0","--","--","--","5,800","--","--","No","--:--:--","5","00:31:57","00:45:36","443","530"
Running,2018-06-25 18:01:51,false,"Recovery fun run ","1.53","106","00:12:34","164","179","2.7","181","189","8:12","7:29","--","--","1.08","0.0","--","--","--","2,266","--","--","No","--:--:--","2","00:12:33","00:12:34","444","453"
Running,2018-06-25 05:59:29,false,"South Hills ","5.22","225","00:39:43","135","148","2.1","180","241","7:37","6:21","168","161","1.18","0.0","--","--","--","7,146","--","--","No","--:--:--","6","00:39:44","00:53:00","443","567"
Running,2018-06-24 16:58:21,false,"West Covina Running","3.00","203","00:23:25","169","186","3.4","176","183","7:48","6:58","33","35","1.17","0.0","--","--","--","4,066","--","--","No","--:--:--","4","00:23:19","00:30:01","443","472"
Running,2018-06-23 07:01:31,false,"Covina Running","3.01","195","00:25:21","153","180","3.0","176","187","8:26","7:09","46","49","1.08","0.0","--","--","--","4,448","--","--","No","--:--:--","4","00:25:18","00:33:21","486","541"
Running,2018-06-22 06:12:11,false,"Covina Running","2.01","138","00:16:56","161","185","3.0","177","183","8:26","8:02","27","30","1.08","0.0","--","--","--","2,996","--","--","No","--:--:--","3","00:16:55","00:16:56","476","509"
Running,2018-06-21 18:20:19,false,"West Covina Running","2.01","146","00:17:14","164","182","3.0","174","179","8:35","7:56","7","14","1.08","0.0","--","--","--","2,976","--","--","No","--:--:--","3","00:17:15","00:18:22","443","462"
Running,2018-06-13 06:43:28,false,"Covina Running","2.01","115","00:15:48","148","186","2.4","178","185","7:52","6:59","28","27","1.15","0.0","--","--","--","2,808","--","--","No","--:--:--","3","00:15:48","00:15:48","476","509"
Running,2018-06-12 06:44:41,false,"Covina Running","2.01","115","00:15:56","148","171","2.4","178","185","7:57","7:20","31","34","1.14","0.0","--","--","--","2,838","--","--","No","--:--:--","3","00:15:56","00:15:56","485","509"
Running,2018-06-11 06:44:50,false,"Covina Running","2.01","150","00:16:36","179","193","3.0","179","186","8:16","6:28","16","18","1.09","0.0","--","--","--","2,964","--","--","No","--:--:--","3","00:16:36","00:16:36","485","509"
Running,2018-05-19 12:49:41,false,"CIF Finals","7.37","417","01:38:02","122","178","2.7","160","187","13:18","5:39","27","24","0.45","0.0","--","--","--","7,528","--","--","No","--:--:--","5","00:51:24","05:12:13","33","49"
Running,2018-05-18 14:51:46,false,"Covina Running","3.02","208","00:25:34","159","186","2.8","179","185","8:28","8:00","45","52","1.06","0.0","--","--","--","4,556","--","--","No","--:--:--","4","00:25:33","00:26:36","477","509"
Running,2018-05-17 14:43:44,false,"Covina Running","3.01","194","00:25:04","154","186","2.7","176","183","8:19","7:44","59","68","1.10","0.0","--","--","--","4,398","--","--","No","--:--:--","4","00:25:03","00:27:46","476","509"
Running,2018-05-16 06:51:41,false,"Warmup & Cooldown","2.01","87","00:19:37","157","177","2.1","172","183","9:46","9:41","10","13","0.89","0.0","--","--","--","1,812","--","--","No","--:--:--","2","00:10:36","00:10:37","476","494"
Running,2018-05-16 06:33:23,false,"2x400 + 3x150","1.23","54","00:08:27.8","135","158","1.5","179","231","6:52","3:14","--","3","1.27","0.0","--","--","--","1,382","--","--","No","--:--:--","3","00:08:28","00:15:46","486","494"
Running,2018-05-15 14:46:51,false,"Covina Running","5.02","303","00:41:31","151","172","2.8","174","185","8:16","7:20","76","85","1.12","0.0","--","--","--","7,190","--","--","No","--:--:--","6","00:41:21","00:44:53","423","499"
Running,2018-05-14 15:20:52,false,"Covina Running","2.00","173","00:19:52","166","178","2.8","176","181","9:55","9:13","32","32","0.92","0.0","--","--","--","3,486","--","--","No","--:--:--","3","00:19:51","00:20:18","476","509"
Running,2018-05-14 14:56:22,false,"Covina Running","2.16","88","00:10:33","164","181","2.2","191","204","4:54","4:16","13","13","1.73","0.0","--","--","--","1,940","--","--","No","--:--:--","5","00:10:29","00:20:03","486","494"
Running,2018-05-14 14:32:40,false,"Covina Running","2.01","132","00:16:46","156","181","2.4","177","183","8:22","7:50","30","34","1.09","0.0","--","--","--","2,958","--","--","No","--:--:--","3","00:16:44","00:16:46","485","509"
Running,2018-05-12 11:50:42,false,"CIF prelims ","7.47","295","00:40:07","152","175","2.6","177","185","5:22","7:32","7","7","1.01","0.0","--","--","--","7,074","--","--","No","--:--:--","5","00:40:03","05:07:05","78","82"
Running,2018-05-11 14:37:02,false,"Covina Running","3.01","182","00:24:06","153","164","2.6","181","187","8:01","7:35","31","36","1.11","0.0","--","--","--","4,360","--","--","No","--:--:--","4","00:24:07","00:24:06","485","509"
Running,2018-05-10 15:09:18,false,"San Dimas Running","4.21","269","00:33:07","165","190","3.3","181","193","7:51","6:17","344","355","1.13","0.0","--","--","--","5,980","--","--","No","--:--:--","5","00:33:04","00:35:06","1,073","1,264"
Running,2018-05-09 06:32:37,false,"8x200","2.02","134","00:17:43","157","181","2.4","175","244","8:46","3:33","9","5","1.04","0.0","--","--","--","2,634","--","--","No","--:--:--","15","00:15:56","00:30:39","486","495"
Running,2018-05-09 06:05:18,false,"Warmup & Cooldown","3.01","121","00:27:54","141","167","2.0","184","195","9:16","8:09","32","29","0.98","0.0","--","--","--","3,280","--","--","No","--:--:--","3","00:17:54","00:17:54","485","509"
Running,2018-05-08 14:50:50,false,"San Dimas Running","6.01","437","00:49:41","171","186","3.9","180","193","8:16","5:53","426","429","1.08","0.0","--","--","--","8,932","--","--","No","--:--:--","7","00:49:39","00:51:08","928","1,093"
Running,2018-05-07 06:51:47,false,"Covina Running","2.01","169","00:18:48","170","188","2.9","179","189","9:20","8:09","25","27","0.96","0.0","--","--","--","3,348","--","--","No","--:--:--","3","00:18:46","00:19:03","476","509"
Running,2018-05-07 06:29:13,false,"400-800-300","1.02","26","00:04:26.9","133","157","1.2","197","246","4:22","3:57","--","3","1.87","0.0","--","--","--","844","--","--","No","--:--:--","4","00:04:24","00:14:56","486","494"
Running,2018-05-07 06:05:50,false,"Covina Running","1.01","66","00:08:52.5","145","159","1.7","182","187","8:50","8:20","14","17","1.00","0.0","--","--","--","1,610","--","--","No","--:--:--","2","00:08:52","00:08:52.5","485","509"
Running,2018-05-05 07:52:15,false,"Longest run ever","12.01","800","01:38:26","164","188","3.6","182","197","8:12","6:28","364","361","1.08","0.0","--","--","--","17,752","--","--","No","--:--:--","13","01:38:18","02:03:35","497","573"
Running,2018-05-04 14:35:18,false,"Covina Running","6.01","435","00:49:30","166","186","3.7","182","191","8:14","7:17","195","201","1.07","0.0","--","--","--","8,922","--","--","No","--:--:--","7","00:49:25","00:59:12","486","638"
Running,2018-05-03 14:44:56,false,"League Finals","6.20","250","00:31:06","156","184","2.5","176","185","5:01","6:46","19","16","0.88","0.0","--","--","--","5,316","--","--","No","--:--:--","4","00:30:06","03:44:37","840","853"
Running,2018-05-02 14:45:08,false,"Covina Running","3.01","191","00:22:49","155","172","2.7","182","195","7:36","5:39","19","19","1.16","0.0","--","--","--","4,138","--","--","No","--:--:--","4","00:22:49","00:35:42","485","509"
Running,2018-05-01 14:43:14,false,"San Dimas Running","7.02","495","00:56:04","164","188","3.7","180","206","7:59","4:33","103","107","1.12","0.0","--","--","--","9,918","--","--","No","--:--:--","8","00:55:51","02:16:33","840","928"
Running,2018-04-30 14:28:36,false,"Covina Running","6.01","382","00:44:22","162","193","3.4","181","193","7:23","6:26","81","88","1.21","0.0","--","--","--","7,970","--","--","No","--:--:--","7","00:44:19","00:55:12","486","557"
Running,2018-04-29 16:10:05,false,"West Covina Running","4.51","262","00:36:23","147","162","2.3","180","187","8:04","7:05","59","61","1.11","0.0","--","--","--","6,524","--","--","No","--:--:--","5","00:36:17","00:45:23","443","509"
Running,2018-04-28 09:07:13,false,"Cool down","2.01","170","00:19:10","165","181","2.7","181","195","9:33","8:41","29","24","0.93","0.0","--","--","--","3,458","--","--","No","--:--:--","3","00:19:09","00:19:10","476","509"
Running,2018-04-28 08:33:29,false,"8x400 ","2.13","74","00:09:42.3","152","179","2.0","192","235","4:34","3:59","3","3","1.84","0.0","--","--","--","1,658","--","--","No","--:--:--","8","00:09:38","00:25:06","486","494"
Running,2018-04-28 08:05:19,false,"Warm up","2.01","142","00:17:03","155","176","2.4","181","202","8:29","7:17","45","31","1.05","0.0","--","--","--","3,082","--","--","No","--:--:--","3","00:17:01","00:17:03","477","509"
Running,2018-04-27 14:36:20,false,"Stark Trails","8.01","523","00:58:47","168","185","3.8","184","195","7:20","6:16","330","340","1.19","0.0","--","--","--","10,696","--","--","No","--:--:--","9","00:58:45","01:20:30","443","637"
Running,2018-04-26 14:39:02,false,"Covina Running","6.01","403","00:50:18","154","176","3.1","179","195","8:22","6:36","52","51","1.08","0.0","--","--","--","8,954","--","--","No","--:--:--","7","00:50:13","01:16:40","440","499"
Running,2018-04-25 14:50:10,false,"Alfredo very tired","7.50","420","00:50:42","160","187","3.3","179","197","6:46","4:53","14","15","1.06","0.0","--","--","--","8,952","--","--","No","--:--:--","7","00:50:16","03:42:19","509","526"
Running,2018-04-24 15:02:29,false,"Covina Running","2.12","149","00:16:43","163","182","2.6","180","191","7:53","7:18","6","6","1.13","0.0","--","--","--","3,002","--","--","No","--:--:--","3","00:16:44","00:55:43","486","494"
Running,2018-04-23 14:52:25,false,"Covina Running","0.76","49","00:06:05.0","149","168","1.6","182","191","8:00","5:59","--","--","1.11","0.0","--","--","--","1,100","--","--","No","--:--:--","1","00:05:58","00:27:13","486","500"
Running,2018-04-23 05:51:40,false,"Starks House","5.25","327","00:37:11","165","205","3.5","184","196","7:05","6:09","181","178","1.24","0.0","--","--","--","6,760","--","--","No","--:--:--","6","00:37:05","00:44:56","497","637"
Running,2018-04-20 17:02:27,false,"Los Angeles County Running","6.00","268","00:37:13","147","175","2.3","179","189","6:12","7:49","--","--","0.97","0.0","--","--","--","6,616","--","--","No","--:--:--","5","00:37:12","04:34:15","39","46"
Running,2018-04-19 14:38:58,false,"Wilson meet","3.00","211","00:25:17","158","199","2.8","177","198","8:25","4:04","33","41","1.08","0.0","--","--","--","4,374","--","--","No","--:--:--","4","00:25:13","03:55:29","400","415"
Running,2018-04-17 14:42:02,false,"Covina Running","7.01","429","00:53:14","156","198","3.1","186","195","7:36","6:35","13","16","1.14","0.0","--","--","--","9,802","--","--","No","--:--:--","8","00:53:11","01:38:54","486","495"
Running,2018-04-16 14:53:34,false,"Starks House","6.11","355","00:42:59","160","192","3.4","184","193","7:02","6:03","185","192","1.24","0.0","--","--","--","7,866","--","--","No","--:--:--","7","00:42:57","01:04:54","485","638"
Running,2018-04-15 13:04:46,false,"West Covina Running","5.57","340","00:43:56","152","164","3.0","184","193","7:53","7:00","33","33","1.11","0.0","--","--","--","7,946","--","--","No","--:--:--","6","00:43:55","00:46:34","459","494"
Running,2018-04-14 11:51:24,false,"San Dimas Running","4.01","288","00:36:56","154","189","2.6","178","204","9:13","7:10","3","3","0.98","0.0","--","--","--","6,558","--","--","No","--:--:--","5","00:36:53","03:48:27","840","849"
Running,2018-04-13 14:34:50,false,"Covina Running","3.73","249","00:30:06","156","180","3.0","177","185","8:04","6:32","45","50","1.12","0.0","--","--","--","5,326","--","--","No","--:--:--","4","00:30:02","00:51:11","476","509"
Running,2018-04-12 14:38:25,false,"Covina Running","2.51","171","00:22:28","147","163","2.2","180","249","8:58","3:28","20","16","1.00","0.0","--","--","--","3,728","--","--","No","--:--:--","3","00:21:37","00:53:16","477","496"
Running,2018-04-12 06:25:57,false,"400-800x2","1.58","66","00:07:32.8","163","195","2.0","198","207","4:46","4:07","7","7","1.71","0.0","--","--","--","1,458","--","--","No","--:--:--","5","00:07:28","00:18:39","486","494"
Running,2018-04-12 06:03:36,false,"2 mile tempo","2.17","114","00:12:49","164","187","2.4","187","201","5:55","4:59","--","3","1.46","0.0","--","--","--","2,364","--","--","No","--:--:--","3","00:12:48","00:12:49","486","494"
Running,2018-04-12 05:51:08,false,"Warmup & Cooldown","2.00","66","00:18:45","144","154","1.6","184","191","9:22","7:05","16","16","1.01","0.0","--","--","--","1,588","--","--","No","--:--:--","2","00:08:44","00:08:44.9","485","509"
Running,2018-04-11 14:41:01,false,"Cortez Park","6.01","381","00:44:24","163","195","3.4","180","191","7:24","6:02","78","80","1.21","0.0","--","--","--","7,954","--","--","No","--:--:--","7","00:44:15","01:24:56","443","496"
Running,2018-04-10 14:46:25,false,"Baldwin Park meet ","8.01","508","00:56:39","173","199","3.9","185","232","7:05","5:23","56","52","1.23","0.0","--","--","--","10,374","--","--","No","--:--:--","9","00:56:36","02:56:15","498","531"
Running,2018-04-09 14:47:18,false,"SO. HOT. ","2.01","136","00:15:53","163","187","2.6","183","193","7:55","6:52","20","19","1.11","0.0","--","--","--","2,898","--","--","No","--:--:--","3","00:15:51","00:34:40","486","502"
Running,2018-04-09 05:52:19,false,"Covina Running","6.01","381","00:44:16","165","181","3.6","184","191","7:22","6:54","65","74","1.19","0.0","--","--","--","8,090","--","--","No","--:--:--","7","00:44:16","00:44:22","486","541"
Running,2018-04-07 13:20:35,false,"Arcadia Running","2.02","139","00:17:48","153","175","2.3","176","185","8:50","7:33","2","--","1.04","0.0","--","--","--","3,170","--","--","No","--:--:--","3","00:17:48","01:27:49","436","440"
Running,2018-04-06 20:11:37,false,"Arcadia Running","2.65","186","00:24:04","153","171","2.4","175","185","9:05","3:10","8","6","1.01","0.0","--","--","--","4,176","--","--","No","--:--:--","3","00:24:00","03:39:55","431","460"
Running,2018-04-05 08:08:52,false,"Covina Running","2.05","89","00:17:35","123","148","1.3","178","185","8:36","7:10","--","4","1.05","0.0","--","--","--","3,124","--","--","No","--:--:--","3","00:17:33","01:15:14","486","494"
Running,2018-04-04 07:59:34,false,"Cool-down","2.01","157","00:18:58","156","187","2.5","176","183","9:27","8:29","16","16","0.97","0.0","--","--","--","3,334","--","--","No","--:--:--","3","00:18:52","00:19:49","485","509"
Running,2018-04-04 07:41:33,false,"400-400-400-300","1.00","35","00:04:30.4","148","163","1.4","186","218","4:30","3:54","--","3","1.93","0.0","--","--","--","788","--","--","No","--:--:--","4","00:04:30","00:07:57.2","486","493"
Running,2018-04-04 07:10:49,false,"Warm-up","2.00","129","00:16:47","148","162","2.2","181","189","8:23","7:41","29","30","1.06","0.0","--","--","--","3,028","--","--","No","--:--:--","3","00:16:43","00:16:47","485","509"
Running,2018-04-03 08:50:19,false,"Starks house","7.01","479","00:55:31","164","202","3.8","183","191","7:56","6:38","188","196","1.11","0.0","--","--","--","10,082","--","--","No","--:--:--","8","00:55:17","01:13:47","486","637"
Running,2018-04-02 07:09:26,false,"Warmup-16x200-cooldown","7.03","369","00:58:46","144","165","2.3","178","235","8:21","3:48","27","30","1.09","0.0","--","--","--","10,346","--","--","No","--:--:--","36","00:58:37","01:46:34","485","509"
Running,2018-03-31 08:55:06,false,"Covina Running","0.92","71","00:08:21.2","156","174","2.0","177","185","9:06","8:07","--","--","1.00","0.0","--","--","--","1,468","--","--","No","--:--:--","1","00:08:14","00:09:03.1","520","525"
Running,2018-03-30 12:32:51,false,"Covina Running","3.01","203","00:25:10","152","171","2.6","180","189","8:22","6:11","43","41","1.07","0.0","--","--","--","4,492","--","--","No","--:--:--","4","00:25:10","00:44:31","518","548"
Running,2018-03-29 14:35:22,false,"Covina Running","2.54","171","00:21:17","151","169","2.5","179","185","8:23","7:42","32","31","1.07","0.0","--","--","--","3,826","--","--","No","--:--:--","3","00:21:19","00:38:32","485","509"
Running,2018-03-28 14:40:55,false,"Covina Running","5.01","303","00:41:50","146","161","2.4","179","187","8:21","7:32","45","43","1.08","0.0","--","--","--","7,466","--","--","No","--:--:--","6","00:41:47","01:08:00","477","509"
Running,2018-03-27 14:52:51,false,"Northview meet ","5.00","289","00:39:14","150","199","2.5","181","201","7:50","4:25","6","7","1.14","0.0","--","--","--","7,048","--","--","No","--:--:--","6","00:39:04","01:27:58","518","532"
Running,2018-03-26 14:38:05,false,"Montezuma ","9.01","524","01:06:57","160","185","3.3","183","197","7:26","6:03","465","464","1.18","0.0","--","--","--","12,158","--","--","No","--:--:--","10","01:06:45","01:50:10","443","775"
Running,2018-03-25 08:32:52,false,"Long run ","10.01","750","01:21:04","174","205","4.8","187","196","8:06","5:56","612","716","1.06","0.0","--","--","--","14,844","--","--","No","--:--:--","11","01:19:22","01:25:10","924","1,085"
Running,2018-03-24 19:30:09,false,"APU MOC","5.50","253","00:32:55","151","178","2.5","179","197","5:59","7:07","21","18","0.96","0.0","--","--","--","5,836","--","--","No","--:--:--","5","00:32:49","01:51:46","631","646"
Running,2018-03-23 14:47:18,false,"Covina Running","5.01","320","00:41:55","149","177","2.6","178","187","8:22","7:42","62","64","1.08","0.0","--","--","--","7,470","--","--","No","--:--:--","6","00:41:51","01:13:20","477","509"
Running,2018-03-22 15:16:36,false,"Covina Running","2.10","134","00:15:48","158","186","2.4","183","201","7:31","4:44","7","10","1.16","0.0","--","--","--","2,864","--","--","No","--:--:--","3","00:15:48","00:21:03","486","494"
Running,2018-03-22 14:54:50,false,"8x300 ","2.12","113","00:14:34","149","171","2.1","182","218","6:52","3:55","6","5","1.28","0.0","--","--","--","2,308","--","--","No","--:--:--","6","00:14:04","00:20:30","486","494"
Running,2018-03-22 14:39:24,false,"Covina Running","1.01","64","00:08:27.7","145","152","1.7","181","189","8:25","7:35","14","17","1.06","0.0","--","--","--","1,516","--","--","No","--:--:--","2","00:08:26","00:08:27.7","485","509"
Running,2018-03-21 14:45:43,false,"Covina Running","5.00","360","00:39:55","166","201","3.6","181","191","7:59","6:02","42","48","1.11","0.0","--","--","--","7,198","--","--","No","--:--:--","6","00:39:53","00:43:17","477","509"
Running,2018-03-20 14:52:32,false,"Alfredo very tired","5.50","333","00:38:51","162","187","3.2","184","199","7:03","4:36","3","4","1.23","0.0","--","--","--","7,080","--","--","No","--:--:--","6","00:38:44","03:23:09","519","526"
Running,2018-03-20 07:48:52,false,"Covina Running","2.14","134","00:15:59","156","169","2.4","184","197","7:27","4:58","41","38","1.17","0.0","--","--","--","2,940","--","--","No","--:--:--","3","00:15:57","00:16:27","477","509"
Running,2018-03-20 07:34:23,false,"Covina Running","1.01","65","00:08:39.8","144","158","1.7","187","195","8:37","6:38","14","13","1.00","0.0","--","--","--","1,602","--","--","No","--:--:--","2","00:08:37","00:08:39.8","485","509"
Running,2018-03-19 14:42:49,false,"Stark’s House","6.01","401","00:47:07","162","184","3.5","181","204","7:50","6:47","163","169","1.13","0.0","--","--","--","8,488","--","--","No","--:--:--","7","00:46:56","01:29:35","486","637"
Running,2018-03-18 09:38:40,false,"West Covina Running","3.65","210","00:30:23","142","157","2.1","181","197","8:19","7:23","34","34","1.07","0.0","--","--","--","5,486","--","--","No","--:--:--","4","00:30:24","00:32:37","459","495"
Running,2018-03-17 12:40:57,false,"“The Qualifier”","2.01","156","00:19:20","152","181","2.3","176","191","9:37","7:36","--","--","0.95","0.0","--","--","--","3,370","--","--","No","--:--:--","3","00:19:10","03:33:18","518","525"
Running,2018-03-16 16:16:29,false,"Covina Running","4.01","275","00:33:39","156","190","3.1","185","243","8:24","6:09","37","37","1.04","0.0","--","--","--","6,166","--","--","No","--:--:--","5","00:33:32","00:36:56","512","548"
Running,2018-03-15 14:54:06,false,"Covina Running","4.60","250","00:39:55","137","154","1.8","181","197","8:40","6:24","55","48","1.02","0.0","--","--","--","7,146","--","--","No","--:--:--","5","00:39:47","01:21:04","440","502"
Running,2018-03-14 14:49:33,false,"Alfredo tired","6.01","384","00:46:06","161","194","3.4","186","212","7:40","4:11","5","5","1.12","0.0","--","--","--","8,474","--","--","No","--:--:--","7","00:45:53","04:12:38","518","526"
Running,2018-03-14 05:56:51,false,"Warmup+Cooldown // 16x400 ","6.24","260","00:40:33","141","177","2.1","190","223","6:30","4:38","29","29","1.30","0.0","--","--","--","7,496","--","--","No","--:--:--","20","00:40:17","01:20:24","485","509"
Running,2018-03-13 14:49:53,false,"Covina Running","10.01","649","01:16:22","163","193","3.8","187","198","7:38","6:22","652","652","1.13","0.0","--","--","--","14,094","--","--","No","--:--:--","11","01:16:11","01:51:36","443","1,018"
Running,2018-03-12 14:47:29,false,"Covina Running","2.00","138","00:17:10","151","179","2.3","182","195","8:34","7:28","8","6","1.03","0.0","--","--","--","3,130","--","--","No","--:--:--","3","00:17:08","00:33:35","486","499"
Running,2018-03-12 06:08:04,false,"2-mile LT / 4-8-12-8-4","6.10","278","00:39:28","150","190","2.7","182","221","6:28","3:45","64","73","1.36","0.0","--","--","--","6,872","--","--","No","--:--:--","10","00:39:17","01:38:42","485","509"
Running,2018-03-11 20:41:44,false,"Goodnight 😴 ","0.52","35","00:05:11.1","135","144","1.2","176","181","9:56","9:01","--","--","0.92","0.0","--","--","--","918","--","--","No","--:--:--","1","00:05:03","00:05:11.1","459","472"
Running,2018-03-11 20:17:38,false,"Beat Yesenia","0.57","38","00:05:28.8","138","179","1.3","176","185","9:37","7:44","6","--","0.95","0.0","--","--","--","958","--","--","No","--:--:--","1","00:05:25","00:06:31.0","459","471"
Running,2018-03-11 09:55:18,false,"Now i’m at 50","3.00","--","00:00:00","--","--","--","--","--","--","--","--","--","--","0.0","--","--","--","--","--","--","No","--:--:--","1","--:--:--","00:00:00","--","--"
Running,2018-03-10 09:23:37,false,"Covina Running","4.50","341","00:41:15","155","188","3.2","177","195","9:10","6:54","--","--","0.99","0.0","--","--","--","7,210","--","--","No","--:--:--","5","00:41:04","06:29:55","520","525"
Running,2018-03-09 14:54:23,false,"Covina Running","4.25","248","00:35:33","140","161","2.2","180","193","8:22","6:43","18","21","1.07","0.0","--","--","--","6,372","--","--","No","--:--:--","5","00:35:32","01:12:43","518","541"
Running,2018-03-08 14:49:46,false,"2.75 mile warmup/ 2 mile LT & 8x300 / 2 mi cooldown","8.75","492","01:06:40","158","195","3.6","184","240","7:37","4:49","57","56","1.14","0.0","--","--","--","12,188","--","--","No","--:--:--","11","01:06:31","02:33:18","485","509"
Running,2018-03-07 14:50:35,false,"Stark Trails","10.01","626","01:17:03","159","182","3.4","183","193","7:42","6:03","363","366","1.14","0.0","--","--","--","14,004","--","--","No","--:--:--","11","01:16:44","01:45:39","443","637"
Running,2018-03-06 14:48:19,false,"South Hills/Northview Meet","7.51","461","00:56:32","160","186","3.3","184","206","7:32","4:15","--","1","1.16","0.0","--","--","--","10,314","--","--","No","--:--:--","8","00:56:20","04:20:20","518","526"
Running,2018-03-06 08:57:33,false,"Warmup + Cooldown","2.00","151","00:18:59","--","--","--","--","--","9:29","--","--","--","--","0.0","--","--","--","--","--","--","No","--:--:--","1","--:--:--","00:18:15","--","--"
Running,2018-03-06 05:52:35,false,"4-mile tempo","4.00","286","00:25:11","145","167","2.5","186","201","6:18","5:27","118","118","1.19","0.0","--","--","--","8,098","--","--","No","--:--:--","8","00:43:37","00:49:53","476","509"
Running,2018-03-05 14:49:39,false,"Cortez Park","6.01","346","00:47:09","155","194","3.2","181","193","7:51","6:32","91","91","1.13","0.0","--","--","--","8,474","--","--","No","--:--:--","7","00:47:02","01:48:06","443","496"
Running,2018-03-03 09:15:59,false,"Saddle-Up Invite ","5.27","341","00:46:29","156","185","3.2","182","191","8:49","6:34","87","80","1.00","0.0","--","--","--","8,390","--","--","No","--:--:--","6","00:46:25","08:29:52","1,512","1,533"
Running,2018-03-02 14:36:26,false,"Covina Running","4.01","229","00:32:10","145","162","2.5","182","193","8:02","7:20","30","37","1.10","0.0","--","--","--","5,826","--","--","No","--:--:--","5","00:32:07","00:33:05","476","509"
Running,2018-03-01 14:41:17,false,"Recovery run","7.56","468","01:04:14","152","188","3.2","182","197","8:30","6:45","110","106","1.04","0.0","--","--","--","11,690","--","--","No","--:--:--","8","01:04:11","01:54:33","443","509"
Running,2018-02-28 16:24:13,false,"Warm up & Cool down","4.60","242","00:17:47","175","190","3.2","187","195","3:52","8:04","29","29","0.97","0.0","--","--","--","3,278","--","--","No","--:--:--","3","00:17:45","00:19:45","485","509"
Running,2018-02-28 15:33:05,false,"16x400’s","4.24","158","00:21:52","151","184","2.5","191","218","5:09","4:33","19","17","1.63","0.0","--","--","--","3,826","--","--","No","--:--:--","18","00:21:38","00:44:47","486","494"
Running,2018-02-27 14:50:58,false,"Stark Trails ","9.01","609","01:09:58","170","198","5.0","181","193","7:46","5:49","351","350","1.14","0.0","--","--","--","12,642","--","--","No","--:--:--","10","01:09:50","01:48:25","443","635"
Running,2018-02-26 14:43:59,false,"4x800, 3x300, warmup+cooldown ","7.50","538","00:52:41","155","189","3.2","181","235","7:01","4:01","87","75","1.18","0.0","--","--","--","9,354","--","--","No","--:--:--","8","00:52:29","02:14:50","476","522"
Running,2018-02-24 09:50:59,false,"All comers ","1.79","130","00:15:36","160","185","2.7","177","187","8:43","7:22","--","--","1.04","0.0","--","--","--","2,736","--","--","No","--:--:--","2","00:15:34","03:19:49","520","526"
Running,2018-02-24 07:10:48,false,"Long run ","9.80","666","01:16:26","167","189","5.0","182","193","7:48","6:11","1,126","1,123","1.13","0.0","--","--","--","13,744","--","--","No","--:--:--","10","01:16:12","01:33:49","509","1,052"
Running,2018-02-23 14:47:21,false,"Covina Running","3.61","204","00:30:01","144","186","2.5","177","196","8:19","6:45","43","43","1.09","0.0","--","--","--","5,216","--","--","No","--:--:--","4","00:29:55","01:14:16","518","557"
Running,2018-02-22 14:40:50,false,"Covina Runnin","1.00","56","00:08:03.6","141","184","1.8","180","191","8:01","6:20","--","4","1.11","0.0","--","--","--","1,422","--","--","No","--:--:--","2","00:08:01","00:29:29","486","494"
Running,2018-02-22 06:08:44,false,"4-mile tempo + warmup & cooldown","7.16","386","00:54:32","157","186","3.5","183","196","7:37","5:22","147","157","1.16","0.0","--","--","--","9,890","--","--","No","--:--:--","10","00:54:28","01:09:14","476","509"
Running,2018-02-21 14:42:37,false,"Covina Running","9.01","502","01:11:00","156","191","4.0","180","199","7:53","6:15","352","352","1.13","0.0","--","--","--","12,722","--","--","No","--:--:--","10","01:10:47","01:41:40","443","636"
