Activity ID,Activity Date,Activity Name,Activity Type,Activity Description,Elapsed Time,Distance,Max Heart Rate,Relative Effort,Commute,Activity Private Note,Activity Gear,Filename,Athlete Weight,Bike Weight,Elapsed Time,Moving Time,Distance,Max Speed,Average Speed,Elevation Gain,Elevation Loss,Elevation Low,Elevation High,Max Grade,Average Grade,Average Positive Grade,Average Negative Grade,Max Cadence,Average Cadence,Max Heart Rate,Average Heart Rate,Max Watts,Average Watts,Calories,Max Temperature,Average Temperature,Relative Effort,Total Work,Number of Runs,Uphill Time,Downhill Time,Other Time,Perceived Exertion,Type,Start Time,Weighted Average Power,Power Count,Prefer Perceived Exertion,Perceived Relative Effort,Commute,Total Weight Lifted,From Upload,Grade Adjusted Distance,Weather Observation Time,Weather Condition,Weather Temperature,Apparent Temperature,Dewpoint,Humidity,Weather Pressure,Wind Speed,Wind Gust,Wind Bearing,Precipitation Intensity,Sunrise Time,Sunset Time,Moon Phase,Bike,Gear,Precipitation Probability,Precipitation Type,Cloud Cover,Weather Visibility,UV Index,Weather Ozone,Jump Count,Total Grit,Average Flow,Flagged,Average Elapsed Speed,Dirt Distance,Newly Explored Distance,Newly Explored Dirt Distance,Activity Count,Total Steps,Carbon Saved,Pool Length,Training Load,Intensity,Average Grade Adjusted Pace,Timer Time,Total Cycles,Recovery,With Pet,Competition,Long Run,For a Cause,With Kid,Downhill Distance,Total Sets,Total Reps,Media
18627774191,"May 23, 2026, 10:47:36 PM",Afternoon Run,Run,"",3458,5.71,,,false,,,activities/18627774191.gpx,,,3458.0,1750.0,5713.5,7.82,3.265,23.0,24.9,2.8,17.0,15.3,0.0,,,,,,,,,,,,,,,,,,,,,,,,,0.0,,1.0,5741.7,,,,,,,,,,,,,,,,,,,,,,,,,,,1.652,253.0,,,,4752.0,0.0,,,,3.281,,,,,,,,,,,,""
18596699967,"May 21, 2026, 3:10:40 PM",Morning Run,Run,"",1909,4.87,,,false,,,activities/18596699967.gpx,,,1909.0,1410.0,4872.9,6.28,3.456,20.8,22.8,2.8,18.8,8.6,0.0,,,,,,,,,,,,,,,,,,,,,,,,,0.0,,1.0,4910.8,,,,,,,,,,,,,,,,,,,,,,,,,,,2.553,0.0,,,,3764.0,0.0,,,,3.483,,,,,,,,,,,,""
18570459906,"May 19, 2026, 4:18:46 PM",Morning Run,Run,"Don’t remember the last time I’ve used my watch, I think I kinda miss ot",1734,4.34,,,false,,,activities/18570459906.gpx,,,1734.0,1734.0,4341.2,0.0,2.504,0.0,15.0,0.0,0.0,0.0,0.0,,,,,,,,,,,,,,,,,,,,,,,,,0.0,,1.0,,,,,,,,,,,,,,,,,,,,,,,,,,,,2.504,0.0,,,,3416.0,0.0,,,,,,,,,,,,,,,,""
18445455793,"May 9, 2026, 7:39:45 PM",Lunch Run,Run,Hike with [strava://athletes/74334943/12]Tyler Gallup but then i started running at mile 3,6770,8.38,,,false,,,activities/18445455793.gpx,,,6770.0,6517.0,8381.0,5.22,1.286,353.7,339.6,292.7,488.7,48.4,0.2,,,,,,,,,,,,,,,,,,,,,,,,,0.0,,1.0,9691.3,,,,,,,,,,,,,,,,,,,,,,,,,,,1.238,4110.8,,,,9686.0,0.0,,,,1.487,,,,,,,,,,,,""
18415619524,"May 7, 2026, 5:26:27 PM",Morning Run,Run,Officially getting tired of runs here,2008,4.84,,,false,,,activities/18415619524.gpx,,,2008.0,1446.0,4842.2,6.32,3.349,12.5,12.5,2.8,15.6,8.5,0.0,,,,,,,,,,,,,,,,,,,,,,,,,0.0,,1.0,4866.4,,,,,,,,,,,,,,,,,,,,,,,,,,,2.411,22.8,,,,3846.0,0.0,,,,3.365,,,,,,,,,,,,""
18334726525,"May 1, 2026, 3:05:49 PM",Morning Run,Run,"",1901,5.26,,,false,,,activities/18334726525.gpx,,,1901.0,1532.0,5264.8,7.42,3.437,15.8,17.3,2.8,18.8,9.5,0.0,,,,,,,,,,,,,,,,,,,,,,,,,0.0,,1.0,5293.6,,,,,,,,,,,,,,,,,,,,,,,,,,,2.769,0.0,,,,4088.0,0.0,,,,3.455,,,,,,,,,,,,""
18298145185,"Apr 28, 2026, 8:52:55 PM",Afternoon Run,Run,Dropped off book at the library and picked up empanadas. Runs now have been completing errands and making fun pit stops,2539,5.99,,,false,,,activities/18298145185.gpx,,,2539.0,2077.0,5995.7,12.62,2.887,14.2,16.4,2.8,17.0,12.0,0.0,,,,,,,,,,,,,,,,,,,,,,,,,0.0,,1.0,6016.4,,,,,,,,,,,,,,,,,,,,,,,,,,,2.361,7.0,,,,4956.0,0.0,,,,2.897,,,0.0,0.0,,,,0.0,,,,""
18137552901,"Apr 16, 2026, 8:54:31 PM",Midwest tour,Run,"",2209,5.14,,,false,,,activities/18137552901.gpx,,,2209.0,1550.0,5140.8,5.2,3.317,32.4,28.9,302.7,314.6,14.8,0.0,,,,,,,,,,,,,,,,,,,,,,,,,0.0,,1.0,5189.8,,,,,,,,,,,,,,,,,,,,,,,,,,,2.327,0.0,,,,4204.0,0.0,,,,3.348,,,0.0,0.0,,,,0.0,,,,media/DFE96B08-8882-4912-9D96-A9C9A481DA02.jpg|media/E26FEFAB-DD73-4AEF-9E13-85C34805BDE0.jpg
18120827737,"Apr 15, 2026, 4:15:35 PM",Morning Run,Run,"",1886,4.86,,,false,,,activities/18120827737.gpx,,,1886.0,1396.0,4859.3,6.86,3.481,18.4,18.5,3.2,18.8,8.0,0.0,,,,,,,,,,,,,,,,,,,,,,,,,0.0,,1.0,4889.7,,,,,,,,,,,,,,,,,,,,,,,,,,,2.577,0.0,,,,3722.0,0.0,,,,3.503,,,,,,,,,,,,""
18071205245,"Apr 11, 2026, 6:12:33 PM",Lunch Run,Run,,2032,3.91,,,false,,,activities/18071205245.fit,,,2032.0,1456.0,3918.5,5.88,2.691,12.3,9.1,2.8,15.2,8.5,0.0,,,,,,,,,,,,,,,,,,,,,,,,,0.0,,1.0,3946.1,,,,,,,,,,,,,,,,,,,,,,,,,,,1.928,9.8,,,,,0.0,,,,2.713,,,0.0,0.0,,,,0.0,,,,""
18014986740,"Apr 7, 2026, 3:09:51 PM",Morning Run,Run,,1701,3.51,,,false,,,activities/18014986740.fit,,,1701.0,1211.0,3510.8,5.26,2.899,17.4,17.4,2.8,17.0,4.8,0.0,,,,,,,,,,,,,,,,,,,,,,,,,0.0,,1.0,3529.1,,,,,,,,,,,,,,,,,,,,,,,,,,,2.064,0.0,,,,,0.0,,,,2.914,,,,,,,,,,,,""
17978442916,"Apr 4, 2026, 5:00:51 PM",Morning Run,Run,,1338,3.40,,,false,,,activities/17978442916.fit,,,1338.0,1136.0,3406.3,5.58,2.999,12.1,12.3,3.1,15.6,8.4,0.0,,,,,,,,,,,,,,,,,,,,,,,,,0.0,,1.0,3429.7,,,,,,,,,,,,,,,,,,,,,,,,,,,2.546,153.7,,,,,0.0,,,,3.019,,,,,,,,,,,,""
17892127234,"Mar 28, 2026, 5:27:34 PM",Brody Run 😎,Run,Needed thattt,2179,6.62,,,false,,,activities/17892127234.gpx,,,2179.0,1991.0,6624.1,5.64,3.327,19.2,19.5,7.6,27.3,4.5,0.0,,,,,,,,,,,,,,,,,,,,,,,,,0.0,,1.0,6636.1,,,,,,,,,,,,,,,,,,,,,,,,,,,3.04,0.0,,,,5534.0,0.0,,,,3.333,,,,,,,,,,,,media/2C883E88-66B8-4C18-923F-6864BA060A29.jpg
17871398177,"Mar 26, 2026, 10:33:34 PM",Empanada run,Run,El Porteno’s empanadas are my current obsession. Made a pit stop for them mid run for two consecutive days now,2323,6.00,,,false,,,activities/17871398177.gpx,,,2323.0,1663.0,6007.9,14.16,3.613,14.3,15.9,2.8,17.2,15.8,0.0,,,,,,,,,,,,,,,,,,,,,,,,,0.0,,1.0,6029.4,,,,,,,,,,,,,,,,,,,,,,,,,,,2.586,0.0,,,,4124.0,0.0,,,,3.626,,,0.0,0.0,,,,0.0,,,,media/22F0CCF5-F798-493C-B7FD-523E6BA70CB2.jpg
17860481769,"Mar 26, 2026, 12:10:43 AM",Afternoon Run,Run,"",2887,4.17,,,false,,,activities/17860481769.gpx,,,2887.0,1573.0,4171.7,5.84,2.652,17.2,17.3,2.8,16.9,16.1,0.0,,,,,,,,,,,,,,,,,,,,,,,,,0.0,,1.0,4187.1,,,,,,,,,,,,,,,,,,,,,,,,,,,1.445,0.0,,,,3398.0,0.0,,,,2.662,,,,,,,,,,,,""
17830657931,"Mar 23, 2026, 5:38:21 PM",Morning Run,Run,"",1868,4.82,,,false,,,activities/17830657931.gpx,,,1868.0,1397.0,4827.4,6.3,3.456,11.8,12.0,3.3,15.4,8.7,0.0,,,,,,,,,,,,,,,,,,,,,,,,,0.0,,1.0,4851.0,,,,,,,,,,,,,,,,,,,,,,,,,,,2.584,0.0,,,,3698.0,0.0,,,,3.472,,,,,,,,,,,,""
17824135820,"Mar 22, 2026, 7:12:51 PM",Lunch Run,Run,,2245,2.29,,,false,,,activities/17824135820.fit,,,2245.0,1486.0,2289.5,3.06,1.541,43.1,45.2,417.2,453.7,18.5,-0.2,,,,,,,,,,,,,,,,,,,,,,,,,0.0,,1.0,2385.0,,,,,,,,,,,,,,,,,,,,,,,,,,,1.02,2050.6,,,,,0.0,,,,1.605,,,,,,,,,,,,""
17806143449,"Mar 21, 2026, 4:00:45 PM",DAVIS RUN,Run,"Nova stay, farmar run, run-in with [strava://athletes/118198782/14]Stormy Wallace, babas, what a whimsical morning 🧚‍♂️",2404,4.44,,,false,,,activities/17806143449.gpx,,,2404.0,1797.0,4440.5,4.38,2.471,2.4,2.7,13.2,16.0,1.5,0.0,,,,,,,,,,,,,,,,,,,,,,,,,0.0,,1.0,4443.0,,,,,,,,,,,,,,,,,,,,,,,,,,,1.847,0.0,,,,4174.0,0.0,,,,2.472,,,0.0,0.0,,,,0.0,,,,media/DD425D02-7616-4FE7-A196-7B77D74F5B10.jpg|media/59B4BEAA-2D7B-44AE-845D-21F1A4BBAAA8.jpg
17795641824,"Mar 20, 2026, 8:41:25 PM",Afternoon Run,Run,"",2113,6.33,,,false,,,activities/17795641824.gpx,,,2113.0,1905.0,6337.0,8.4,3.327,29.7,31.6,54.6,74.6,4.7,0.0,,,,,,,,,,,,,,,,,,,,,,,,,0.0,,1.0,6368.3,,,,,,,,,,,,,,,,,,,,,,,,,,,2.999,0.0,,,,4388.0,0.0,,,,3.343,,,,,,,,,,,,""
17760245308,"Mar 17, 2026, 9:58:46 PM",Afternoon Run,Run,"",1949,4.88,,,false,,,activities/17760245308.gpx,,,1949.0,1764.0,4882.1,7.98,2.768,12.6,13.6,3.2,16.9,4.4,-0.1,,,,,,,,,,,,,,,,,,,,,,,,,0.0,,1.0,4891.4,,,,,,,,,,,,,,,,,,,,,,,,,,,2.505,0.0,,,,4060.0,0.0,,,,2.773,,,,,,,,,,,,""
17747984689,"Mar 16, 2026, 10:42:25 PM",Cleveland > SF,Run,"Freezing temps to 80 degrees, love you cali 😌",1802,4.53,,,false,,,activities/17747984689.gpx,,,1802.0,1315.0,4531.0,6.5,3.446,13.8,15.9,3.1,16.9,4.0,0.0,,,,,,,,,,,,,,,,,,,,,,,,,0.0,,1.0,4545.1,,,,,,,,,,,,,,,,,,,,,,,,,,,2.514,132.9,,,,3464.0,0.0,,,,3.456,,,0.0,0.0,,,,0.0,,,,""
17698732400,"Mar 12, 2026, 3:54:02 PM",Morning Run,Run,,1383,3.29,,,false,,,activities/17698732400.fit,,,1383.0,1166.0,3295.5,4.72,2.826,12.4,12.7,2.8,15.6,9.2,0.0,,,,,,,,,,,,,,,,,,,,,,,,,0.0,,1.0,3320.6,,,,,,,,,,,,,,,,,,,,,,,,,,,2.383,7.7,,,,,0.0,,,,2.848,,,,,,,,,,,,""
17677581905,"Mar 10, 2026, 8:18:15 PM",Afternoon Run,Run,"",1817,4.56,,,false,,,activities/17677581905.gpx,,,1817.0,1518.0,4559.5,7.04,3.004,13.8,15.6,3.1,16.9,4.7,0.0,,,,,,,,,,,,,,,,,,,,,,,,,0.0,,1.0,4573.7,,,,,,,,,,,,,,,,,,,,,,,,,,,2.509,124.8,,,,3752.0,0.0,,,,3.013,,,,,,,,,,,,""
17653003747,"Mar 8, 2026, 6:45:29 PM",☀️,Run,"",1625,4.16,,,false,,,activities/17653003747.gpx,,,1625.0,1354.0,4164.1,5.46,3.075,12.5,12.7,2.6,15.3,8.3,0.0,,,,,,,,,,,,,,,,,,,,,,,,,0.0,,1.0,4188.3,,,,,,,,,,,,,,,,,,,,,,,,,,,2.563,672.2,,,,3544.0,0.0,,,,3.093,,,0.0,0.0,,,,0.0,,,,media/8C3DB9CB-16B5-4C6F-8A55-18DEABCBF392.jpg
17627826756,"Mar 6, 2026, 6:37:23 PM",Morning Run,Run,"",1749,4.26,,,false,,,activities/17627826756.gpx,,,1749.0,1245.0,4260.4,7.36,3.422,13.7,19.7,3.2,16.9,10.5,-0.1,,,,,,,,,,,,,,,,,,,,,,,,,0.0,,1.0,4261.9,,,,,,,,,,,,,,,,,,,,,,,,,,,2.436,0.0,,,,3338.0,0.0,,,,3.423,,,,,,,,,,,,""
17569141918,"Mar 1, 2026, 6:36:37 PM",Morning Run,Run,"",2305,6.46,,,false,,,activities/17569141918.gpx,,,2305.0,1867.0,6461.7,7.88,3.461,12.7,12.8,2.7,15.8,8.1,0.0,,,,,,,,,,,,,,,,,,,,,,,,,0.0,,1.0,6484.1,,,,,,,,,,,,,,,,,,,,,,,,,,,2.803,147.8,,,,5054.0,0.0,,,,3.473,,,,,,,,,,,,""
17557412568,"Feb 28, 2026, 8:13:14 PM",Lunch Run,Run,"",2263,4.90,,,false,,,activities/17557412568.gpx,,,2263.0,1562.0,4903.0,7.68,3.139,11.9,12.1,3.3,15.6,19.6,0.0,,,,,,,,,,,,,,,,,,,,,,,,,0.0,,1.0,4926.3,,,,,,,,,,,,,,,,,,,,,,,,,,,2.167,146.7,,,,4122.0,0.0,,,,3.154,,,,,,,,,,,,""
17499522697,"Feb 23, 2026, 10:14:11 PM",Afternoon Run,Run,"",1706,4.48,,,false,,,activities/17499522697.gpx,,,1706.0,1297.0,4484.6,6.64,3.458,8.9,12.9,2.4,15.3,4.3,-0.1,,,,,,,,,,,,,,,,,,,,,,,,,0.0,,1.0,4488.8,,,,,,,,,,,,,,,,,,,,,,,,,,,2.629,119.8,,,,3506.0,0.0,,,,3.461,,,,,,,,,,,,""
17487722802,"Feb 22, 2026, 6:55:33 PM",Morning Run,Run,Huntington is actually nice when ur not just going to the pier,2046,4.87,,,false,,,activities/17487722802.gpx,,,2046.0,1429.0,4869.3,5.08,3.407,22.3,22.3,6.4,15.5,9.8,0.0,,,,,,,,,,,,,,,,,,,,,,,,,0.0,,1.0,4900.5,,,,,,,,,,,,,,,,,,,,,,,,,,,2.38,791.9,,,,3884.0,0.0,,,,3.429,,,0.0,0.0,,,,0.0,,,,media/EA9ED498-34BA-4A79-BCF4-5B70B3B4F8D3.jpg
17479276320,"Feb 21, 2026, 7:52:28 PM",Dodgers Spartan 5K,Run,Don’t know why it says almost 5 miles but this was so fun! A lot different from the Spartans in the boonies but it was super cool running around the stadium 🤩,5961,7.83,,,false,,,activities/17479276320.gpx,,,5961.0,2673.0,7838.0,18.0,2.932,210.6,215.2,153.8,186.0,49.4,-0.1,,,,,,,,,,,,,,,,,,,,,,,,,0.0,,1.0,9802.7,,,,,,,,,,,,,,,,,,,,,,,,,,,1.315,0.0,,,,7646.0,0.0,,,,3.667,,,0.0,0.0,,,,0.0,,,,media/556F0CB8-EC54-4412-8254-C4899CCDB138.jpg
17475974349,"Feb 19, 2026, 12:20:47 AM",Afternoon Run,Run,"",241468,6.63,,,false,,,activities/17475974349.gpx,,,241468.0,1923.0,6629.5,5.98,3.447,122.3,47.2,392.5,475.6,39.3,1.1,,,,,,,,,,,,,,,,,,,,,,,,,0.0,,1.0,6676.8,,,,,,,,,,,,,,,,,,,,,,,,,,,0.027,1133.6,,,,5294.0,0.0,,,,3.472,,,,,,,,,,,,""
17445307199,"Feb 17, 2026, 3:59:18 PM",Morning Run,Run,"",116459,3.25,,,false,,,activities/17445307199.gpx,,,116459.0,968.0,3251.9,4.98,3.359,42.2,44.3,396.4,441.5,8.9,0.0,,,,,,,,,,,,,,,,,,,,,,,,,0.0,,1.0,3302.7,,,,,,,,,,,,,,,,,,,,,,,,,,,0.028,1868.0,,,,2690.0,0.0,,,,3.412,,,,,,,,,,,,""
17410206711,"Feb 15, 2026, 7:03:18 PM",Lunch Run,Run,,1713,3.97,,,false,,,activities/17410206711.fit,,,1713.0,1288.0,3975.9,5.84,3.087,13.7,15.6,3.2,16.9,5.4,0.0,,,,,,,,,,,,,,,,,,,,,,,,,0.0,,1.0,3991.8,,,,,,,,,,,,,,,,,,,,,,,,,,,2.321,0.0,,,,,0.0,,,,3.099,,,,,,,,,,,,""
17333257938,"Feb 8, 2026, 7:07:37 PM",Super Bowl Sunday,Run,My favorite national holiday,1802,3.90,,,false,,,activities/17333257938.fit,,,1802.0,1322.0,3907.4,6.32,2.956,13.6,15.1,3.2,16.9,5.6,0.0,,,,,,,,,,,,,,,,,,,,,,,,,0.0,,1.0,3922.2,,,,,,,,,,,,,,,,,,,,,,,,,,,2.168,0.0,,,,,0.0,,,,2.967,,,0.0,0.0,,,,0.0,,,,""
17242623196,"Jan 31, 2026, 8:10:48 PM",Lunch Run,Run,,1441,3.36,,,false,,,activities/17242623196.fit,,,1441.0,1192.0,3368.3,4.84,2.826,12.1,11.9,3.1,15.5,8.6,0.0,,,,,,,,,,,,,,,,,,,,,,,,,0.0,,1.0,3391.0,,,,,,,,,,,,,,,,,,,,,,,,,,,2.337,150.5,,,,,0.0,,,,2.845,,,,,,,,,,,,""
16928533389,"Jan 3, 2026, 10:32:36 PM",Walk to Caltrain lol,Hike,Go niners,1083,1.50,,,false,,,activities/16928533389.fit,,,1083.0,996.0,1501.9,11.0,1.508,3.8,4.1,25.1,29.6,5.7,-0.1,,,,,,,,,,,,,,,,,,,,,,,,,0.0,,1.0,,,,,,,,,,,,,,,,,,,,,,,,,,,,1.387,0.0,,,,,0.0,,,,,,,0.0,0.0,,,,,,,,""
16838844897,"Dec 25, 2025, 6:16:06 PM",Morning Run,Run,"",1139,3.22,,,false,,,activities/16838844897.gpx,,,1139.0,962.0,3225.7,5.02,3.353,71.9,75.5,213.2,254.7,40.7,0.0,,,,,,,,,,,,,,,,,,,,,,,,,0.0,,1.0,3388.4,,,,,,,,,,,,,,,,,,,,,,,,,,,2.832,0.0,,,,2578.0,0.0,,,,3.522,,,,,,,,,,,,""
16815588771,"Dec 22, 2025, 10:31:57 PM",Diamond head hike,Hike,"",4851,3.51,,,false,,,activities/16815588771.fit,,,4851.0,3139.0,3515.0,7.38,1.12,169.1,169.8,78.9,222.3,49.9,0.0,,,,,,,,,,,,,,,,,,,,,,,,,0.0,,1.0,,,,,,,,,,,,,,,,,,,,,,,,,,,,0.725,3112.2,,,,,0.0,,,,,,,0.0,,,,,,,,,media/7641E550-5A2D-43EB-8A66-C2B187CF0F84.jpg
16814501479,"Dec 22, 2025, 7:50:45 PM",To and from gym,Run,"",4921,5.53,,,false,,,activities/16814501479.gpx,,,4921.0,1653.0,5536.3,7.08,3.349,5.4,5.4,2.0,5.3,10.7,0.0,,,,,,,,,,,,,,,,,,,,,,,,,0.0,,1.0,5546.7,,,,,,,,,,,,,,,,,,,,,,,,,,,1.125,0.0,,,,4526.0,0.0,,,,3.356,,,0.0,,,,,,,,,""
16806249582,"Dec 21, 2025, 9:00:18 PM",From gym,Run,"",1144,2.75,,,false,,,activities/16806249582.fit,,,1144.0,874.0,2751.7,5.26,3.148,3.1,2.2,2.0,5.3,6.3,0.0,,,,,,,,,,,,,,,,,,,,,,,,,0.0,,1.0,2760.7,,,,,,,,,,,,,,,,,,,,,,,,,,,2.405,0.0,,,,,0.0,,,,3.159,,,0.0,,,,,,,,,""
16806231888,"Dec 21, 2025, 7:49:25 PM",To gym,Run,"",1123,2.62,,,false,,,activities/16806231888.fit,,,1123.0,1100.0,2628.0,4.16,2.389,2.3,3.1,2.0,5.3,6.5,0.0,,,,,,,,,,,,,,,,,,,,,,,,,0.0,,1.0,2633.3,,,,,,,,,,,,,,,,,,,,,,,,,,,2.34,0.0,,,,,0.0,,,,2.394,,,0.0,,,,,,,,,""
16796605446,"Dec 20, 2025, 6:53:13 PM",Morning Run,Run,,2309,4.38,,,false,,,activities/16796605446.fit,,,2309.0,2298.0,4386.1,4.08,1.909,6.2,6.3,1.7,6.4,22.2,0.0,,,,,,,,,,,,,,,,,,,,,,,,,0.0,,1.0,4397.2,,,,,,,,,,,,,,,,,,,,,,,,,,,1.9,0.0,,,,,0.0,,,,1.913,,,,,,,,,,,,""
16669414903,"Dec 6, 2025, 7:52:34 PM",Lunch Run,Run,,2325,5.25,,,false,,,activities/16669414903.fit,,,2325.0,2001.0,5250.8,3.88,2.624,3.2,6.4,41.4,45.8,4.1,0.0,,,,,,,,,,,,,,,,,,,,,,,,,0.0,,1.0,5252.5,,,,,,,,,,,,,,,,,,,,,,,,,,,2.258,217.1,,,,,0.0,,,,2.625,,,,,,,,,,,,""
16615195703,"Dec 1, 2025, 1:27:32 AM",Random ahh polo loop,Run,"",456,1.35,,,false,,,activities/16615195703.fit,,,456.0,456.0,1354.1,3.82,2.97,3.6,7.3,40.5,46.0,5.4,-0.2,,,,,,,,,,,,,,,,,,,,,,,,,0.0,,1.0,1354.1,,,,,,,,,,,,,,,,,,,,,,,,,,,2.97,927.1,,,,,0.0,,,,2.97,,,0.0,,,,,,,,,""
16584361358,"Nov 27, 2025, 4:44:07 PM",Happy Thanksgiving 🤗🍁,Run,so thankful for this life 💕,2361,8.06,,,false,,,activities/16584361358.fit,,,2361.0,2200.0,8060.3,4.56,3.664,26.0,26.0,192.0,207.0,6.0,0.0,,,,,,,,,,,,,,,,,,,,,,,,,0.0,,1.0,8088.1,,,,,,,,,,,,,,,,,,,,,,,,,,,3.414,121.0,,,,,0.0,,,,3.676,,,0.0,,,,,,,,,""
16516950308,"Nov 20, 2025, 4:37:11 PM",With Tach,Run,Always zooming with this guy,2205,8.06,,,false,,,activities/16516950308.fit,,,2205.0,2205.0,8066.7,4.7,3.658,17.0,25.0,194.6,205.6,4.4,-0.1,,,,,,,,,,,,,,,,,,,,,,,,,0.0,,1.0,8076.2,,,,,,,,,,,,,,,,,,,,,,,,,,,3.658,0.0,,,,,0.0,,,,3.663,,,0.0,,,,,,,,,""
16415724953,"Nov 10, 2025, 4:19:55 PM",Spartan Recap,Run,"DNF’d in the spartan 10k yesterday 💔💔💔 bad b*tches have bad days too 😔
At least I got the 5k in on Saturday, completing my Spartan Trifecta for 2025 🤩",1444,3.35,,,false,,,activities/16415724953.fit,,,1444.0,1372.0,3351.2,5.48,2.443,28.7,26.8,-7.0,19.5,48.0,0.0,,,,,,,,,,,,,,,,,,,,,,,,,0.0,,1.0,3451.4,,,,,,,,,,,,,,,,,,,,,,,,,,,2.321,0.0,,,,,0.0,,,,2.516,,,0.0,,,,,,,,,""
16400382023,"Nov 8, 2025, 8:16:58 PM",Lunch Run,Run,,4422,5.39,,,false,,,activities/16400382023.fit,,,4422.0,2349.0,5398.3,4.02,2.298,140.4,139.4,347.7,417.7,47.8,0.0,,,,,,,,,,,,,,,,,,,,,,,,,0.0,,1.0,6030.7,,,,,,,,,,,,,,,,,,,,,,,,,,,1.221,0.0,,,,,0.0,,,,2.567,,,,,,,,,,,,""
16303302111,"Oct 30, 2025, 2:51:01 PM",Morning Run,Run,,1291,3.05,,,false,,,activities/16303302111.fit,,,1291.0,1019.0,3058.8,4.58,3.002,22.6,22.5,-7.4,15.4,43.2,0.0,,,,,,,,,,,,,,,,,,,,,,,,,0.0,,1.0,3167.9,,,,,,,,,,,,,,,,,,,,,,,,,,,2.369,0.0,,,,,0.0,,,,3.109,,,,,,,,,,,,""
16265662784,"Oct 26, 2025, 6:29:48 PM",Could You Be Lovedddd,Run,"",2554,5.17,,,false,,,activities/16265662784.gpx,,,2554.0,2199.0,5178.6,4.84,2.355,134.7,133.5,16.0,109.9,49.5,0.0,,,,,,,,,,,,,,,,,,,,,,,,,0.0,,1.0,5731.1,,,,,,,,,,,,,,,,,,,,,,,,,,,2.028,3139.4,,,,5302.0,0.0,,,,2.606,,,0.0,,,,,,,,,media/DFD028A8-0BD5-4C15-9DE4-4D0428EA36E8.jpg
16196643331,"Oct 19, 2025, 8:39:18 PM",Tour de DC,Run,It’s so pretty here!!,3117,5.10,,,false,,,activities/16196643331.fit,,,3117.0,2914.0,5108.8,4.12,1.753,24.7,28.6,2.2,27.3,9.4,-0.1,,,,,,,,,,,,,,,,,,,,,,,,,0.0,,1.0,5125.2,,,,,,,,,,,,,,,,,,,,,,,,,,,1.639,0.0,,,,,0.0,,,,1.759,,,0.0,,,,,,,,,""
16186835355,"Oct 19, 2025, 2:10:01 AM",Evening Run,Run,,1045,2.55,,,false,,,activities/16186835355.fit,,,1045.0,917.0,2555.5,5.76,2.787,5.3,13.6,3.2,16.9,6.5,-0.4,,,,,,,,,,,,,,,,,,,,,,,,,0.0,,1.0,2540.9,,,,,,,,,,,,,,,,,,,,,,,,,,,2.445,0.0,,,,,0.0,,,,2.771,,,,,,,,,,,,""
15746603935,"Sep 9, 2025, 12:38:36 AM",Evening Run,Run,"",1663,5.04,,,false,,,activities/15746603935.gpx,,,1663.0,1438.0,5046.1,5.9,3.509,30.4,26.4,40.5,46.1,4.6,0.1,,,,,,,,,,,,,,,,,,,,,,,,,0.0,,1.0,5085.8,,,,,,,,,,,,,,,,,,,,,,,,,,,3.034,3199.8,,,,4110.0,0.0,,,,3.537,,,,,,,,,,,,""
15733579134,"Sep 7, 2025, 7:06:22 PM",🆘,Run,Does anyone have an old garmin they would let me pawn off them?? Being without a watch was fun but now I’m tired of Strava gps 🥲,2256,5.45,,,false,,,activities/15733579134.gpx,,,2256.0,1783.0,5456.9,10.06,3.061,12.7,13.0,2.4,15.6,8.7,0.0,,,,,,,,,,,,,,,,,,,,,,,,,0.0,,1.0,5481.6,,,,,,,,,,,,,,,,,,,,,,,,,,,2.419,150.6,,,,4456.0,0.0,,,,3.074,,,0.0,,,,,,,,,""
15710644374,"Sep 5, 2025, 10:07:44 PM",Walk with Dani,Walk,🥹💖,4627,7.48,,,false,,,activities/15710644374.gpx,,,4627.0,4627.0,7485.6,5.36,1.618,45.6,23.1,65.2,92.5,11.9,0.3,,,,,,,,,,,,,,,,,,,,,,,,,0.0,,1.0,,,,,,,,,,,,,,,,,,,,,,,,,,,,1.618,0.0,,,,8724.0,0.0,,,,,,,0.0,,,,,,,,,media/E7EF15CC-EC1E-4BC8-BFA6-5DEB82C0B973.jpg
15698792852,"Sep 4, 2025, 7:42:48 PM",Afternoon Run,Run,"",2116,5.01,,,false,,,activities/15698792852.gpx,,,2116.0,1470.0,5017.0,7.92,3.413,15.5,16.8,37.7,46.1,17.3,0.0,,,,,,,,,,,,,,,,,,,,,,,,,0.0,,1.0,5054.8,,,,,,,,,,,,,,,,,,,,,,,,,,,2.371,1337.8,,,,4096.0,0.0,,,,3.439,,,,,,,,,,,,""
15642632962,"Aug 30, 2025, 11:33:47 PM",Afternoon Run,Run,"",1881,5.11,,,false,,,activities/15642632962.gpx,,,1881.0,1575.0,5113.8,5.78,3.247,26.5,25.9,460.9,476.9,10.7,0.0,,,,,,,,,,,,,,,,,,,,,,,,,0.0,,1.0,5138.2,,,,,,,,,,,,,,,,,,,,,,,,,,,2.719,2441.1,,,,4246.0,0.0,,,,3.262,,,,,,,,,,,,""
15628996025,"Aug 29, 2025, 3:11:09 PM",Run w/ Tach,Run,"",1994,5.68,,,false,,,activities/15628996025.fit,,,1994.0,1861.0,5680.9,4.06,3.053,90.0,89.0,212.4,280.0,22.0,0.0,,,,,,,,,,,,,,,,,,,,,,,,,0.0,,1.0,5922.1,,,,,,,,,,,,,,,,,,,,,,,,,,,2.849,1602.0,,,,,0.0,,,,3.182,,,0.0,,,,,,,,,""
15619084608,"Aug 28, 2025, 6:04:15 PM",Lunch Run,Run,"",1699,3.79,,,false,,,activities/15619084608.gpx,,,1699.0,1434.0,3795.9,5.06,2.647,46.9,53.5,398.6,453.0,8.1,-0.2,,,,,,,,,,,,,,,,,,,,,,,,,0.0,,1.0,3834.3,,,,,,,,,,,,,,,,,,,,,,,,,,,2.234,3389.5,,,,3612.0,0.0,,,,2.674,,,,,,,,,,,,""
15562243355,"Aug 23, 2025, 7:38:31 PM",Afternoon Run,Run,"",2211,5.19,,,false,,,activities/15562243355.gpx,,,2211.0,1576.0,5198.5,6.6,3.299,39.8,45.7,467.5,488.0,26.5,-0.1,,,,,,,,,,,,,,,,,,,,,,,,,0.0,,1.0,5250.6,,,,,,,,,,,,,,,,,,,,,,,,,,,2.351,4386.2,,,,4440.0,0.0,,,,3.332,,,,,,,,,,,,""
15541589984,"Aug 21, 2025, 11:22:25 PM",Afternoon Run,Run,"",1756,5.03,,,false,,,activities/15541589984.gpx,,,1756.0,1589.0,5038.8,6.49,3.171,45.9,46.5,57.1,85.1,13.0,0.0,,,,,,,,,,,,,,,,,,,,,,,,,0.0,,1.0,5113.4,,,,,,,,,,,,,,,,,,,,,,,,,,,2.869,414.7,,,,4066.0,0.0,,,,3.218,,,0.0,,,,,,,,,""
15530632978,"Aug 20, 2025, 11:44:25 PM",Afternoon Run,Run,"",2161,5.29,,,false,,,activities/15530632978.gpx,,,2161.0,1624.0,5291.4,8.7,3.258,72.3,72.5,57.0,114.2,19.6,0.0,,,,,,,,,,,,,,,,,,,,,,,,,0.0,,1.0,5381.8,,,,,,,,,,,,,,,,,,,,,,,,,,,2.449,1353.0,,,,4406.0,0.0,,,,3.314,,,0.0,,,,,,,,,""
15484441906,"Aug 16, 2025, 7:48:07 PM",Wooffff,Run,Half marathon spartan with some top tier views and company 😎,19382,21.96,,,false,,,activities/15484441906.gpx,,,19382.0,11325.0,21964.2,4.52,1.939,530.0,537.8,4.2,229.7,49.5,0.0,,,,,,,,,,,,,,,,,,,,,,,,,0.0,,1.0,25215.6,,,,,,,,,,,,,,,,,,,,,,,,,,,1.133,7647.6,,,,29696.0,0.0,,,,2.227,,,,,,,,,,,,media/EF248BD2-F9A3-4467-95DA-23D9744A50CC.jpg|media/A0EB277F-E229-4850-B749-AEAEBA19C206.jpg|media/48DBC22D-2EEF-4F7C-83D6-62B63D3FA54B.jpg|media/05EFBC68-BECF-4B61-9C93-F42F42F5DF53.jpg|media/2DEB2D85-8937-4B5C-98CD-6E743368B54D.jpg|media/5B14AE9E-4EC3-4E4B-ACE5-408CDA4FD603.jpg
15471535540,"Aug 15, 2025, 8:40:45 PM",Lunch Hike,Hike,"",3245,3.59,,,false,,,activities/15471535540.gpx,,,3245.0,3084.0,3595.1,5.06,1.166,93.3,95.6,299.9,396.0,43.3,0.0,,,,,,,,,,,,,,,,,,,,,,,,,0.0,,1.0,,,,,,,,,,,,,,,,,,,,,,,,,,,,1.108,3527.8,,,,3838.0,0.0,,,,,,3838.0,,,,,,,,,,""
15426411571,"Aug 11, 2025, 9:53:04 PM",Afternoon Run,Run,Race week! (Half marathon spartan 💀),4013,9.66,,,false,,,activities/15426411571.gpx,,,4013.0,2922.0,9663.0,6.0,3.307,43.6,44.5,6.6,46.5,12.5,0.0,,,,,,,,,,,,,,,,,,,,,,,,,0.0,,1.0,9712.7,,,,,,,,,,,,,,,,,,,,,,,,,,,2.408,1964.3,,,,7876.0,0.0,,,,3.324,,,,,,,,,,,,""
15402694784,"Aug 9, 2025, 6:27:56 PM",Lunch Run,Run,"",2719,6.63,,,false,,,activities/15402694784.gpx,,,2719.0,2618.0,6633.2,8.935,2.534,120.7,120.7,9.3,90.7,20.2,0.0,,,,,,,,,,,,,,,,,,,,,,,,,0.0,,1.0,6934.3,,,,,,,,,,,,,,,,,,,,,,,,,,,2.44,283.1,,,,6070.0,0.0,,,,2.649,,,,,,,,,,,,""
15392506195,"Aug 8, 2025, 10:03:20 PM",Afternoon Run,Run,Forgot to unpause,2808,7.25,,,false,,,activities/15392506195.gpx,,,2808.0,2149.0,7249.5,6.62,3.373,63.8,63.9,65.2,106.4,8.0,0.0,,,,,,,,,,,,,,,,,,,,,,,,,0.0,,1.0,7261.4,,,,,,,,,,,,,,,,,,,,,,,,,,,2.582,0.0,,,,5680.0,0.0,,,,3.379,,,,,,,,,,,,""
15358131346,"Aug 5, 2025, 9:35:45 PM",Afternoon Run,Run,"",2648,6.90,,,false,,,activities/15358131346.gpx,,,2648.0,2075.0,6903.6,9.26,3.327,15.8,16.0,2.4,15.5,9.6,0.0,,,,,,,,,,,,,,,,,,,,,,,,,0.0,,1.0,6931.9,,,,,,,,,,,,,,,,,,,,,,,,,,,2.607,77.1,,,,5730.0,0.0,,,,3.341,,,,,,,,,,,,""
15322907515,"Aug 2, 2025, 6:56:13 PM",Lunch Run,Run,+ 1.75 w tyty,2052,5.28,,,false,,,activities/15322907515.gpx,,,2052.0,1664.0,5282.0,7.98,3.174,12.4,2.2,2.8,15.5,6.8,0.2,,,,,,,,,,,,,,,,,,,,,,,,,0.0,,1.0,5325.5,,,,,,,,,,,,,,,,,,,,,,,,,,,2.574,159.9,,,,4684.0,0.0,,,,3.2,,,,,,,,,,,,""
15280082029,"Jul 29, 2025, 9:29:20 PM",Afternoon Run,Run,"",3173,9.66,,,false,,,activities/15280082029.gpx,,,3173.0,2947.0,9662.5,6.48,3.279,65.1,65.0,42.4,77.8,10.8,0.0,,,,,,,,,,,,,,,,,,,,,,,,,0.0,,1.0,9735.6,1753822848.0,2.0,18.8,15.8,13.9,0.73,1018.8,6.2,9.4,251.0,0.0,1753794688.0,1753845632.0,0.125,,,0.0,1.0,0.57,18340.0,8.0,,,,,,3.045,433.7,,,,8152.0,0.0,,,,3.304,,,,,,,,,,,,""
15256356899,"Jul 27, 2025, 5:51:25 PM",Extra,Run,Run back to Tyler’s place in hopes of making his flight to DC. 50/50 whether he makes it or not. So joever if he doesn’t,769,1.49,,,false,,,activities/15256356899.gpx,,,769.0,603.0,1492.7,5.41,2.475,12.7,3.3,3.9,16.9,4.0,0.8,,,,,,,,,,,,,,,,,,,,,,,,,0.0,,1.0,1524.0,1753635584.0,3.0,15.2,12.3,12.8,0.86,1017.0,3.8,6.3,242.0,0.0,1753621760.0,1753672960.0,0.125,,,0.0,1.0,1.0,15012.0,3.0,,,,,,1.941,0.0,,,,1562.0,0.0,,,,2.527,,,,,,,,,,,,""
15255403115,"Jul 27, 2025, 1:35:59 PM",First half marathon with bae,Run,We did so good!! Thought we’d be pushing 3 hrs but surprised ourselves with 2:23 🥳 beautiful views too. Also OJ killed it in the full I’m so proud of her,8657,21.75,,,false,,,activities/15255403115.gpx,,,8657.0,8140.0,21750.4,4.55,2.672,232.3,166.2,3.0,85.0,19.4,0.3,,,,,,,,,,,,,,,,,,,,,,,,,0.0,,1.0,22342.2,1753621376.0,3.0,13.5,11.5,12.6,0.94,1015.5,3.6,6.4,242.0,0.0,1753621760.0,1753672960.0,0.125,,,0.0,1.0,0.98,8805.2,0.0,,,,,,2.512,618.8,,,,23452.0,0.0,,,,2.745,,,,,,,,,,,,media/B7C418B7-E9C8-4E6B-90EF-1C29CA4C9E04.jpg|media/0D84F38D-7E6A-4825-8CB7-BEB9D179473F.jpg|media/E9A56DD2-1408-4A1B-9771-AFDA6B6F2B47.jpg
15255474095,"Jul 27, 2025, 1:27:03 PM",Morning Run,Run,,9192,21.45,,,false,,,activities/15255474095.fit,,,9192.0,8238.0,21458.1,3.86,2.605,236.1,170.4,3.0,85.0,27.8,0.3,,,,,,,,,,,,,,,,,,,,,,,,,0.0,,1.0,22102.7,1753621376.0,3.0,13.5,11.5,12.6,0.94,1015.5,3.6,6.4,242.0,0.0,1753621760.0,1753672960.0,0.125,,,0.0,1.0,0.98,8805.2,0.0,,,,,,2.334,582.0,,,,,0.0,,,,2.683,,,,,,,,,,,,""
15203327169,"Jul 22, 2025, 9:28:03 PM",Afternoon Run,Run,"",2992,8.05,,,false,,,activities/15203327169.gpx,,,2992.0,2309.0,8057.3,6.54,3.49,59.7,59.7,50.3,78.0,8.7,0.0,,,,,,,,,,,,,,,,,,,,,,,,,0.0,,1.0,8124.4,1753218176.0,3.0,16.1,12.4,13.4,0.84,1015.7,5.4,7.4,248.0,0.0,1753189504.0,1753241216.0,0.875,,,0.0,1.0,0.85,16143.3,5.0,,,,,,2.693,1424.1,,,,6582.0,0.0,,,,3.519,,,,,,,,,,,,""
15062985102,"Jul 9, 2025, 10:49:40 PM",Need a new watch,Run,"",2270,6.55,,,false,,,activities/15062985102.gpx,,,2270.0,1923.0,6552.7,7.22,3.408,63.1,67.8,65.2,104.6,12.3,-0.1,,,,,,,,,,,,,,,,,,,,,,,,,0.0,,1.0,6635.0,1752098432.0,2.0,16.5,13.2,11.8,0.74,1020.2,5.9,9.5,261.0,0.0,1752065792.0,1752118400.0,0.375,,,0.0,1.0,0.54,16299.0,6.0,,,,,0.0,2.887,0.0,,,,5466.0,,,,,3.45,,,,,,,,,,,,""
15046938803,"Jul 8, 2025, 1:31:54 AM",Evening Run,Run,,2088,5.06,,,false,,,activities/15046938803.fit,,,2088.0,1634.0,5068.0,6.02,3.102,30.8,30.8,2.8,16.9,8.4,0.0,,,,,,,,,,,,,,,,,,,,,,,,,0.0,,1.0,5106.5,1751936384.0,2.0,16.4,13.4,12.6,0.78,1014.2,6.0,10.9,243.0,0.0,1751892864.0,1751945728.0,0.375,,,0.0,1.0,0.47,17236.0,2.0,,,,,0.0,2.427,0.0,,,,,,,,,3.125,,,,,,,,,,,,""
15006970855,"Jul 4, 2025, 4:51:39 PM",Tommy sighting 🤩,Run,"",2436,4.99,,,false,,,activities/15006970855.fit,,,2436.0,1594.0,4997.5,6.04,3.135,13.0,13.1,2.5,15.7,8.9,0.0,,,,,,,,,,,,,,,,,,,,,,,0.0,,0.0,,1.0,5024.9,1751644800.0,1.0,13.7,12.8,10.8,0.83,1017.3,4.4,6.8,240.0,0.0,1751633536.0,1751686528.0,0.375,,,0.0,1.0,0.09,18478.0,3.0,,,,,0.0,2.052,147.0,,,,,0.0,,,,3.152,,,,,,,,,,,,media/3F49E672-C488-4A90-BDBE-A33AA6CC3751.jpg
14998120183,"Jul 3, 2025, 7:18:30 PM",Lunch Run,Run,"",1837,4.00,,,false,,,activities/14998120183.gpx,,,1837.0,1136.0,4002.1,5.82,3.523,0.0,3.3,41.3,44.6,2.3,0.0,,,,,,,,,,,,,,,,,,,,,,,,,0.0,,1.0,4001.0,1751569152.0,3.0,14.7,9.5,11.8,0.83,1012.7,6.2,9.5,255.0,0.0,1751547136.0,1751600128.0,0.25,,,0.0,1.0,1.0,15931.0,5.0,,,,,0.0,2.179,551.5,,,,3280.0,,,,,3.522,,,,,,,,,,,,""
14948069527,"Jun 29, 2025, 1:51:13 AM",Evening Run,Run,,2105,4.99,,,false,,,activities/14948069527.fit,,,2105.0,1688.0,4995.5,5.16,2.959,13.0,8.7,2.5,15.6,8.0,0.0,,,,,,,,,,,,,,,,,,,,,,,,,0.0,,1.0,5027.8,,,,,,,,,,,,,,,,,,,,,,,,,,0.0,2.373,148.0,,,,,,,,,2.979,,,,,,,,,,,,""
14917487448,"Jun 26, 2025, 12:21:58 AM",Evening Run,Run,"",2777,8.06,,,false,,,activities/14917487448.gpx,,,2777.0,2258.0,8064.9,6.9,3.572,7.3,8.1,39.5,46.2,12.1,0.0,,,,,,,,,,,,,,,,,,,,,,,,,0.0,,1.0,8085.3,,,,,,,,,,,,,,,,,,,,,,,,,,0.0,2.904,850.1,,,,6454.0,,,,,3.581,,,,,,,,,,,,""
14862984903,"Jun 20, 2025, 6:28:24 PM",Lunch Run,Run,"",3550,8.06,,,false,,,activities/14862984903.gpx,,,3550.0,2386.0,8067.0,6.34,3.381,64.3,64.5,46.0,77.8,10.6,0.0,,,,,,,,,,,,,,,,,,,,,,,,,0.0,,1.0,8141.2,,,,,,,,,,,,,,,,,,,,,,,,,,0.0,2.272,1716.0,,,,6782.0,,,,,3.412,,,,,,,,,,,,""
14832842647,"Jun 17, 2025, 9:16:09 PM",Afternoon Run,Run,"",3225,8.28,,,false,,,activities/14832842647.gpx,,,3225.0,2360.0,8279.5,6.6,3.508,0.0,0.0,2.5,4.4,4.2,0.0,,,,,,,,,,,,,,,,,,,,,,,0.0,,0.0,,1.0,8284.3,,,,,,,,,,,,,,,,,,,,,,,,,,0.0,2.567,143.6,,,,6676.0,,,,,3.51,,,,,,,,,,,,""
14472320827,"May 13, 2025, 10:17:32 PM",Last d1 race,Run,"Breaking my Strava silence now that it’s all over (had to lock in with school rq 😭). Obligatory sentimental post incoming:

I’m very happy I didn’t quit after cross, and for the rest of my life, I’ll be really proud that I decided to run an extra year and saw it through to the very end. I’ve learned and grown so much, and I just feel so grateful for the lady dons that kept me going week after week. Pretty pleased with the indoor and outdoor seasons considering all the health issues I had in the fall and not running over winter break 💀. Found some consistency in January and never missed a workout since then. Got a nice college PB in the 800 and had probably the most fun racing I’ve had in my whole career. Ended it all in LA with my family and high school coach watching who have all never seen me race in college and came away with a nice little win. A fairytale ending in my book tbh. This sport never ceases to amaze me ❤️.  

Finally done with college running after 5 incredible years with people and memories to last a lifetime. My cup is filled, now time for some narp activities 🤗.",142,0.80,,,false,,,,,,142.0,142.0,804.7,,5.667,,,,,,0.0,,,,,,,,,,,,,,,,,,,,,,,0.0,,0.0,,0.0,,,,,,,,,,,,,,,,,,,,,,,,,,,0.0,5.667,0.0,,,,,,,,,,,,,,,,,,,,,media/4800BD92-8AB6-489D-8FAC-7B38D4C92631.jpg|media/B1383E6F-6FBF-4618-8975-3B2A75D641FB.jpg|media/650B9126-AFB9-4CD2-B541-39719F9321F0.jpg|media/01C982E8-7A2E-46AD-A968-C9F4EF3AA501.jpg|media/6E7A22A2-B2A1-4653-8DD9-D895E24093D2.mp4|media/0A91D66F-5538-42AE-841E-0D5FA2363EC3.jpg|media/1CE877CF-F1DA-4C63-A516-AE4D591BFC59.jpg|media/F1A2781E-9E3E-4721-80BD-94CC07D8E028.jpg|media/2F332510-2CEC-4383-8E63-54783070B537.jpg
12849229421,"Nov 8, 2024, 1:50:21 AM",Afternoon Ride,Ride,,2724,0,148.0,31,false,,,activities/13701224880.fit.gz,,,2724.0,2724.0,0.0,0.0,0.0,0.0,0.0,0.0,0.0,0.0,0.0,,,,,148.0,138.0,,,339.0,,,31.0,,,,,,,,,,,,,0.0,,1.0,,,,,,,,,,,,,,,,,,,,,,,,,,,0.0,0.0,0.0,,,,,,,,,,,,,,,,,,,,,""
12710108028,"Oct 21, 2024, 3:34:34 PM",Morning Swim,Swim,Very random & messy xtrain. Shared a lane with Reese and five basketball guys and Reese went 1v1 with one of them and won. Swam for like 45 mins but messed up my watch,4872,777,152.0,9,false,,,activities/13551620940.fit.gz,,,4872.0,1569.0,777.2,9.144,0.495,0.0,0.0,0.0,0.0,0.0,0.0,,,,30.0,152.0,95.0,,,126.0,,,9.0,,,,,,,,,,,0.0,,0.0,,1.0,,,,,,,,,,,,,,,,,,,,,,,,,,,0.0,0.16,0.0,,,,,,25.0,,,,,,,,,,,,,,,""
12705820081,"Oct 21, 2024, 2:48:27 AM",Bronco,Run,Was a season’s best but definitely ran last week’s race better. Have alotta thoughts about the past two months and am looking forward to when life slows down a bit so I can sit with them for awhile. But for now I’ll keep showin up and hang on for dear life!,1467,6.00,,,false,,,,,,1467.0,1467.0,6000.0,,4.09,,,,,,0.0,,,,,,,,,,,,,,,,,,,,,,,0.0,,0.0,,0.0,,,,,,,,,,,,,,,,,,,,,,,,,,,0.0,4.09,0.0,,,,,,,,,,,,,,,,,,,,,media/09EB1C0D-D3BB-4C60-AD64-7DECE098C33C.jpg|media/E7F46ED2-E711-46E8-9DD7-311023929A7A.jpg|media/17F193A5-92F5-499A-955F-53C71CB82991.jpg
12704056464,"Oct 20, 2024, 5:06:35 PM",Morning Run,Run,,4264,12.88,185.0,127,false,,,activities/13545041031.fit.gz,,,4264.0,3787.0,12888.9,4.327,3.403,8.5,132.0,-0.1,3.5,6.3,0.0,,,94.0,90.0,185.0,160.0,,,618.0,,,127.0,,,,,,,,,,,,,0.0,,1.0,12893.9,,,,,,,,,,,,,,,,,,,,,,,,,,0.0,3.023,12422.3,,,,11318.0,,,,,3.405,,,,,,,,,,,,""
12695705778,"Oct 19, 2024, 5:23:51 PM",Morning Run,Run,,2608,4.69,165.0,20,false,,,activities/13536056828.fit.gz,,,2608.0,1608.0,4695.0,4.427,2.92,7.0,57.0,0.0,4.6,5.5,0.0,,,92.0,87.0,165.0,140.0,,,222.0,,,20.0,,,,,,,,,,,,,0.0,,1.0,4703.9,,,,,,,,,,,,,,,,,,,,,,,,,,0.0,1.8,1391.2,,,,4566.0,,,,,2.925,,,,,,,,,,,,""
12695704023,"Oct 19, 2024, 3:38:00 PM",Morning Run,Run,,1049,3.26,177.0,26,false,,,activities/13536054955.fit.gz,,,1049.0,978.0,3263.7,4.821,3.337,0.0,43.0,0.4,1.3,1.6,0.0,,,93.0,88.0,177.0,154.0,,,160.0,,,26.0,,,,,,,,,,,,,0.0,,1.0,3265.2,,,,,,,,,,,,,,,,,,,,,,,,,,0.0,3.111,1464.1,,,,2844.0,,,,,3.339,,,,,,,,,,,,""
12686281556,"Oct 18, 2024, 3:08:33 PM",🙂,Run,very odd premeet,2551,4.37,154.0,12,false,,,activities/13525919553.fit.gz,,,2551.0,1302.0,4375.4,6.432,3.361,34.2,208.0,65.2,92.9,16.5,-0.1,,,101.0,90.0,154.0,134.0,,,175.0,,,12.0,,,,,,,,,,,0.0,,0.0,,1.0,4415.6,,,,,,,,,,,,,,,,,,,,,,,,,,0.0,1.715,0.0,,,,3890.0,,,,,3.391,,,,,,,,,,,,media/15644D2D-5B08-475A-85C9-AD1F60435B38.jpg
12678534297,"Oct 17, 2024, 2:34:22 PM",Morning Run,Run,,3725,8.87,164.0,43,false,,,activities/13517624158.fit.gz,,,3725.0,2700.0,8870.3,5.37,3.285,91.7,296.0,65.2,105.7,26.0,0.0,,,93.0,88.0,164.0,143.0,,,396.0,,,43.0,,,,,,,,,,,,,0.0,,1.0,9023.5,,,,,,,,,,,,,,,,,,,,,,,,,,0.0,2.381,264.8,,,,7864.0,,,,,3.342,,,,,,,,,,,,""
12665053246,"Oct 15, 2024, 10:21:58 PM",Afternoon Run,Run,,690,1.75,157.0,11,false,,,activities/13503220527.fit.gz,,,690.0,617.0,1751.8,3.633,2.839,0.0,30.0,8.5,9.8,0.8,0.0,,,97.0,90.0,157.0,146.0,,,90.0,,,11.0,,,,,,,,,,,,,0.0,,1.0,1752.3,,,,,,,,,,,,,,,,,,,,,,,,,,0.0,2.539,631.9,,,,1846.0,,,,,2.84,,,,,,,,,,,,""
12664965084,"Oct 15, 2024, 9:33:06 PM",New workout loc unlocked,Run,Goin psycho tn 😛,2679,8.32,187.0,83,false,,,activities/13503128548.fit.gz,,,2679.0,2560.0,8322.2,6.69,3.251,0.0,134.0,8.5,9.8,2.0,0.0,,,113.0,90.0,187.0,164.0,,,399.0,,,83.0,,,,,,,,,,,0.0,,0.0,,1.0,8326.0,,,,,,,,,,,,,,,,,,,,,,,,,,0.0,3.106,4301.2,,,,5994.0,,,,,3.252,,,,,,,,,,,,""
12664653116,"Oct 15, 2024, 8:50:20 PM",Afternoon Run,Run,,1277,3.43,161.0,19,false,,,activities/13502801491.fit.gz,,,1277.0,1007.0,3430.3,4.136,3.406,0.0,112.0,11.5,76.6,4.0,-1.9,,,95.0,90.0,161.0,146.0,,,157.0,,,19.0,,,,,,,,,,,,,0.0,,1.0,3314.3,,,,,,,,,,,,,,,,,,,,,,,,,,0.0,2.686,1114.1,,,,3020.0,,,,,3.291,,,,,,,,,,,,""
12657642061,"Oct 15, 2024, 12:48:31 AM",Afternoon Elliptical,Elliptical,left my airpod case on the elliptical,1803,0,159.0,45,false,,,activities/13495289303.fit.gz,,,1803.0,1803.0,0.0,0.0,0.0,0.0,0.0,0.0,0.0,0.0,0.0,,,85.0,71.0,159.0,151.0,,,280.0,,,45.0,,,,,,,,,,,0.0,,0.0,,1.0,,,,,,,,,,,,,,,,,,,,,,,,,,,0.0,0.0,0.0,,,,4494.0,,,,,,,4494.0,,,,,,,,,,""
12655750313,"Oct 14, 2024, 6:14:19 PM",Swim w reesey poo,Swim,These blisters boutta be my 13th reason,2839,"2,240",139.0,15,false,,,activities/13493281433.fit.gz,,,2839.0,2701.0,2240.3,1.76,0.829,0.0,0.0,0.0,0.0,0.0,0.0,,,,28.0,139.0,118.0,,,350.0,,,15.0,,,,,,,,,,,0.0,,0.0,,1.0,,,,,,,,,,,,,,,,,,,,,,,,,,,0.0,0.789,0.0,,,,,,25.0,,,,,,,,,,,,,,,""
12633395398,"Oct 12, 2024, 2:11:57 AM",Race - ‼️ Trigger Warning ‼️,Run,Got a 40 sec course PB and was my best race so far this season so I’ll take it. Rolled my ankle about 20 times and got some nasty blisters but other than that it was so fun running w lily & marlee and having the best cheerleaders!! If anyone has blister tips lmk 😖🙌🏻 literally had to shower sitting down it hurts so much,1490,6.00,,,false,,,,,,1490.0,1490.0,6000.0,,4.027,,,,,,0.0,,,,,,,,,,,,,,,,,,,,,,,0.0,,0.0,,0.0,,,,,,,,,,,,,,,,,,,,,,,,,,,0.0,4.027,0.0,,,,,,,,,,,,,,,,,,,,,media/D77FBBAE-52D0-4C2D-8A53-7FE1107D917D.jpg|media/93A0BFA1-D099-4E84-B880-D74DF74BC14B.jpg|media/BBDA4AA2-6251-460A-8ED1-BA9606BF6DA9.jpg|media/26C5CF03-E17D-4DA2-AEB2-32AC9837093E.jpg
12633533065,"Oct 12, 2024, 12:08:54 AM",Afternoon Run,Run,,1194,2.62,140.0,4,false,,,activities/13469266758.fit.gz,,,1194.0,1115.0,2619.5,2.776,2.349,10.6,36.0,44.2,50.1,8.6,0.0,,,102.0,90.0,140.0,129.0,,,132.0,,,4.0,,,,,,,,,,,,,0.0,,1.0,2638.7,,,,,,,,,,,,,,,,,,,,,,,,,,0.0,2.194,0.0,,,,3300.0,,,,,2.367,,,,,,,,,,,,""
12632677866,"Oct 11, 2024, 10:26:24 PM",Afternoon Run,Run,,1277,3.39,165.0,23,false,,,activities/13468350851.fit.gz,,,1277.0,1011.0,3398.9,4.709,3.362,16.6,54.0,40.6,49.1,3.6,0.0,,,93.0,89.0,165.0,151.0,,,163.0,,,23.0,,,,,,,,,,,,,0.0,,1.0,3414.1,,,,,,,,,,,,,,,,,,,,,,,,,,0.0,2.662,1674.2,,,,2978.0,,,,,3.377,,,,,,,,,,,,""
12624457720,"Oct 10, 2024, 3:08:35 PM",Morning Run,Run,,3582,7.02,155.0,26,false,,,activities/13459496963.fit.gz,,,3582.0,2193.0,7020.0,6.63,3.201,45.6,205.0,70.9,91.3,6.5,-0.1,,,105.0,90.0,155.0,138.0,,,307.0,,,26.0,,,,,,,,,,,,,0.0,,1.0,7063.9,,,,,,,,,,,,,,,,,,,,,,,,,,0.0,1.96,0.0,,,,6482.0,,,,,3.221,,,,,,,,,,,,""
12608256920,"Oct 8, 2024, 4:40:59 PM",Morning Run,Run,,742,2.10,158.0,7,false,,,activities/13442215259.fit.gz,,,742.0,698.0,2108.7,4.09,3.021,18.8,56.0,71.4,89.6,8.1,0.3,,,95.0,89.0,158.0,139.0,,,101.0,,,7.0,,,,,,,,,,,,,0.0,,1.0,2159.2,,,,,,,,,,,,,,,,,,,,,,,,,,0.0,2.842,0.0,,,,2074.0,,,,,3.093,,,,,,,,,,,,""
12606748052,"Oct 8, 2024, 3:33:30 PM",type shit 😔,Run,"",3026,9.08,190.0,74,false,,,activities/13440633963.fit.gz,,,3026.0,2767.0,9088.2,6.476,3.284,0.0,150.0,79.3,79.9,1.0,0.0,,,101.0,91.0,190.0,158.0,,,395.0,,,74.0,,,,,,,,,,,0.0,,0.0,,1.0,9092.5,,,,,,,,,,,,,,,,,,,,,,,,,,0.0,3.003,0.0,,,,6940.0,,,,,3.286,,,,,,,,,,,,media/C4D483BD-10CA-48EF-B4D3-D50EE24B1B2E.jpg
12606742567,"Oct 8, 2024, 2:38:08 PM",Morning Run,Run,,994,3.11,158.0,13,false,,,activities/13440628433.fit.gz,,,994.0,923.0,3111.3,4.673,3.371,21.0,74.0,65.2,91.1,2.4,-0.2,,,93.0,89.0,158.0,141.0,,,138.0,,,13.0,,,,,,,,,,,,,0.0,,1.0,3107.8,,,,,,,,,,,,,,,,,,,,,,,,,,0.0,3.13,0.0,,,,2732.0,,,,,3.367,,,,,,,,,,,,""
12599874495,"Oct 7, 2024, 3:17:50 PM",Morning Run,Run,,2964,8.63,163.0,47,false,,,activities/13433302790.fit.gz,,,2964.0,2623.0,8630.2,4.6,3.29,57.7,262.0,65.3,92.9,6.5,-0.1,,,94.0,89.0,163.0,146.0,,,389.0,,,47.0,,,,,,,,,,,,,0.0,,1.0,8681.1,,,,,,,,,,,,,,,,,,,,,,,,,,0.0,2.912,0.0,,,,7768.0,,,,,3.31,,,,,,,,,,,,""
12573408722,"Oct 4, 2024, 2:50:29 PM",🧎🏽‍♀️,Run,the worst my legs have felt in months </3,3798,9.66,186.0,42,false,,,activities/13405763156.fit.gz,,,3798.0,3065.0,9662.0,4.604,3.152,89.6,255.0,54.7,84.8,23.1,0.0,,,94.0,89.0,186.0,140.0,,,453.0,,,42.0,,,,,,,,,,,0.0,,0.0,,1.0,9790.8,,,,,,,,,,,,,,,,,,,,,,,,,,0.0,2.544,853.3,,,,9026.0,,,,,3.194,,,,,,,,,,,,""
12569095573,"Oct 4, 2024, 12:07:49 AM",Afternoon Run,Run,Stummy hurt 😫,3474,8.63,156.0,23,false,,,activities/13401098036.fit.gz,,,3474.0,2692.0,8631.5,5.823,3.206,58.4,213.0,56.9,83.8,12.7,0.0,,,98.0,89.0,156.0,134.0,,,367.0,,,23.0,,,,,,,,,,,0.0,,0.0,,1.0,8719.9,,,,,,,,,,,,,,,,,,,,,,,,,,0.0,2.485,562.8,,,,7846.0,,,,,3.239,,,,,,,,,,,,""
12549139560,"Oct 1, 2024, 3:55:03 PM",Morning Run,Run,,764,2.02,153.0,9,false,,,activities/13379832912.fit.gz,,,764.0,702.0,2019.8,9.362,2.877,32.7,88.0,77.7,105.6,8.6,0.5,,,91.0,87.0,153.0,141.0,,,99.0,,,9.0,,,,,,,,,,,,,0.0,,1.0,2110.0,,,,,,,,,,,,,,,,,,,,,,,,,,0.0,2.644,0.0,,,,2032.0,,,,,3.006,,,,,,,,,,,,""
12548990298,"Oct 1, 2024, 3:05:26 PM","4xmile, 4x400",Run,lay on the beach kinda day 🧘🏼‍♀️,2572,9.35,187.0,80,false,,,activities/13379674823.fit.gz,,,2572.0,2419.0,9356.5,6.214,3.868,0.0,133.0,79.3,79.9,0.9,0.0,,,101.0,89.0,187.0,160.0,,,407.0,,,80.0,,,,,,,,,,,0.0,,0.0,,1.0,9360.7,,,,,,,,,,,,,,,,,,,,,,,,,,0.0,3.638,0.0,,,,6674.0,,,,,3.87,,,,,,,,,,,,""
12548536653,"Oct 1, 2024, 2:21:37 PM",Morning Run,Run,,1184,3.23,151.0,12,false,,,activities/13379189354.fit.gz,,,1184.0,1062.0,3231.6,4.201,3.043,20.7,95.0,71.4,92.8,5.1,-0.4,,,91.0,88.0,151.0,138.0,,,150.0,,,12.0,,,,,,,,,,,,,0.0,,1.0,3221.1,,,,,,,,,,,,,,,,,,,,,,,,,,0.0,2.729,0.0,,,,3102.0,,,,,3.033,,,,,,,,,,,,""
12540767413,"Sep 30, 2024, 2:46:51 PM",Morning Run,Run,,3592,7.18,157.0,31,false,,,activities/13370893426.fit.gz,,,3592.0,2233.0,7188.1,6.04,3.219,83.8,270.0,72.8,105.7,8.6,-0.2,,,101.0,89.0,157.0,141.0,,,320.0,,,31.0,,,,,,,,,,,,,0.0,,1.0,7314.9,,,,,,,,,,,,,,,,,,,,,,,,,,0.0,2.001,493.8,,,,6612.0,,,,,3.276,,,,,,,,,,,,""
12534925277,"Sep 29, 2024, 3:41:11 PM",Morning Run,Run,Dons be like 🤒🤒😷😷,5901,17.71,186.0,154,false,,,activities/13364569278.fit.gz,,,5901.0,5106.0,17710.6,7.548,3.469,173.1,378.0,21.6,105.7,12.4,0.0,,,99.0,91.0,186.0,157.0,,,846.0,,,154.0,,,,,,,,,,,0.0,,0.0,,1.0,17947.9,,,,,,,,,,,,,,,,,,,,,,,,,,0.0,3.001,7667.8,,,,15528.0,,,,,3.515,,,,,,,,,,,,""
12528016978,"Sep 29, 2024, 12:35:39 AM",Afternoon Run,Run,,1098,2.30,149.0,5,false,,,activities/13357213264.fit.gz,,,1098.0,905.0,2307.1,4.467,2.549,36.0,59.0,45.2,77.8,25.4,1.2,,,93.0,88.0,149.0,131.0,,,113.0,,,5.0,,,,,,,,,,,,,0.0,,1.0,2414.4,,,,,,,,,,,,,,,,,,,,,,,,,,0.0,2.101,710.5,,,,2622.0,,,,,2.668,,,,,,,,,,,,""
12527863218,"Sep 28, 2024, 11:52:40 PM",Afternoon Run,Run,2x2 mile + some pickups,2190,7.86,187.0,74,false,,,activities/13357049467.fit.gz,,,2190.0,2175.0,7868.7,6.817,3.618,27.3,120.0,40.6,46.1,8.1,0.0,,,102.0,92.0,187.0,162.0,,,352.0,,,74.0,,,,,,,,,,,0.0,,0.0,,1.0,7893.9,,,,,,,,,,,,,,,,,,,,,,,,,,0.0,3.593,3213.3,,,,6036.0,,,,,3.629,,,,,,,,,,,,""
12527860669,"Sep 28, 2024, 11:10:53 PM",Afternoon Run,Run,,1488,4.04,159.0,16,false,,,activities/13357046711.fit.gz,,,1488.0,1259.0,4041.0,5.66,3.21,18.3,141.0,45.4,105.7,9.1,-1.2,,,95.0,90.0,159.0,141.0,,,180.0,,,16.0,,,,,,,,,,,,,0.0,,1.0,3978.9,,,,,,,,,,,,,,,,,,,,,,,,,,0.0,2.716,0.0,,,,3762.0,,,,,3.16,,,,,,,,,,,,""
12519749648,"Sep 28, 2024, 12:22:11 AM",Afternoon Run,Run,,3803,9.66,161.0,52,false,,,activities/13348374508.fit.gz,,,3803.0,3041.0,9665.9,4.837,3.179,48.4,296.0,54.6,78.7,5.1,0.0,,,92.0,88.0,161.0,144.0,,,438.0,,,52.0,,,,,,,,,,,,,0.0,,1.0,9698.6,,,,,,,,,,,,,,,,,,,,,,,,,,0.0,2.542,0.0,,,,8904.0,,,,,3.189,,,,,,,,,,,,""
12502050562,"Sep 25, 2024, 3:35:25 PM",Morning Run,Run,,1032,2.58,176.0,19,false,,,activities/13329518879.fit.gz,,,1032.0,904.0,2584.3,3.55,2.859,35.9,52.0,45.4,77.8,6.7,1.0,,,94.0,88.0,176.0,148.0,,,135.0,,,19.0,,,,,,,,,,,,,0.0,,1.0,2684.5,,,,,,,,,,,,,,,,,,,,,,,,,,0.0,2.504,81.4,,,,2654.0,,,,,2.97,,,,,,,,,,,,""
12502047949,"Sep 25, 2024, 2:50:01 PM",8x800,Run,Great workout with Kaylee then saw that I got this. Life is a balance! 😄,2098,7.11,186.0,55,false,,,activities/13329515452.fit.gz,,,2098.0,1841.0,7109.8,5.428,3.862,34.5,112.0,40.6,46.1,4.1,0.0,,,99.0,91.0,186.0,156.0,,,351.0,,,55.0,,,,,,,,,,,0.0,,0.0,,1.0,7140.8,,,,,,,,,,,,,,,,,,,,,,,,,,0.0,3.389,6070.4,,,,5358.0,,,,,3.879,,,,,,,,,,,,media/0BE78245-EB11-4B2F-A560-328023BB4D86.jpg
12502044380,"Sep 25, 2024, 2:11:38 PM",Morning Run,Run,,1395,4.20,154.0,12,false,,,activities/13329512141.fit.gz,,,1395.0,1364.0,4199.4,4.1,3.079,17.4,143.0,45.4,105.7,9.4,-1.2,,,93.0,90.0,154.0,137.0,,,188.0,,,12.0,,,,,,,,,,,,,0.0,,1.0,4131.2,,,,,,,,,,,,,,,,,,,,,,,,,,0.0,3.01,104.8,,,,4086.0,,,,,3.029,,,,,,,,,,,,""
12496363667,"Sep 24, 2024, 10:19:05 PM",Afternoon Run,Run,,3188,8.64,153.0,38,false,,,activities/13323434945.fit.gz,,,3188.0,2764.0,8645.8,4.929,3.128,7.5,314.0,2.7,10.8,4.6,0.0,,,92.0,89.0,153.0,141.0,,,392.0,,,38.0,,,,,,,,,,,,,0.0,,1.0,8657.0,,,,,,,,,,,,,,,,,,,,,,,,,,0.0,2.712,396.3,,,,8172.0,,,,,3.132,,,,,,,,,,,,""
12488279478,"Sep 24, 2024, 12:15:46 AM",Afternoon Run,Run,Me tired,3405,9.66,159.0,53,false,,,activities/13314829358.fit.gz,,,3405.0,2847.0,9665.3,5.934,3.395,44.8,274.0,56.9,78.7,5.9,0.0,,,112.0,90.0,159.0,146.0,,,419.0,,,53.0,,,,,,,,,,,0.0,,0.0,,1.0,9697.5,,,,,,,,,,,,,,,,,,,,,,,,,,0.0,2.839,0.0,,,,8408.0,,,,,3.406,,,,,,,,,,,,""
12479150597,"Sep 22, 2024, 5:36:56 PM",Tommy sighting ‼️,Run,Watch died hopefully I hit 10,5150,14.99,183.0,130,false,,,activities/13305083441.fit.gz,,,5150.0,4190.0,14990.7,4.93,3.578,85.5,329.0,40.7,105.7,23.4,-0.2,,,97.0,88.0,183.0,158.0,,,683.0,,,130.0,,,,,,,,,,,0.0,,0.0,,1.0,15060.1,,,,,,,,,,,,,,,,,,,,,,,,,,0.0,2.911,2661.6,,,,12338.0,,,,,3.594,,,,,,,,,,,,""
12463745875,"Sep 21, 2024, 6:40:27 AM",Race,Run,6ks are hard and today was extra hard. Keeping my head up tho and cant rly complain when I have these girls with me,1582,6.00,,,false,,,,,,1582.0,1582.0,6000.0,,3.793,,,,,,0.0,,,,,,,,,,,,,,,,,,,,,,,0.0,,0.0,,0.0,,,,,,,,,,,,,,,,,,,,,,,,,,,0.0,3.793,0.0,,,,,,,,,,,,,,,,,,,,,media/723790A8-8A47-4256-BAC9-DEB46D5B72A9.jpg|media/0A41F140-9917-4054-A453-BD77D22AECC1.jpg|media/9343A5B1-2E99-4654-B76E-FB4F1DD85816.jpg
12463456402,"Sep 21, 2024, 2:08:30 AM",Evening Run,Run,"",962,1.29,147.0,3,false,,,activities/13288293910.fit.gz,,,962.0,616.0,1291.8,3.14,2.097,0.0,12.0,11.7,12.4,1.4,0.0,,,87.0,83.0,147.0,132.0,,,75.0,,,3.0,,,,,,,,,,,0.0,,0.0,,1.0,1292.4,,,,,,,,,,,,,,,,,,,,,,,,,,0.0,1.343,0.0,,,,1450.0,,,,,2.098,,,,,,,,,,,,""
12462634671,"Sep 21, 2024, 12:23:03 AM",Afternoon Run,Run,,950,3.23,174.0,35,false,,,activities/13287405574.fit.gz,,,950.0,945.0,3235.0,5.116,3.423,0.0,24.0,11.0,12.4,0.8,0.0,,,95.0,88.0,174.0,164.0,,,163.0,,,35.0,,,,,,,,,,,,,0.0,,1.0,3235.2,,,,,,,,,,,,,,,,,,,,,,,,,,0.0,3.405,0.0,,,,2780.0,,,,,3.423,,,,,,,,,,,,""
12451458105,"Sep 19, 2024, 3:08:59 PM",Morning Run,Run,,2711,6.18,157.0,12,false,,,activities/13275476340.fit.gz,,,2711.0,2019.0,6187.4,7.842,3.065,57.5,155.0,70.9,105.8,11.1,-0.1,,,105.0,89.0,157.0,131.0,,,267.0,,,12.0,,,,,,,,,,,,,0.0,,1.0,6280.6,,,,,,,,,,,,,,,,,,,,,,,,,,0.0,2.282,277.1,,,,5950.0,,,,,3.111,,,,,,,,,,,,""
12433887315,"Sep 17, 2024, 3:36:33 PM",Morning Run,Run,,971,2.60,159.0,22,false,,,activities/13256755648.fit.gz,,,971.0,971.0,2599.2,3.359,2.677,43.3,59.0,40.6,78.0,6.5,1.2,,,92.0,88.0,159.0,149.0,,,141.0,,,22.0,,,,,,,,,,,,,0.0,,1.0,2714.5,,,,,,,,,,,,,,,,,,,,,,,,,,0.0,2.677,1170.8,,,,2846.0,,,,,2.796,,,,,,,,,,,,""
12433896538,"Sep 17, 2024, 2:56:06 PM",Ryman sighting!! 🤩,Run,"6x1200, still gonna be so late for class :D",2084,7.73,194.0,85,false,,,activities/13256765414.fit.gz,,,2084.0,1874.0,7737.8,5.877,4.129,18.7,97.0,40.6,46.0,3.6,0.0,,,98.0,91.0,194.0,169.0,,,375.0,,,85.0,,,,,,,,,,,0.0,,0.0,,1.0,7753.0,,,,,,,,,,,,,,,,,,,,,,,,,,0.0,3.713,2416.1,,,,5706.0,,,,,4.137,,,,,,,,,,,,""
12433896050,"Sep 17, 2024, 2:24:58 PM",Morning Run,Run,,1268,3.68,153.0,11,false,,,activities/13256764848.fit.gz,,,1268.0,1200.0,3681.7,3.811,3.068,6.8,94.0,41.0,77.8,2.7,-0.9,,,92.0,88.0,153.0,138.0,,,170.0,,,11.0,,,,,,,,,,,,,0.0,,1.0,3625.3,,,,,,,,,,,,,,,,,,,,,,,,,,0.0,2.904,515.4,,,,3520.0,,,,,3.021,,,,,,,,,,,,""
12425632323,"Sep 16, 2024, 3:06:55 PM",Morning Run,Run,,2902,6.87,166.0,43,false,,,activities/13247947463.fit.gz,,,2902.0,1965.0,6876.8,6.647,3.5,35.1,144.0,65.2,92.9,6.5,-0.1,,,108.0,90.0,166.0,149.0,,,307.0,,,43.0,,,,,,,,,,,,,0.0,,1.0,6908.6,,,,,,,,,,,,,,,,,,,,,,,,,,0.0,2.37,0.0,,,,5872.0,,,,,3.516,,,,,,,,,,,,""
12419007707,"Sep 15, 2024, 4:03:58 PM",Morning Run,Run,Trail runner for tha day,5949,16.42,183.0,185,false,,,activities/13240816568.fit.gz,,,5949.0,5691.0,16426.5,4.141,2.886,305.9,573.0,2.6,187.8,17.4,0.0,,,95.0,89.0,183.0,159.0,,,867.0,,,185.0,,,,,,,,,,,0.0,,0.0,,1.0,17051.7,,,,,,,,,,,,,,,,,,,,,,,,,,0.0,2.761,16412.3,,,,17050.0,,,,,2.996,,,,,,,,,,,,media/00627542-D559-41A6-81D2-30D184260C21.jpg|media/EEB43E69-DB29-40AE-A04F-96A9D5711E83.jpg
12410218596,"Sep 14, 2024, 5:19:27 PM",Morning Run,Run,,1018,2.33,158.0,9,false,,,activities/13231401092.fit.gz,,,1018.0,865.0,2333.7,4.414,2.698,25.8,92.0,71.4,92.8,36.5,0.6,,,89.0,87.0,158.0,140.0,,,116.0,,,9.0,,,,,,,,,,,,,0.0,,1.0,2414.2,,,,,,,,,,,,,,,,,,,,,,,,,,0.0,2.292,0.0,,,,2484.0,,,,,2.791,,,,,,,,,,,,""
12409738486,"Sep 14, 2024, 4:30:10 PM","I turn now, goodluck everybody! 🤩",Run,8x600 4x200,2329,6.79,182.0,32,false,,,activities/13230884392.fit.gz,,,2329.0,1678.0,6792.6,6.493,4.048,0.0,128.0,79.3,79.9,1.0,0.0,,,103.0,90.0,182.0,146.0,,,318.0,,,32.0,,,,,,,,,,,0.0,,0.0,,1.0,6795.5,,,,,,,,,,,,,,,,,,,,,,,,,,0.0,2.917,0.0,,,,4874.0,,,,,4.05,,,,,,,,,,,,media/8F727810-7A58-42DF-9768-D938A2C50571.jpg
12409372316,"Sep 14, 2024, 3:46:28 PM",Morning Run,Run,,1295,3.67,151.0,13,false,,,activities/13230490669.fit.gz,,,1295.0,1208.0,3678.9,3.934,3.045,22.9,96.0,71.4,91.1,4.6,-0.3,,,92.0,88.0,151.0,138.0,,,172.0,,,13.0,,,,,,,,,,,,,0.0,,1.0,3672.9,,,,,,,,,,,,,,,,,,,,,,,,,,0.0,2.841,0.0,,,,3510.0,,,,,3.04,,,,,,,,,,,,""
12403711735,"Sep 14, 2024, 12:35:13 AM",Afternoon Run,Run,"",3707,8.37,155.0,22,false,,,activities/13224400972.fit.gz,,,3707.0,2718.0,8378.8,5.922,3.083,66.8,233.0,42.9,77.9,21.8,0.0,,,99.0,88.0,155.0,132.0,,,370.0,,,22.0,,,,,,,,,,,0.0,,0.0,,1.0,8466.1,,,,,,,,,,,,,,,,,,,,,,,,,,0.0,2.26,1411.7,,,,7902.0,,,,,3.115,,,,,,,,,,,,""
12388099306,"Sep 11, 2024, 11:31:08 PM",Afternoon Run,Run,,1454,2.04,151.0,7,false,,,activities/13207611741.fit.gz,,,1454.0,792.0,2045.2,3.676,2.582,36.5,52.0,45.2,71.8,7.2,1.1,,,93.0,86.0,151.0,136.0,,,101.0,,,7.0,,,,,,,,,,,,,0.0,,1.0,2145.8,,,,,,,,,,,,,,,,,,,,,,,,,,0.0,1.407,1126.9,,,,2238.0,,,,,2.709,,,,,,,,,,,,""
12388098524,"Sep 11, 2024, 11:00:04 PM",Afternoon Run,Run,3 + 1 @ thresh,1645,6.56,186.0,78,false,,,activities/13207610938.fit.gz,,,1645.0,1577.0,6562.8,5.512,4.162,35.5,89.0,40.6,46.1,4.8,-0.1,,,96.0,91.0,186.0,170.0,,,293.0,,,78.0,,,,,,,,,,,0.0,,0.0,,1.0,6572.8,,,,,,,,,,,,,,,,,,,,,,,,,,0.0,3.99,4438.0,,,,4732.0,,,,,4.168,,,,,,,,,,,,""
12388096282,"Sep 11, 2024, 10:23:14 PM",Afternoon Run,Run,,1287,3.85,155.0,11,false,,,activities/13207608644.fit.gz,,,1287.0,1209.0,3856.0,4.119,3.189,17.7,98.0,45.8,105.6,9.4,-1.3,,,91.0,88.0,155.0,137.0,,,168.0,,,11.0,,,,,,,,,,,,,0.0,,1.0,3788.8,,,,,,,,,,,,,,,,,,,,,,,,,,0.0,2.996,0.0,,,,3544.0,,,,,3.134,,,,,,,,,,,,""
12380199995,"Sep 11, 2024, 1:55:08 AM",🌆🌃,Run,9-7 school schedule wasn’t ideal but still made for a nice sunset run :),3444,9.38,160.0,52,false,,,activities/13199177017.fit.gz,,,3444.0,2776.0,9385.0,5.784,3.381,9.0,302.0,2.7,11.8,2.5,0.0,,,97.0,88.0,160.0,144.0,,,420.0,,,52.0,,,,,,,,,,,0.0,,0.0,,1.0,9392.6,,,,,,,,,,,,,,,,,,,,,,,,,,0.0,2.725,94.0,,,,8122.0,,,,,3.384,,,,,,,,,,,,media/41A2A4CD-7B1F-4DEF-841B-134381CDC80B.mp4
12367042483,"Sep 9, 2024, 2:41:15 PM",Morning Run,Run,,3547,8.15,164.0,37,false,,,activities/13185295042.fit.gz,,,3547.0,2470.0,8153.0,4.614,3.301,77.5,218.0,71.4,105.7,9.9,0.0,,,94.0,89.0,164.0,141.0,,,374.0,,,37.0,,,,,,,,,,,,,0.0,,1.0,8274.8,,,,,,,,,,,,,,,,,,,,,,,,,,0.0,2.299,0.0,,,,7216.0,,,,,3.35,,,,,,,,,,,,""
12359942152,"Sep 8, 2024, 3:08:49 PM",Morning Run,Run,,2960,7.63,157.0,33,false,,,activities/13177612971.fit.gz,,,2960.0,2411.0,7636.5,5.74,3.167,60.1,199.0,71.5,105.8,9.5,0.0,,,93.0,87.0,157.0,141.0,,,350.0,,,33.0,,,,,,,,,,,,,0.0,,1.0,7750.7,,,,,,,,,,,,,,,,,,,,,,,,,,0.0,2.58,192.6,,,,6932.0,,,,,3.215,,,,,,,,,,,,""
12352886023,"Sep 7, 2024, 8:11:20 PM",Afternoon Run,Run,,2567,5.07,163.0,17,false,,,activities/13170043702.fit.gz,,,2567.0,1802.0,5073.5,3.964,2.815,25.9,137.0,57.1,75.8,16.9,0.0,,,89.0,86.0,163.0,133.0,,,231.0,,,17.0,,,,,,,,,,,,,0.0,,1.0,5099.5,,,,,,,,,,,,,,,,,,,,,,,,,,0.0,1.976,0.0,,,,5118.0,,,,,2.83,,,,,,,,,,,,""
12333565814,"Sep 5, 2024, 3:15:40 PM",Morning Run,Run,Live laugh love bronchitis,1390,3.34,144.0,5,false,,,activities/13149236652.fit.gz,,,1390.0,1239.0,3342.8,4.645,2.698,49.1,140.0,73.7,105.7,47.0,-0.1,,,92.0,86.0,144.0,126.0,,,156.0,,,5.0,,,,,,,,,,,0.0,,0.0,,1.0,3404.9,,,,,,,,,,,,,,,,,,,,,,,,,,0.0,2.405,443.6,,,,3530.0,,,,,2.748,,,,,,,,,,,,""
12300601696,"Sep 1, 2024, 4:01:54 PM",Morning Run,Run,Time to see the doc 😔,5221,16.10,183.0,159,false,,,activities/13112483069.fit.gz,,,5221.0,4665.0,16108.1,4.268,3.453,2.3,136.0,1.3,4.2,1.7,0.0,,,94.0,90.0,183.0,160.0,,,774.0,,,159.0,,,,,,,,,,,0.0,,0.0,,1.0,16116.8,,,,,,,,,,,,,,,,,,,,,,,,,,0.0,3.085,13470.7,,,,13948.0,,,,,3.455,,,,,,,,,,,,""
12293746419,"Sep 1, 2024, 12:06:15 AM",Afternoon Run,Run,"",2578,8.06,167.0,55,false,,,activities/13105146500.fit.gz,,,2578.0,2377.0,8068.1,4.943,3.394,66.9,225.0,45.9,77.8,6.9,0.0,,,93.0,88.0,167.0,151.0,,,374.0,,,55.0,,,,,,,,,,,0.0,,0.0,,1.0,8147.3,,,,,,,,,,,,,,,,,,,,,,,,,,0.0,3.13,1502.1,,,,6954.0,,,,,3.428,,,,,,,,,,,,""
12293280666,"Aug 30, 2024, 10:00:00 PM",Race,Run,"",1510,6.00,,,false,,,,,,1510.0,1510.0,6000.0,,3.974,,,,,,0.0,,,,,,,,,,,,,,,,,,,,,,,,,0.0,,0.0,,,,,,,,,,,,,,,,,,,,,,,,,,,0.0,3.974,0.0,,,,,,,,,,,,,,,,,,,,,""
12284686408,"Aug 30, 2024, 10:47:18 PM",Xc my biggest opp! 😃,Run,Grass running is hard for me,1043,2.77,154.0,9,false,,,activities/13095651830.fit.gz,,,1043.0,989.0,2770.8,3.868,2.802,27.6,65.0,45.4,60.1,5.0,0.0,,,94.0,88.0,154.0,138.0,,,137.0,,,9.0,,,,,,,,,,,0.0,,0.0,,1.0,2804.3,,,,,,,,,,,,,,,,,,,,,,,,,,0.0,2.657,1332.0,,,,2878.0,,,,,2.835,,,,,,,,,,,,""
12284341609,"Aug 30, 2024, 9:02:39 PM",Afternoon Run,Run,,1451,3.01,170.0,21,false,,,activities/13095295447.fit.gz,,,1451.0,916.0,3010.9,4.665,3.287,15.8,63.0,40.6,48.3,5.3,0.0,,,95.0,89.0,170.0,152.0,,,146.0,,,21.0,,,,,,,,,,,,,0.0,,1.0,3025.2,,,,,,,,,,,,,,,,,,,,,,,,,,0.0,2.075,1353.0,,,,2698.0,,,,,3.303,,,,,,,,,,,,""
12274175566,"Aug 29, 2024, 3:10:11 PM",Morning Run,Run,,2787,6.63,164.0,42,false,,,activities/13084686268.fit.gz,,,2787.0,1975.0,6630.1,5.754,3.357,42.9,192.0,65.2,92.9,6.7,-0.1,,,102.0,90.0,164.0,149.0,,,298.0,,,42.0,,,,,,,,,,,,,0.0,,1.0,6665.4,,,,,,,,,,,,,,,,,,,,,,,,,,0.0,2.379,0.0,,,,5872.0,,,,,3.375,,,,,,,,,,,,""
12256513849,"Aug 27, 2024, 4:01:33 PM",Morning Run,Run,,1199,2.83,162.0,15,false,,,activities/13065634151.fit.gz,,,1199.0,941.0,2838.0,3.617,3.016,14.3,47.0,40.6,46.0,4.1,-0.1,,,95.0,90.0,162.0,145.0,,,141.0,,,15.0,,,,,,,,,,,,,0.0,,1.0,2848.0,,,,,,,,,,,,,,,,,,,,,,,,,,0.0,2.367,1977.5,,,,2812.0,,,,,3.027,,,,,,,,,,,,""
12256359097,"Aug 27, 2024, 3:27:28 PM",Morning Run,Run,Fun being back out there w team. Gotta lock in on this mild bronchitis. Vaporflys feel weird. Race week!,2012,6.92,188.0,55,false,,,activities/13065473831.fit.gz,,,2012.0,1700.0,6920.3,5.933,4.071,0.0,90.0,41.5,42.5,1.5,0.0,,,100.0,92.0,188.0,159.0,,,327.0,,,55.0,,,,,,,,,,,0.0,,0.0,,1.0,6923.9,,,,,,,,,,,,,,,,,,,,,,,,,,0.0,3.439,0.0,,,,5316.0,,,,,4.073,,,,,,,,,,,,""
12255931500,"Aug 27, 2024, 2:36:05 PM",Morning Run,Run,,1281,4.18,161.0,22,false,,,activities/13065029078.fit.gz,,,1281.0,1232.0,4182.4,4.07,3.395,17.8,129.0,45.0,105.7,9.9,-1.1,,,93.0,90.0,161.0,145.0,,,186.0,,,22.0,,,,,,,,,,,,,0.0,,1.0,4126.0,,,,,,,,,,,,,,,,,,,,,,,,,,0.0,3.265,51.4,,,,3694.0,,,,,3.349,,,,,,,,,,,,""
12251241274,"Aug 26, 2024, 3:14:06 PM",Morning Run,Run,,2285,6.99,169.0,43,false,,,activities/13060128273.fit.gz,,,2285.0,2108.0,6990.0,4.25,3.316,51.2,168.0,65.3,92.8,7.9,-0.1,,,95.0,89.0,169.0,148.0,,,326.0,,,43.0,,,,,,,,,,,,,0.0,,1.0,7034.1,,,,,,,,,,,,,,,,,,,,,,,,,,0.0,3.059,0.0,,,,6240.0,,,,,3.337,,,,,,,,,,,,""
12214989942,"Aug 22, 2024, 3:12:42 PM",Morning Run,Run,,3494,10.18,167.0,75,false,,,activities/13022375029.fit.gz,,,3494.0,3054.0,10179.0,4.433,3.333,109.3,236.0,33.0,105.7,10.0,0.0,,,94.0,90.0,167.0,152.0,,,482.0,,,75.0,,,,,,,,,,,,,0.0,,1.0,10351.4,,,,,,,,,,,,,,,,,,,,,,,,,,0.0,2.913,4390.4,,,,9154.0,,,,,3.389,,,,,,,,,,,,""
12197349921,"Aug 20, 2024, 3:30:49 PM",🤒,Run,"First day of school, wish my body felt better but at least it was a beautiful day out at Crissy",3953,9.67,176.0,79,false,,,activities/13003821287.fit.gz,,,3953.0,2768.0,9670.4,5.756,3.494,5.3,121.0,3.1,6.2,1.4,0.0,,,100.0,91.0,176.0,154.0,,,444.0,,,79.0,,,,,,,,,,,0.0,,0.0,,1.0,9676.4,,,,,,,,,,,,,,,,,,,,,,,,,,0.0,2.446,5862.9,,,,8294.0,,,,,3.496,,,,,,,,,,,,""
12191576130,"Aug 19, 2024, 11:12:26 PM",Afternoon Run,Run,,2882,8.67,156.0,33,false,,,activities/12997424206.fit.gz,,,2882.0,2701.0,8675.2,4.628,3.212,62.7,306.0,49.3,77.9,8.5,0.0,,,94.0,89.0,156.0,141.0,,,386.0,,,33.0,,,,,,,,,,,,,0.0,,1.0,8746.0,,,,,,,,,,,,,,,,,,,,,,,,,,0.0,3.01,1070.0,,,,8030.0,,,,,3.238,,,,,,,,,,,,""
12181429905,"Aug 18, 2024, 4:03:17 PM",Morning Run,Run,"",4653,12.71,170.0,66,false,,,activities/12986134034.fit.gz,,,4653.0,4403.0,12718.5,4.919,2.889,276.0,567.0,7.0,266.2,18.6,0.0,,,94.0,88.0,170.0,142.0,,,631.0,,,66.0,,,,,,,,,,,0.0,,0.0,,1.0,13378.0,,,,,,,,,,,,,,,,,,,,,,,,,,0.0,2.733,9197.6,,,,13000.0,,,,,3.038,,,,,,,,,,,,""
12172800237,"Aug 17, 2024, 4:51:45 PM",Morning Run,Run,,821,2.13,155.0,13,false,,,activities/12976508999.fit.gz,,,821.0,762.0,2129.8,4.342,2.795,17.6,68.0,71.3,88.2,7.7,0.2,,,94.0,90.0,155.0,144.0,,,109.0,,,13.0,,,,,,,,,,,,,0.0,,1.0,2174.5,,,,,,,,,,,,,,,,,,,,,,,,,,0.0,2.594,0.0,,,,2266.0,,,,,2.854,,,,,,,,,,,,""
12172799408,"Aug 17, 2024, 3:55:49 PM",Morning Run,Run,,2718,8.70,189.0,93,false,,,activities/12976508145.fit.gz,,,2718.0,2441.0,8705.5,5.917,3.566,4.8,115.0,79.3,84.2,8.5,0.0,,,97.0,90.0,189.0,166.0,,,408.0,,,93.0,,,,,,,,,,,,,0.0,,1.0,8719.4,,,,,,,,,,,,,,,,,,,,,,,,,,0.0,3.203,123.6,,,,6638.0,,,,,3.572,,,,,,,,,,,,""
12172737728,"Aug 17, 2024, 3:10:06 PM",Morning Run,Run,,1456,3.97,160.0,21,false,,,activities/12976438917.fit.gz,,,1456.0,1181.0,3969.4,4.833,3.361,19.7,119.0,71.4,91.1,5.0,-0.3,,,94.0,90.0,160.0,146.0,,,178.0,,,21.0,,,,,,,,,,,,,0.0,,1.0,3962.8,,,,,,,,,,,,,,,,,,,,,,,,,,0.0,2.726,210.3,,,,3500.0,,,,,3.355,,,,,,,,,,,,""
12165856149,"Aug 16, 2024, 9:46:16 PM",Afternoon Run,Run,,3361,9.73,166.0,67,false,,,activities/12968699193.fit.gz,,,3361.0,2739.0,9729.6,9.16,3.552,26.3,135.0,1.6,15.8,34.7,0.0,,,114.0,89.0,166.0,153.0,,,438.0,,,67.0,,,,,,,,,,,,,0.0,,1.0,9771.8,,,,,,,,,,,,,,,,,,,,,,,,,,0.0,2.895,321.5,,,,8080.0,,,,,3.568,,,,,,,,,,,,""
12155599156,"Aug 15, 2024, 3:14:23 PM",Morning Run,Run,,2717,8.22,162.0,46,false,,,activities/12956740454.fit.gz,,,2717.0,2411.0,8219.7,4.972,3.409,63.3,228.0,70.6,92.9,6.7,-0.1,,,93.0,89.0,162.0,146.0,,,370.0,,,46.0,,,,,,,,,,,,,0.0,,1.0,8286.7,,,,,,,,,,,,,,,,,,,,,,,,,,0.0,3.025,46.8,,,,7156.0,,,,,3.437,,,,,,,,,,,,""
12147127382,"Aug 14, 2024, 3:59:59 PM",Morning Run,Run,,3017,7.84,189.0,77,false,,,activities/12946893623.fit.gz,,,3017.0,2529.0,7845.1,5.19,3.102,147.6,269.0,74.4,109.5,14.8,-0.1,,,98.0,88.0,189.0,158.0,,,397.0,,,77.0,,,,,,,,,,,,,0.0,,1.0,8140.5,,,,,,,,,,,,,,,,,,,,,,,,,,0.0,2.6,4509.7,,,,7344.0,,,,,3.219,,,,,,,,,,,,""
12147122745,"Aug 14, 2024, 3:16:02 PM",Morning Run,Run,,1249,4.14,165.0,27,false,,,activities/12946888890.fit.gz,,,1249.0,1248.0,4146.4,4.468,3.322,31.3,120.0,70.8,105.6,9.4,-0.1,,,94.0,89.0,165.0,148.0,,,201.0,,,27.0,,,,,,,,,,,,,0.0,,1.0,4191.8,,,,,,,,,,,,,,,,,,,,,,,,,,0.0,3.32,403.6,,,,3690.0,,,,,3.359,,,,,,,,,,,,""
12139104563,"Aug 13, 2024, 5:22:38 PM",Morning Run,Run,,3491,9.49,163.0,70,false,,,activities/12938504739.fit.gz,,,3491.0,2803.0,9496.9,5.321,3.388,53.1,296.0,56.9,81.6,7.0,0.0,,,98.0,89.0,163.0,152.0,,,441.0,,,70.0,,,,,,,,,,,,,0.0,,1.0,9562.3,,,,,,,,,,,,,,,,,,,,,,,,,,0.0,2.72,462.1,,,,8280.0,,,,,3.411,,,,,,,,,,,,""
12130016048,"Aug 12, 2024, 5:10:50 PM",Feelin 22,Run,First run as a 22 yr old AND first run with the new team?? Issa goooood day 😁,3197,8.95,160.0,40,false,,,activities/12928987400.fit.gz,,,3197.0,2757.0,8957.7,4.32,3.249,80.1,227.0,46.3,91.1,7.8,0.0,,,99.0,89.0,160.0,142.0,,,405.0,,,40.0,,,,,,,,,,,0.0,,0.0,,1.0,9078.4,,,,,,,,,,,,,,,,,,,,,,,,,,0.0,2.802,2865.1,,,,8178.0,,,,,3.293,,,,,,,,,,,,""
12113731411,"Aug 10, 2024, 4:25:48 PM",It’s a good weekend to be in sf 😈,Run,Sore as a mf but we move,6896,16.32,160.0,79,false,,,activities/12911839106.fit.gz,,,6896.0,5103.0,16324.2,4.239,3.199,210.1,446.0,57.4,104.2,14.4,0.0,,,95.0,89.0,160.0,142.0,,,740.0,,,79.0,,,,,,,,,,,0.0,,0.0,,1.0,16716.4,,,,,,,,,,,,,,,,,,,,,,,,,,0.0,2.367,2697.9,,,,15130.0,,,,,3.276,,,,,,,,,,,,media/6DC539D3-D2D6-4B81-83E4-E828748363E7.jpg
12107338999,"Aug 10, 2024, 1:04:56 AM",Evening Weight Training,Weight Training,,2717,0,137.0,7,false,,,activities/12905142684.fit.gz,,,2717.0,2717.0,0.0,0.0,0.0,0.0,0.0,0.0,0.0,0.0,0.0,,,,,137.0,102.0,,,170.0,,,7.0,,,,,,,,,,,,,0.0,,1.0,,,,,,,,,,,,,,,,,,,,,,,,,,,0.0,0.0,0.0,,,,,,,,,,,40.0,,,,,,,,,,""
12106007113,"Aug 9, 2024, 8:27:46 PM",Afternoon Run,Run,,1315,3.67,160.0,27,false,,,activities/12903751346.fit.gz,,,1315.0,1165.0,3679.0,3.95,3.158,0.0,54.0,2.8,4.5,2.0,0.0,,,92.0,89.0,160.0,151.0,,,180.0,,,27.0,,,,,,,,,,,,,0.0,,1.0,3681.9,,,,,,,,,,,,,,,,,,,,,,,,,,0.0,2.798,143.9,,,,3442.0,,,,,3.16,,,,,,,,,,,,""
12106006213,"Aug 9, 2024, 7:57:44 PM",Summer semester DONE,Run,Time for my week long summer break,1681,6.56,186.0,77,false,,,activities/12903750363.fit.gz,,,1681.0,1621.0,6567.5,5.413,4.052,0.0,107.0,2.6,4.0,1.0,0.0,,,93.0,89.0,186.0,169.0,,,299.0,,,77.0,,,,,,,,,,,0.0,,0.0,,1.0,6570.1,,,,,,,,,,,,,,,,,,,,,,,,,,0.0,3.907,151.7,,,,4868.0,,,,,4.053,,,,,,,,,,,,""
12106005237,"Aug 9, 2024, 7:32:10 PM",Lunch Run,Run,,1156,3.08,148.0,8,false,,,activities/12903749376.fit.gz,,,1156.0,934.0,3084.1,4.145,3.302,0.0,169.0,2.8,4.5,2.1,0.0,,,91.0,87.0,148.0,135.0,,,133.0,,,8.0,,,,,,,,,,,,,0.0,,1.0,3085.2,,,,,,,,,,,,,,,,,,,,,,,,,,0.0,2.668,146.8,,,,2716.0,,,,,3.303,,,,,,,,,,,,""
12098844556,"Aug 8, 2024, 9:34:58 PM",Afternoon Run,Run,,3798,8.81,153.0,26,false,,,activities/12896200371.fit.gz,,,3798.0,2776.0,8809.9,5.234,3.174,67.0,238.0,45.9,78.0,14.1,0.0,,,104.0,89.0,153.0,136.0,,,383.0,,,26.0,,,,,,,,,,,,,0.0,,1.0,8905.9,,,,,,,,,,,,,,,,,,,,,,,,,,0.0,2.32,1263.0,,,,8184.0,,,,,3.208,,,,,,,,,,,,""
12090467675,"Aug 7, 2024, 9:43:56 PM",Afternoon Elliptical,Elliptical,,3605,0,158.0,72,false,,,activities/12887438079.fit.gz,,,3605.0,3605.0,0.0,0.0,0.0,0.0,0.0,0.0,0.0,0.0,0.0,,,80.0,69.0,158.0,147.0,,,506.0,,,72.0,,,,,,,,,,,,,0.0,,1.0,,,,,,,,,,,,,,,,,,,,,,,,,,,0.0,0.0,0.0,,,,8312.0,,,,,,,8312.0,,,,,,,,,,""
12082608786,"Aug 7, 2024, 1:37:24 AM",Evening Weight Training,Weight Training,,1186,0,134.0,3,false,,,activities/12879218774.fit.gz,,,1186.0,1186.0,0.0,0.0,0.0,0.0,0.0,0.0,0.0,0.0,0.0,,,,,134.0,113.0,,,99.0,,,3.0,,,,,,,,,,,,,0.0,,1.0,,,,,,,,,,,,,,,,,,,,,,,,,,,0.0,0.0,0.0,,,,,,,,,,,12.0,,,,,,,,,,""
12082402639,"Aug 6, 2024, 11:47:22 PM",7x3on2off,Run,"",5042,13.32,186.0,106,false,,,activities/12879004902.fit.gz,,,5042.0,3837.0,13320.1,5.062,3.471,50.7,217.0,77.8,105.6,8.3,0.0,,,93.0,88.0,186.0,154.0,,,602.0,,,106.0,,,,,,,,,,,0.0,,0.0,,1.0,13423.4,,,,,,,,,,,,,,,,,,,,,,,,,,0.0,2.642,189.4,,,,11242.0,,,,,3.498,,,,,,,,,,,,""
12071554781,"Aug 5, 2024, 7:09:03 PM",Lunch Run,Run,,3174,9.42,160.0,63,false,,,activities/12867680863.fit.gz,,,3174.0,2807.0,9427.2,5.767,3.358,2.3,341.0,2.7,5.1,1.8,0.0,,,99.0,88.0,160.0,149.0,,,434.0,,,63.0,,,,,,,,,,,,,0.0,,1.0,9432.2,,,,,,,,,,,,,,,,,,,,,,,,,,0.0,2.97,969.7,,,,8250.0,,,,,3.36,,,,,,,,,,,,""
12072328855,"Aug 5, 2024, 7:09:00 PM",Afternoon Ride,Ride,"",6036,9.09,,,false,,,activities/12072328855.gpx,,,6036.0,2705.0,9095.2,9.949,3.362,3.5,3.5,2.7,7.6,24.2,0.0,,,,,,,,,,,,,,,,,,,,,,,0.0,,0.0,,1.0,,,,,,,,,,,,,,,,,,,,,,,,,,,0.0,1.507,1011.3,,,,,,,,,,,,,,,,,,,,,""
12054266734,"Aug 3, 2024, 4:36:26 PM",Morning Run,Run,Loc so good had to run it back,5474,17.26,178.0,157,false,,,activities/12849557398.fit.gz,,,5474.0,4801.0,17265.3,5.078,3.596,40.6,358.0,92.7,105.6,7.9,0.0,,,92.0,88.0,178.0,160.0,,,790.0,,,157.0,,,,,,,,,,,0.0,,0.0,,1.0,17319.2,,,,,,,,,,,,,,,,,,,,,,,,,,0.0,3.154,0.0,,,,14074.0,,,,,3.607,,,,,,,,,,,,""
12047145309,"Aug 2, 2024, 10:16:17 PM",Afternoon Weight Training,Weight Training,,2654,0,135.0,6,false,,,activities/12842129118.fit.gz,,,2654.0,2654.0,0.0,0.0,0.0,0.0,0.0,0.0,0.0,0.0,0.0,,,,,135.0,100.0,,,156.0,,,6.0,,,,,,,,,,,,,0.0,,1.0,,,,,,,,,,,,,,,,,,,,,,,,,,,0.0,0.0,0.0,,,,,,,,,,,22.0,,,,,,,,,,""
12046551902,"Aug 2, 2024, 8:24:43 PM",Brah,Run,Tried to stay away from oly spoilers but even gmail ain’t safe 😩,1102,3.31,163.0,29,false,,,activities/12841511401.fit.gz,,,1102.0,1034.0,3317.1,3.807,3.208,0.0,94.0,2.8,4.0,1.8,0.0,,,93.0,89.0,163.0,156.0,,,169.0,,,29.0,,,,,,,,,,,0.0,,0.0,,1.0,3319.2,,,,,,,,,,,,,,,,,,,,,,,,,,0.0,3.01,0.0,,,,3060.0,,,,,3.21,,,,,,,,,,,,""
12046551028,"Aug 2, 2024, 8:03:57 PM",Afternoon Run,Run,"",1154,4.83,186.0,61,false,,,activities/12841510467.fit.gz,,,1154.0,1154.0,4836.4,5.702,4.191,0.0,101.0,3.2,4.0,1.0,0.0,,,93.0,90.0,186.0,171.0,,,215.0,,,61.0,,,,,,,,,,,0.0,,0.0,,1.0,4838.4,,,,,,,,,,,,,,,,,,,,,,,,,,0.0,4.191,165.6,,,,3448.0,,,,,4.193,,,,,,,,,,,,""
12046550944,"Aug 2, 2024, 7:32:21 PM",Lunch Run,Run,,1381,4.00,152.0,14,false,,,activities/12841510360.fit.gz,,,1381.0,1219.0,4009.0,4.118,3.289,0.0,199.0,2.8,3.9,0.6,0.0,,,89.0,87.0,152.0,138.0,,,180.0,,,14.0,,,,,,,,,,,,,0.0,,1.0,4009.2,,,,,,,,,,,,,,,,,,,,,,,,,,0.0,2.903,0.0,,,,3528.0,,,,,3.289,,,,,,,,,,,,""
12046008272,"Aug 1, 2024, 10:16:08 PM",Afternoon Run,Run,,3543,9.84,161.0,60,false,,,activities/12840944750.fit.gz,,,3543.0,2828.0,9844.5,6.176,3.481,9.6,359.0,2.6,12.2,2.7,0.0,,,100.0,88.0,161.0,148.0,,,428.0,,,60.0,,,,,,,,,,,,,0.0,,1.0,9853.2,,,,,,,,,,,,,,,,,,,,,,,,,,0.0,2.779,139.8,,,,8262.0,,,,,3.484,,,,,,,,,,,,""
12031678286,"Jul 31, 2024, 11:06:54 PM",Afternoon Elliptical,Elliptical,,3604,0,157.0,68,false,,,activities/12826008984.fit.gz,,,3604.0,3604.0,0.0,0.0,0.0,0.0,0.0,0.0,0.0,0.0,0.0,,,78.0,68.0,157.0,146.0,,,513.0,,,68.0,,,,,,,,,,,,,0.0,,1.0,,,,,,,,,,,,,,,,,,,,,,,,,,,0.0,0.0,0.0,,,,8174.0,,,,,,,8174.0,,,,,,,,,,""
12019414119,"Jul 30, 2024, 1:56:55 PM",Morning Run,Run,,4723,13.37,187.0,128,false,,,activities/12813292355.fit.gz,,,4723.0,3796.0,13375.3,5.168,3.524,48.6,340.0,57.4,84.8,39.6,0.0,,,96.0,90.0,187.0,159.0,,,624.0,,,128.0,,,,,,,,,,,,,0.0,,1.0,13443.6,,,,,,,,,,,,,,,,,,,,,,,,,,0.0,2.832,361.6,,,,11254.0,,,,,3.542,,,,,,,,,,,,""
12013148120,"Jul 29, 2024, 7:14:18 PM",Lunch Run,Run,Big west lore with Lukas,3339,9.77,160.0,56,false,,,activities/12806789785.fit.gz,,,3339.0,2892.0,9777.2,6.016,3.381,0.0,348.0,2.8,4.4,2.9,0.0,,,101.0,88.0,160.0,147.0,,,436.0,,,56.0,,,,,,,,,,,0.0,,0.0,,1.0,9780.7,,,,,,,,,,,,,,,,,,,,,,,,,,0.0,2.928,0.0,,,,8404.0,,,,,3.382,,,,,,,,,,,,""
11998297429,"Jul 28, 2024, 12:24:50 AM",Afternoon Run,Run,"",4978,17.22,183.0,164,false,,,activities/12791317783.fit.gz,,,4978.0,4802.0,17224.6,4.922,3.587,48.9,397.0,89.0,105.6,8.3,0.0,,,95.0,89.0,183.0,160.0,,,803.0,,,164.0,,,,,,,,,,,0.0,,0.0,,1.0,17302.8,,,,,,,,,,,,,,,,,,,,,,,,,,0.0,3.46,0.0,,,,14276.0,,,,,3.603,,,,,,,,,,,,""
11989682978,"Jul 27, 2024, 12:00:22 AM",Afternoon Weight Training,Weight Training,,2131,0,135.0,4,false,,,activities/12782322442.fit.gz,,,2131.0,2131.0,0.0,0.0,0.0,0.0,0.0,0.0,0.0,0.0,0.0,,,,,135.0,95.0,,,119.0,,,4.0,,,,,,,,,,,,,0.0,,1.0,,,,,,,,,,,,,,,,,,,,,,,,,,,0.0,0.0,0.0,,,,,,,,,,,28.0,,,,,,,,,,""
11989382874,"Jul 26, 2024, 10:52:33 PM",Afternoon Run,Run,,2347,5.63,171.0,41,false,,,activities/12782010223.fit.gz,,,2347.0,1778.0,5629.3,4.435,3.166,68.7,155.0,70.8,104.9,45.0,0.4,,,92.0,88.0,171.0,152.0,,,266.0,,,41.0,,,,,,,,,,,,,0.0,,1.0,5807.8,,,,,,,,,,,,,,,,,,,,,,,,,,0.0,2.399,0.0,,,,5130.0,,,,,3.266,,,,,,,,,,,,""
11989168079,"Jul 26, 2024, 10:40:46 PM",Afternoon Run,Run,"",135,0.37,151.0,2,false,,,activities/12781786843.fit.gz,,,135.0,122.0,378.4,3.585,3.102,0.0,9.0,44.3,46.1,1.1,0.3,,,89.0,87.0,151.0,145.0,,,20.0,,,2.0,,,,,,,,,,,0.0,,0.0,,1.0,380.0,,,,,,,,,,,,,,,,,,,,,,,,,,0.0,2.803,218.2,,,,386.0,,,,,3.115,,,,,,,,,,,,""
11989152711,"Jul 26, 2024, 10:18:20 PM",Me tired,Run,"Body and mind is in need of some serious R&R, but can’t stop me from being hype abt running w another Don today!! 🤩",1331,4.84,182.0,57,false,,,activities/12781770953.fit.gz,,,1331.0,1180.0,4843.4,4.85,4.105,23.0,100.0,40.6,46.1,3.1,-0.1,,,94.0,90.0,182.0,169.0,,,214.0,,,57.0,,,,,,,,,,,0.0,,0.0,,1.0,4855.4,,,,,,,,,,,,,,,,,,,,,,,,,,0.0,3.639,2926.7,,,,3542.0,,,,,4.115,,,,,,,,,,,,""
11989001095,"Jul 26, 2024, 9:47:05 PM",Afternoon Run,Run,,1247,4.08,161.0,19,false,,,activities/12781613586.fit.gz,,,1247.0,1203.0,4080.4,4.434,3.392,20.2,143.0,45.4,97.7,7.6,-1.2,,,90.0,88.0,161.0,145.0,,,187.0,,,19.0,,,,,,,,,,,,,0.0,,1.0,4017.0,,,,,,,,,,,,,,,,,,,,,,,,,,0.0,3.272,148.3,,,,3496.0,,,,,3.339,,,,,,,,,,,,""
11980695778,"Jul 25, 2024, 7:18:33 PM",Lunch Run,Run,,2386,7.97,160.0,51,false,,,activities/12772974317.fit.gz,,,2386.0,2377.0,7972.0,7.772,3.354,0.0,472.0,2.7,6.6,2.1,0.0,,,94.0,89.0,160.0,149.0,,,369.0,,,51.0,,,,,,,,,,,,,0.0,,1.0,7972.5,,,,,,,,,,,,,,,,,,,,,,,,,,0.0,3.341,136.0,,,,7028.0,,,,,3.354,,,,,,,,,,,,""
11972943124,"Jul 24, 2024, 8:46:36 PM",Afternoon Elliptical,Elliptical,,3728,0,142.0,14,false,,,activities/12764928717.fit.gz,,,3728.0,3728.0,0.0,0.0,0.0,0.0,0.0,0.0,0.0,0.0,0.0,,,82.0,69.0,142.0,123.0,,,322.0,,,14.0,,,,,,,,,,,,,0.0,,1.0,,,,,,,,,,,,,,,,,,,,,,,,,,,0.0,0.0,0.0,,,,4262.0,,,,,,,4262.0,,,,,,,,,,""
11965419897,"Jul 24, 2024, 1:01:35 AM",Evening Weight Training,Weight Training,,1863,0,113.0,4,false,,,activities/12757135821.fit.gz,,,1863.0,1863.0,0.0,0.0,0.0,0.0,0.0,0.0,0.0,0.0,0.0,,,,,113.0,93.0,,,95.0,,,4.0,,,,,,,,,,,,,0.0,,1.0,,,,,,,,,,,,,,,,,,,,,,,,,,,0.0,0.0,0.0,,,,,,,,,,,20.0,,,,,,,,,,""
11965180241,"Jul 23, 2024, 11:35:31 PM",Afternoon Run,Run,,4004,11.31,184.0,62,false,,,activities/12756889221.fit.gz,,,4004.0,3399.0,11318.1,5.538,3.33,121.7,346.0,25.0,97.9,11.3,0.0,,,95.0,88.0,184.0,147.0,,,507.0,,,62.0,,,,,,,,,,,,,0.0,,1.0,11512.0,,,,,,,,,,,,,,,,,,,,,,,,,,0.0,2.827,794.9,,,,9910.0,,,,,3.387,,,,,,,,,,,,""
11954891272,"Jul 22, 2024, 7:15:40 PM",Lunch Run,Run,,3507,10.17,166.0,76,false,,,activities/12746256964.fit.gz,,,3507.0,2782.0,10178.6,9.27,3.659,9.5,336.0,2.6,12.2,2.5,0.0,,,106.0,89.0,166.0,155.0,,,446.0,,,76.0,,,,,,,,,,,,,0.0,,1.0,10188.0,,,,,,,,,,,,,,,,,,,,,,,,,,0.0,2.902,160.1,,,,8116.0,,,,,3.662,,,,,,,,,,,,""
11937537943,"Jul 20, 2024, 4:04:26 PM",It’s like a reward,Run,First half with [strava://athletes/68151296/10]Anaya Ward & fig 🐕,5433,16.40,166.0,112,false,,,activities/12728196751.fit.gz,,,5433.0,4804.0,16401.8,4.768,3.414,130.6,410.0,43.6,77.9,9.6,0.0,,,93.0,88.0,166.0,151.0,,,748.0,,,112.0,,,,,,,,,,,0.0,,0.0,,1.0,16550.9,,,,,,,,,,,,,,,,,,,,,,,,,,0.0,3.019,3081.9,,,,14128.0,,,,,3.445,,,,,,,,,,,,""
11930783420,"Jul 19, 2024, 10:23:59 PM",Afternoon Weight Training,Weight Training,,1971,0,120.0,4,false,,,activities/12721169515.fit.gz,,,1971.0,1971.0,0.0,0.0,0.0,0.0,0.0,0.0,0.0,0.0,0.0,,,,,120.0,98.0,,,111.0,,,4.0,,,,,,,,,,,,,0.0,,1.0,,,,,,,,,,,,,,,,,,,,,,,,,,,0.0,0.0,0.0,,,,,,,,,,,16.0,,,,,,,,,,""
11930465094,"Jul 19, 2024, 9:24:09 PM",Afternoon Run,Run,,1307,3.87,159.0,27,false,,,activities/12720839405.fit.gz,,,1307.0,1256.0,3870.6,3.842,3.082,32.6,116.0,48.0,77.8,6.8,0.2,,,93.0,90.0,159.0,149.0,,,191.0,,,27.0,,,,,,,,,,,,,0.0,,1.0,3936.8,,,,,,,,,,,,,,,,,,,,,,,,,,0.0,2.961,747.1,,,,3764.0,,,,,3.134,,,,,,,,,,,,""
11930351628,"Jul 19, 2024, 8:58:29 PM",Afternoon Run,Run,,1137,4.83,186.0,54,false,,,activities/12720721307.fit.gz,,,1137.0,1137.0,4838.9,4.992,4.256,25.3,76.0,40.6,46.1,4.0,0.0,,,94.0,92.0,186.0,170.0,,,211.0,,,54.0,,,,,,,,,,,,,0.0,,1.0,4854.4,,,,,,,,,,,,,,,,,,,,,,,,,,0.0,4.256,3230.4,,,,3478.0,,,,,4.269,,,,,,,,,,,,""
11930221312,"Jul 19, 2024, 8:27:38 PM",Afternoon Run,Run,,1359,4.16,155.0,20,false,,,activities/12720585352.fit.gz,,,1359.0,1208.0,4161.0,4.644,3.445,26.4,182.0,45.9,77.9,3.8,-0.3,,,92.0,89.0,155.0,143.0,,,183.0,,,20.0,,,,,,,,,,,,,0.0,,1.0,4160.0,,,,,,,,,,,,,,,,,,,,,,,,,,0.0,3.062,1060.0,,,,3546.0,,,,,3.444,,,,,,,,,,,,""
11923254814,"Jul 18, 2024, 10:25:06 PM",Afternoon Run,Run,,2663,8.29,155.0,48,false,,,activities/12713339672.fit.gz,,,2663.0,2433.0,8294.5,4.712,3.409,2.5,242.0,2.7,5.6,2.1,0.0,,,93.0,88.0,155.0,146.0,,,374.0,,,48.0,,,,,,,,,,,,,0.0,,1.0,8297.1,,,,,,,,,,,,,,,,,,,,,,,,,,0.0,3.115,139.4,,,,7166.0,,,,,3.41,,,,,,,,,,,,""
11912804747,"Jul 17, 2024, 5:06:26 PM",Morning Elliptical,Elliptical,,3604,0,163.0,97,false,,,activities/12702523066.fit.gz,,,3604.0,3604.0,0.0,0.0,0.0,0.0,0.0,0.0,0.0,0.0,0.0,,,85.0,69.0,163.0,153.0,,,557.0,,,97.0,,,,,,,,,,,,,0.0,,1.0,,,,,,,,,,,,,,,,,,,,,,,,,,,0.0,0.0,0.0,,,,8224.0,,,,,,,8224.0,,,,,,,,,,""
11906792908,"Jul 17, 2024, 12:50:27 AM",Afternoon Weight Training,Weight Training,,2117,0,126.0,4,false,,,activities/12696281111.fit.gz,,,2117.0,2117.0,0.0,0.0,0.0,0.0,0.0,0.0,0.0,0.0,0.0,,,,,126.0,94.0,,,113.0,,,4.0,,,,,,,,,,,,,0.0,,1.0,,,,,,,,,,,,,,,,,,,,,,,,,,,0.0,0.0,0.0,,,,,,,,,,,8.0,,,,,,,,,,""
11902580689,"Jul 16, 2024, 1:53:47 PM",4x(5 on/1 off),Run,Down week ❤️,4401,11.29,184.0,80,false,,,activities/12691959995.fit.gz,,,4401.0,3276.0,11294.5,5.106,3.448,68.2,275.0,57.0,97.0,9.3,0.0,,,94.0,90.0,184.0,151.0,,,511.0,,,80.0,,,,,,,,,,,0.0,,0.0,,1.0,11414.0,,,,,,,,,,,,,,,,,,,,,,,,,,0.0,2.566,74.7,,,,9724.0,,,,,3.484,,,,,,,,,,,,""
11897676202,"Jul 15, 2024, 10:46:01 PM",Afternoon Run,Run,,3187,8.43,182.0,43,false,,,activities/12686878357.fit.gz,,,3187.0,2490.0,8433.8,5.666,3.387,79.5,278.0,56.9,97.2,11.7,0.0,,,100.0,88.0,182.0,145.0,,,358.0,,,43.0,,,,,,,,,,,,,0.0,,1.0,8547.9,,,,,,,,,,,,,,,,,,,,,,,,,,0.0,2.646,0.0,,,,7176.0,,,,,3.433,,,,,,,,,,,,""
11881660285,"Jul 13, 2024, 10:19:02 PM",Afternoon Run,Run,Long slow day,5766,14.88,146.0,26,false,,,activities/12670266015.fit.gz,,,5766.0,4832.0,14888.1,3.896,3.081,110.0,309.0,40.6,77.9,11.3,0.0,,,94.0,89.0,146.0,132.0,,,642.0,,,26.0,,,,,,,,,,,0.0,,0.0,,1.0,15010.9,,,,,,,,,,,,,,,,,,,,,,,,,,0.0,2.582,6890.0,,,,14248.0,,,,,3.107,,,,,,,,,,,,""
11873328635,"Jul 12, 2024, 10:51:33 PM",Afternoon Weight Training,Weight Training,,1790,0,117.0,3,false,,,activities/12661620324.fit.gz,,,1790.0,1790.0,0.0,0.0,0.0,0.0,0.0,0.0,0.0,0.0,0.0,,,,,117.0,89.0,,,82.0,,,3.0,,,,,,,,,,,,,0.0,,1.0,,,,,,,,,,,,,,,,,,,,,,,,,,,0.0,0.0,0.0,,,,,,,,,,,14.0,,,,,,,,,,""
11873067430,"Jul 12, 2024, 9:55:21 PM",Afternoon Run,Run,,1577,3.94,148.0,8,false,,,activities/12661352132.fit.gz,,,1577.0,1353.0,3940.6,4.187,2.913,39.7,129.0,46.7,78.0,8.2,0.3,,,93.0,88.0,148.0,134.0,,,182.0,,,8.0,,,,,,,,,,,,,0.0,,1.0,4019.3,,,,,,,,,,,,,,,,,,,,,,,,,,0.0,2.499,584.0,,,,3962.0,,,,,2.971,,,,,,,,,,,,""
11872944597,"Jul 12, 2024, 9:16:07 PM",4 mile tempo,Run,"",1536,6.45,185.0,70,false,,,activities/12661224936.fit.gz,,,1536.0,1536.0,6450.0,5.038,4.199,35.7,126.0,40.6,46.1,4.9,0.0,,,95.0,92.0,185.0,168.0,,,281.0,,,70.0,,,,,,,,,,,0.0,,0.0,,1.0,6466.3,,,,,,,,,,,,,,,,,,,,,,,,,,0.0,4.199,4313.6,,,,4678.0,,,,,4.21,,,,,,,,,,,,""
11872941712,"Jul 12, 2024, 8:39:57 PM",Afternoon Run,Run,,1476,4.02,152.0,14,false,,,activities/12661221975.fit.gz,,,1476.0,1202.0,4022.9,4.252,3.347,24.0,119.0,45.4,77.8,5.6,-0.3,,,92.0,88.0,152.0,138.0,,,172.0,,,14.0,,,,,,,,,,,,,0.0,,1.0,4019.5,,,,,,,,,,,,,,,,,,,,,,,,,,0.0,2.726,537.1,,,,3534.0,,,,,3.344,,,,,,,,,,,,""
11866799222,"Jul 12, 2024, 12:21:07 AM",Panhandle lowkey ate,Run,"",3270,9.30,161.0,47,false,,,activities/12654845557.fit.gz,,,3270.0,2740.0,9303.5,5.958,3.395,82.7,317.0,56.9,97.1,9.3,0.0,,,97.0,88.0,161.0,144.0,,,399.0,,,47.0,,,,,,,,,,,0.0,,0.0,,1.0,9422.9,,,,,,,,,,,,,,,,,,,,,,,,,,0.0,2.845,0.0,,,,7974.0,,,,,3.439,,,,,,,,,,,,""
11857578415,"Jul 10, 2024, 7:35:53 PM",Lunch Elliptical,Elliptical,Euphoria on repeat kinda day,3603,0,159.0,86,false,,,activities/12645300129.fit.gz,,,3603.0,3603.0,0.0,0.0,0.0,0.0,0.0,0.0,0.0,0.0,0.0,,,76.0,68.0,159.0,150.0,,,529.0,,,86.0,,,,,,,,,,,0.0,,0.0,,1.0,,,,,,,,,,,,,,,,,,,,,,,,,,,0.0,0.0,0.0,,,,8188.0,,,,,,,8188.0,,,,,,,,,,""
11850475923,"Jul 10, 2024, 12:06:42 AM",Afternoon Weight Training,Weight Training,,2248,0,124.0,5,false,,,activities/12637957998.fit.gz,,,2248.0,2248.0,0.0,0.0,0.0,0.0,0.0,0.0,0.0,0.0,0.0,,,,,124.0,101.0,,,139.0,,,5.0,,,,,,,,,,,,,0.0,,1.0,,,,,,,,,,,,,,,,,,,,,,,,,,,0.0,0.0,0.0,,,,,,,,,,,8.0,,,,,,,,,,""
11846580523,"Jul 9, 2024, 1:40:56 PM",Morning Run,Run,Hills,4181,11.50,175.0,68,false,,,activities/12633957383.fit.gz,,,4181.0,3536.0,11499.2,5.907,3.252,143.5,258.0,57.2,97.7,8.4,0.0,,,100.0,88.0,175.0,148.0,,,535.0,,,68.0,,,,,,,,,,,0.0,,0.0,,1.0,11695.3,,,,,,,,,,,,,,,,,,,,,,,,,,0.0,2.75,0.0,,,,10334.0,,,,,3.307,,,,,,,,,,,,""
11838172935,"Jul 8, 2024, 2:04:33 PM",Summer break was a crazy lit movie 🔥,Run,First day of grad school,3489,9.43,154.0,36,false,,,activities/12625315344.fit.gz,,,3489.0,2802.0,9435.0,5.838,3.367,72.3,198.0,42.4,77.8,11.3,0.0,,,101.0,90.0,154.0,139.0,,,400.0,,,36.0,,,,,,,,,,,0.0,,0.0,,1.0,9523.1,,,,,,,,,,,,,,,,,,,,,,,,,,0.0,2.704,1795.7,,,,8362.0,,,,,3.399,,,,,,,,,,,,""
11823881694,"Jul 6, 2024, 4:08:01 PM",To run is to be free,Run,I love ggp,4881,15.34,166.0,106,false,,,activities/12610489349.fit.gz,,,4881.0,4504.0,15348.9,4.455,3.408,127.7,402.0,6.7,77.9,10.0,0.0,,,95.0,89.0,166.0,151.0,,,701.0,,,106.0,,,,,,,,,,,0.0,,0.0,,1.0,15522.5,,,,,,,,,,,,,,,,,,,,,,,,,,0.0,3.145,3947.6,,,,13372.0,,,,,3.446,,,,,,,,,,,,media/972C9C38-E637-4C78-9969-8D297DE1C491.jpg
11817908826,"Jul 5, 2024, 11:30:28 PM",Orientation 😵‍💫😵‍💫,Run,"",3107,8.69,151.0,22,false,,,activities/12604302687.fit.gz,,,3107.0,2697.0,8698.3,5.193,3.225,67.6,306.0,43.3,77.9,7.9,0.0,,,99.0,90.0,151.0,136.0,,,380.0,,,22.0,,,,,,,,,,,0.0,,0.0,,1.0,8788.8,,,,,,,,,,,,,,,,,,,,,,,,,,0.0,2.8,1783.1,,,,8034.0,,,,,3.259,,,,,,,,,,,,""
11808598588,"Jul 4, 2024, 5:13:54 PM",Morning Run,Run,,666,1.61,155.0,3,false,,,activities/12594673175.fit.gz,,,666.0,598.0,1616.4,3.468,2.703,18.9,53.0,67.1,97.4,11.1,-1.0,,,96.0,88.0,155.0,132.0,,,79.0,,,3.0,,,,,,,,,,,,,0.0,,1.0,1633.8,,,,,,,,,,,,,,,,,,,,,,,,,,0.0,2.427,0.0,,,,1744.0,,,,,2.732,,,,,,,,,,,,""
11808597884,"Jul 4, 2024, 4:07:28 PM","4x(10 min slow, 5 min @ tempo)",Run,With Alex!,3713,12.96,180.0,92,false,,,activities/12594672508.fit.gz,,,3713.0,3602.0,12961.3,5.054,3.598,22.3,225.0,77.8,96.6,6.4,-0.1,,,94.0,89.0,180.0,153.0,,,577.0,,,92.0,,,,,,,,,,,0.0,,0.0,,1.0,12963.5,,,,,,,,,,,,,,,,,,,,,,,,,,0.0,3.491,467.4,,,,10632.0,,,,,3.599,,,,,,,,,,,,""
11800994486,"Jul 3, 2024, 5:51:10 PM",Morning Elliptical,Elliptical,,3759,0,150.0,29,false,,,activities/12586830332.fit.gz,,,3759.0,3759.0,0.0,0.0,0.0,0.0,0.0,0.0,0.0,0.0,0.0,,,81.0,67.0,150.0,136.0,,,427.0,,,29.0,,,,,,,,,,,,,0.0,,1.0,,,,,,,,,,,,,,,,,,,,,,,,,,,0.0,0.0,0.0,,,,7956.0,,,,,,,,,,,,,,,,,""
11792393358,"Jul 2, 2024, 5:44:51 PM",Morning Weight Training,Weight Training,,1933,0,122.0,5,false,,,activities/12577976071.fit.gz,,,1933.0,1933.0,0.0,0.0,0.0,0.0,0.0,0.0,0.0,0.0,0.0,,,,,122.0,102.0,,,123.0,,,5.0,,,,,,,,,,,,,0.0,,1.0,,,,,,,,,,,,,,,,,,,,,,,,,,,0.0,0.0,0.0,,,,,,,,,,,,,,,,,,,,,""
11791516510,"Jul 2, 2024, 3:30:20 PM",Morning Run,Run,10x1on/1off,4316,12.34,184.0,71,false,,,activities/12577081012.fit.gz,,,4316.0,3606.0,12341.6,5.906,3.423,90.3,346.0,40.6,78.0,31.9,0.0,,,95.0,89.0,184.0,148.0,,,551.0,,,71.0,,,,,,,,,,,0.0,,0.0,,1.0,12472.3,,,,,,,,,,,,,,,,,,,,,,,,,,0.0,2.859,5091.9,,,,10590.0,,,,,3.459,,,,,,,,,,,,""
11782842684,"Jul 1, 2024, 2:34:57 PM",Morning Run,Run,Hopefully the first of many runs w [strava://athletes/68151296/10]Anaya Ward ☺️,3046,8.69,166.0,45,false,,,activities/12568150084.fit.gz,,,3046.0,2565.0,8698.1,5.486,3.391,50.9,227.0,56.9,77.8,6.6,0.0,,,96.0,88.0,166.0,145.0,,,383.0,,,45.0,,,,,,,,,,,0.0,,0.0,,1.0,8755.5,,,,,,,,,,,,,,,,,,,,,,,,,,0.0,2.856,0.0,,,,7482.0,,,,,3.413,,,,,,,,,,,,""
11770075419,"Jun 29, 2024, 7:04:48 PM",Lunch Run,Run,Back to Saturday LRs lfg + new run buds!,4312,13.73,185.0,123,false,,,activities/12554912622.fit.gz,,,4312.0,4210.0,13736.0,4.351,3.263,87.5,244.0,3.1,67.8,12.6,0.0,,,96.0,88.0,185.0,157.0,,,678.0,,,123.0,,,,,,,,,,,0.0,,0.0,,1.0,13921.3,,,,,,,,,,,,,,,,,,,,,,,,,,0.0,3.186,5117.6,,,,12278.0,,,,,3.307,,,,,,,,,,,,media/3DA1AD74-3CE9-4860-AF64-D35069FF9A61.jpg
11762519195,"Jun 28, 2024, 8:36:43 PM",Afternoon Run,Run,,3561,9.59,181.0,86,false,,,activities/12547104946.fit.gz,,,3561.0,2769.0,9595.6,5.917,3.465,70.2,286.0,42.4,77.9,8.0,0.0,,,102.0,89.0,181.0,159.0,,,439.0,,,86.0,,,,,,,,,,,,,0.0,,1.0,9672.9,,,,,,,,,,,,,,,,,,,,,,,,,,0.0,2.695,1821.2,,,,8014.0,,,,,3.493,,,,,,,,,,,,""
11755135580,"Jun 27, 2024, 7:33:58 PM",Exploring presidio,Run,"Many dogs, many overlooks, many hills",4034,9.67,168.0,64,false,,,activities/12539487287.fit.gz,,,4034.0,3350.0,9675.9,4.772,2.888,178.4,398.0,43.5,93.3,46.8,0.0,,,94.0,88.0,168.0,147.0,,,478.0,,,64.0,,,,,,,,,,,0.0,,0.0,,1.0,10123.6,,,,,,,,,,,,,,,,,,,,,,,,,,0.0,2.399,817.5,,,,9766.0,,,,,3.022,,,,,,,,,,,,media/EA7E240C-CB0E-4D85-9846-941370BE87A5.jpg
11748409274,"Jun 26, 2024, 11:12:54 PM",Afternoon Elliptical,Elliptical,,3787,0,168.0,111,false,,,activities/12532551820.fit.gz,,,3787.0,3787.0,0.0,0.0,0.0,0.0,0.0,0.0,0.0,0.0,0.0,,,86.0,72.0,168.0,156.0,,,586.0,,,111.0,,,,,,,,,,,,,0.0,,1.0,,,,,,,,,,,,,,,,,,,,,,,,,,,0.0,0.0,0.0,,,,8774.0,,,,,,,,,,,,,,,,,""
11737777176,"Jun 25, 2024, 5:28:39 PM",Morning Run,Run,Cd,1243,3.62,160.0,23,false,,,activities/12521775802.fit.gz,,,1243.0,1157.0,3628.7,4.227,3.136,36.1,67.0,45.3,78.0,7.0,0.3,,,95.0,90.0,160.0,148.0,,,173.0,,,23.0,,,,,,,,,,,0.0,,0.0,,1.0,3701.9,,,,,,,,,,,,,,,,,,,,,,,,,,0.0,2.919,266.7,,,,3464.0,,,,,3.2,,,,,,,,,,,,""
11737776125,"Jun 25, 2024, 4:36:47 PM",We just running 😭,Run,"",2829,9.25,187.0,81,false,,,activities/12521774770.fit.gz,,,2829.0,2455.0,9249.6,4.843,3.768,53.4,266.0,40.6,77.9,4.7,-0.1,,,114.0,90.0,187.0,159.0,,,418.0,,,81.0,,,,,,,,,,,0.0,,0.0,,1.0,9262.7,,,,,,,,,,,,,,,,,,,,,,,,,,0.0,3.27,3183.0,,,,7356.0,,,,,3.773,,,,,,,,,,,,""
11731047242,"Jun 24, 2024, 8:49:04 PM",Afternoon Run,Run,First run in SF with oj <33,2335,6.85,158.0,27,false,,,activities/12514843905.fit.gz,,,2335.0,2053.0,6852.5,4.786,3.338,65.0,198.0,57.4,91.3,13.5,0.0,,,89.0,86.0,158.0,141.0,,,301.0,,,27.0,,,,,,,,,,,0.0,,0.0,,1.0,7000.6,,,,,,,,,,,,,,,,,,,,,,,,,,0.0,2.935,596.3,,,,5892.0,,,,,3.41,,,,,,,,,,,,""
11713571707,"Jun 22, 2024, 3:01:35 PM",Morning Run,Run,,5094,12.88,168.0,92,false,,,activities/12496803465.fit.gz,,,5094.0,3865.0,12888.7,4.876,3.335,107.5,274.0,111.3,156.3,11.5,0.0,,,94.0,88.0,168.0,152.0,,,588.0,,,92.0,,,,,,,,,,,,,0.0,,1.0,13005.5,,,,,,,,,,,,,,,,,,,,,,,,,,0.0,2.53,0.0,,,,11326.0,,,,,3.365,,,,,,,,,,,,""
11707275483,"Jun 21, 2024, 8:13:20 PM",Afternoon Run,Run,Idk,2861,6.65,163.0,68,false,,,activities/12490314285.fit.gz,,,2861.0,2648.0,6650.4,2.833,2.511,0.0,0.0,0.0,0.0,0.0,0.0,,,91.0,78.0,163.0,149.0,,,413.0,,,68.0,,,,,,,,,,,0.0,,0.0,,1.0,6650.4,,,,,,,,,,,,,,,,,,,,,,,,,,0.0,2.325,0.0,,,,7162.0,,,,,,,,,,,,,,,,,""
11701724657,"Jun 21, 2024, 1:23:46 AM",Evening Run,Run,,3090,9.66,186.0,94,false,,,activities/12484587047.fit.gz,,,3090.0,2708.0,9665.5,4.57,3.569,46.2,131.0,373.7,398.4,7.3,0.0,,,120.0,89.0,186.0,161.0,,,453.0,,,94.0,,,,,,,,,,,,,0.0,,1.0,9709.7,,,,,,,,,,,,,,,,,,,,,,,,,,0.0,3.128,132.3,,,,8008.0,,,,,3.586,,,,,,,,,,,,""
11692888677,"Jun 19, 2024, 8:19:26 PM",Afternoon Elliptical,Elliptical,,3787,0,163.0,90,false,,,activities/12475496823.fit.gz,,,3787.0,3787.0,0.0,0.0,0.0,0.0,0.0,0.0,0.0,0.0,0.0,,,77.0,67.0,163.0,150.0,,,545.0,,,90.0,,,,,,,,,,,,,0.0,,1.0,,,,,,,,,,,,,,,,,,,,,,,,,,,0.0,0.0,0.0,,,,8020.0,,,,,,,,,,,,,,,,,""
11686082883,"Jun 19, 2024, 2:15:34 AM",Evening Run,Run,,2142,6.44,159.0,32,false,,,activities/12468491952.fit.gz,,,2142.0,1929.0,6444.6,4.253,3.341,31.4,99.0,373.7,398.9,3.4,0.0,,,93.0,88.0,159.0,144.0,,,290.0,,,32.0,,,,,,,,,,,,,0.0,,1.0,6473.2,,,,,,,,,,,,,,,,,,,,,,,,,,0.0,3.009,0.0,,,,5664.0,,,,,3.356,,,,,,,,,,,,""
11676693054,"Jun 17, 2024, 6:33:10 PM",Needed that,Run,First time in Muir Woods. One of my favorite runs I’ve done in my life. Nothing flashy but just really needed this after having such a busy weekend and not running for 3 days,3867,11.28,178.0,92,false,,,activities/12458847550.fit.gz,,,3867.0,3296.0,11280.3,5.778,3.422,115.5,362.0,5.6,45.5,23.1,0.0,,,93.0,88.0,178.0,156.0,,,529.0,,,92.0,,,,,,,,,,,0.0,,0.0,,1.0,11465.0,,,,,,,,,,,,,,,,,,,,,,,,,,0.0,2.917,5357.7,,,,9662.0,,,,,3.478,,,,,,,,,,,,media/67DBA7A2-55BA-4D6D-BBA7-33F308619268.jpg|media/97DF9DD9-0AEB-4549-AE04-A1FA639C35ED.jpg
11647198474,"Jun 13, 2024, 11:30:56 PM",Afternoon Elliptical,Elliptical,,3696,0,163.0,91,false,,,activities/12428394921.fit.gz,,,3696.0,3696.0,0.0,0.0,0.0,0.0,0.0,0.0,0.0,0.0,0.0,,,79.0,68.0,163.0,151.0,,,543.0,,,91.0,,,,,,,,,,,,,0.0,,1.0,,,,,,,,,,,,,,,,,,,,,,,,,,,0.0,0.0,0.0,,,,8006.0,,,,,,,,,,,,,,,,,""
11640086348,"Jun 13, 2024, 2:22:24 AM",Evening Run,Run,,2681,8.16,156.0,39,false,,,activities/12421094824.fit.gz,,,2681.0,2469.0,8161.3,4.569,3.306,4.2,230.0,14.5,18.7,1.8,0.0,,,92.0,88.0,156.0,143.0,,,365.0,,,39.0,,,,,,,,,,,,,0.0,,1.0,8165.8,,,,,,,,,,,,,,,,,,,,,,,,,,0.0,3.044,0.0,,,,7216.0,,,,,3.307,,,,,,,,,,,,""
11630356634,"Jun 11, 2024, 8:16:02 PM",Afternoon Elliptical,Elliptical,Officially done with undergrad! Yippeeee,3603,0,167.0,108,false,,,activities/12411116475.fit.gz,,,3603.0,3603.0,0.0,0.0,0.0,0.0,0.0,0.0,0.0,0.0,0.0,,,94.0,57.0,167.0,157.0,,,577.0,,,108.0,,,,,,,,,,,0.0,,0.0,,1.0,,,,,,,,,,,,,,,,,,,,,,,,,,,0.0,0.0,0.0,,,,9384.0,,,,,,,,,,,,,,,,,""
11614195428,"Jun 9, 2024, 4:48:05 PM",Morning Run,Run,7 with the girlies,4466,10.27,153.0,37,false,,,activities/12394492386.fit.gz,,,4466.0,3178.0,10272.9,4.116,3.232,11.3,148.0,11.9,17.8,3.7,0.0,,,93.0,88.0,153.0,139.0,,,458.0,,,37.0,,,,,,,,,,,0.0,,0.0,,1.0,10284.9,,,,,,,,,,,,,,,,,,,,,,,,,,0.0,2.3,2281.4,,,,9330.0,,,,,3.236,,,,,,,,,,,,""
11607031824,"Jun 8, 2024, 9:27:22 PM",Afternoon Run,Run,"",2557,8.05,166.0,57,false,,,activities/12387087867.fit.gz,,,2557.0,2313.0,8053.4,5.038,3.482,10.3,142.0,13.4,17.8,3.2,0.0,,,94.0,90.0,166.0,152.0,,,368.0,,,57.0,,,,,,,,,,,0.0,,0.0,,1.0,8063.0,,,,,,,,,,,,,,,,,,,,,,,,,,0.0,3.15,0.0,,,,6870.0,,,,,3.486,,,,,,,,,,,,media/222F77AE-1805-4BD2-B817-3783684E8A1B.jpg
11599922536,"Jun 8, 2024, 2:22:37 AM",Evening Run,Run,Davis was looking particularly beautiful this evening. One week till graduation :),2863,8.86,163.0,51,false,,,activities/12379754191.fit.gz,,,2863.0,2613.0,8863.2,4.244,3.392,6.7,299.0,13.9,18.7,3.3,0.0,,,93.0,89.0,163.0,147.0,,,397.0,,,51.0,,,,,,,,,,,0.0,,0.0,,1.0,8869.9,,,,,,,,,,,,,,,,,,,,,,,,,,0.0,3.096,0.0,,,,7706.0,,,,,3.395,,,,,,,,,,,,""
11592777756,"Jun 7, 2024, 2:15:14 AM",Evening Run,Run,,3202,9.67,186.0,116,false,,,activities/12372398527.fit.gz,,,3202.0,2706.0,9671.3,4.213,3.574,3.1,223.0,14.6,18.7,1.5,0.0,,,115.0,88.0,186.0,166.0,,,459.0,,,116.0,,,,,,,,,,,,,0.0,,1.0,9677.3,,,,,,,,,,,,,,,,,,,,,,,,,,0.0,3.02,0.0,,,,7910.0,,,,,3.576,,,,,,,,,,,,""
11580599040,"Jun 5, 2024, 3:22:34 PM",Morning Run,Run,,1613,4.83,167.0,31,false,,,activities/12359938229.fit.gz,,,1613.0,1415.0,4838.0,4.328,3.419,0.0,116.0,14.8,16.1,1.4,0.0,,,89.0,87.0,167.0,150.0,,,223.0,,,31.0,,,,,,,,,,,,,0.0,,1.0,4839.8,,,,,,,,,,,,,,,,,,,,,,,,,,0.0,2.999,0.0,,,,4086.0,,,,,3.42,,,,,,,,,,,,""
11573964026,"Jun 4, 2024, 5:58:31 PM",Morning Elliptical,Elliptical,,3604,0,,,false,,,activities/12353122663.fit.gz,,,3604.0,3604.0,0.0,0.0,0.0,0.0,0.0,0.0,0.0,0.0,0.0,,,94.0,61.0,,,,,596.0,,,,,,,,,,,,,,,,0.0,,1.0,,,,,,,,,,,,,,,,,,,,,,,,,,,0.0,0.0,0.0,,,,9794.0,,,,,,,,,,,,,,,,,""
11557980118,"Jun 2, 2024, 4:39:59 PM",Morning Run,Run,,1897,6.44,,,false,,,activities/12336668369.fit.gz,,,1897.0,1838.0,6448.2,4.583,3.508,8.2,126.0,13.8,17.6,4.7,0.0,,,93.0,87.0,,,,,305.0,,,,,,,,,,,,,,,,0.0,,1.0,6461.7,,,,,,,,,,,,,,,,,,,,,,,,,,0.0,3.399,1126.9,,,,5334.0,,,,,3.516,,,,,,,,,,,,""
11548924683,"Jun 1, 2024, 3:09:18 PM",Morning Run,Run,,2481,8.13,,,false,,,activities/12327319049.fit.gz,,,2481.0,2185.0,8136.0,4.59,3.724,16.3,162.0,11.7,16.8,4.4,0.0,,,93.0,88.0,,,,,377.0,,,,,,,,,,,,,,,,0.0,,1.0,8152.0,,,,,,,,,,,,,,,,,,,,,,,,,,0.0,3.279,0.0,,,,6452.0,,,,,3.731,,,,,,,,,,,,""
11540916372,"May 31, 2024, 3:22:57 PM",Feels like summer,Run,"",1573,4.83,,,false,,,activities/12319071668.fit.gz,,,1573.0,1433.0,4837.2,4.552,3.376,3.5,125.0,15.0,18.7,1.4,0.0,,,92.0,88.0,,,,,228.0,,,,,,,,,,,,,,0.0,,0.0,,1.0,4840.3,,,,,,,,,,,,,,,,,,,,,,,,,,0.0,3.075,4.7,,,,4222.0,,,,,3.378,,,,,,,,,,,,""
11534782888,"May 30, 2024, 5:28:30 PM",Morning Run,Run,,2704,8.06,,,false,,,activities/12312752744.fit.gz,,,2704.0,2381.0,8064.6,4.798,3.387,3.1,222.0,14.6,18.7,1.4,0.0,,,92.0,88.0,,,,,391.0,,,,,,,,,,,,,,,,0.0,,1.0,8067.7,,,,,,,,,,,,,,,,,,,,,,,,,,0.0,2.982,35.8,,,,6946.0,,,,,3.388,,,,,,,,,,,,""
11526252952,"May 29, 2024, 4:00:09 PM",Morning Run,Run,,3489,8.06,,,false,,,activities/12303982136.fit.gz,,,3489.0,2343.0,8061.7,5.614,3.441,18.9,172.0,11.7,17.2,4.0,0.0,,,94.0,88.0,,,,,376.0,,,,,,,,,,,,,,,,0.0,,1.0,8079.5,,,,,,,,,,,,,,,,,,,,,,,,,,0.0,2.311,45.2,,,,6904.0,,,,,3.448,,,,,,,,,,,,""
11519863598,"May 28, 2024, 7:34:48 PM",Lunch Elliptical,Elliptical,,3003,0,,,false,,,activities/12297403818.fit.gz,,,3003.0,3003.0,0.0,0.0,0.0,0.0,0.0,0.0,0.0,0.0,0.0,,,93.0,58.0,,,,,496.0,,,,,,,,,,,,,,,,0.0,,1.0,,,,,,,,,,,,,,,,,,,,,,,,,,,0.0,0.0,0.0,,,,,,,,,,,,,,,,,,,,,""
11513626275,"May 28, 2024, 1:28:41 AM",Evening Run,Run,,2736,8.06,,,false,,,activities/12290953855.fit.gz,,,2736.0,2210.0,8060.5,4.855,3.647,4.1,107.0,14.5,18.7,2.4,0.0,,,93.0,88.0,,,,,377.0,,,,,,,,,,,,,,,,0.0,,1.0,8065.8,,,,,,,,,,,,,,,,,,,,,,,,,,0.0,2.946,0.0,,,,6492.0,,,,,3.65,,,,,,,,,,,,""
11488221732,"May 24, 2024, 5:55:34 PM",Morning Run,Run,,2528,8.06,,,false,,,activities/12264721716.fit.gz,,,2528.0,2226.0,8063.3,5.518,3.622,3.7,165.0,14.9,18.7,1.5,0.0,,,92.0,90.0,,,,,372.0,,,,,,,,,,,,,,,,0.0,,1.0,8066.2,,,,,,,,,,,,,,,,,,,,,,,,,,0.0,3.19,0.0,,,,6624.0,,,,,3.624,,,,,,,,,,,,""
11481439902,"May 23, 2024, 6:43:48 PM",Lunch Elliptical,Elliptical,,2704,0,,,false,,,activities/12257726799.fit.gz,,,2704.0,2704.0,0.0,0.0,0.0,0.0,0.0,0.0,0.0,0.0,0.0,,,93.0,64.0,,,,,451.0,,,,,,,,,,,,,,,,0.0,,1.0,,,,,,,,,,,,,,,,,,,,,,,,,,,0.0,0.0,0.0,,,,,,,,,,,,,,,,,,,,,""
11473940617,"May 22, 2024, 6:57:04 PM",Lunch Elliptical,Elliptical,,2703,0,,,false,,,activities/12250014924.fit.gz,,,2703.0,2703.0,0.0,0.0,0.0,0.0,0.0,0.0,0.0,0.0,0.0,,,94.0,57.0,,,,,450.0,,,,,,,,,,,,,,,,0.0,,1.0,,,,,,,,,,,,,,,,,,,,,,,,,,,0.0,0.0,0.0,,,,,,,,,,,,,,,,,,,,,""
11465840078,"May 21, 2024, 6:26:03 PM",Lunch Elliptical,Elliptical,Will run tomorrow but oddly enjoying ellipticals these days,2913,0,,,false,,,activities/12241703002.fit.gz,,,2913.0,2913.0,0.0,0.0,0.0,0.0,0.0,0.0,0.0,0.0,0.0,,,94.0,65.0,,,,,391.0,,,,,,,,,,,,,,0.0,,0.0,,1.0,,,,,,,,,,,,,,,,,,,,,,,,,,,0.0,0.0,0.0,,,,,,,,,,,,,,,,,,,,,""
11457103589,"May 20, 2024, 4:34:10 PM",Morning Elliptical,Elliptical,,2703,0,,,false,,,activities/12232731278.fit.gz,,,2703.0,2703.0,0.0,0.0,0.0,0.0,0.0,0.0,0.0,0.0,0.0,,,77.0,72.0,,,,,436.0,,,,,,,,,,,,,,,,0.0,,1.0,,,,,,,,,,,,,,,,,,,,,,,,,,,0.0,0.0,0.0,,,,,,,,,,,,,,,,,,,,,""
11451810190,"May 20, 2024, 12:30:34 AM",Afternoon Elliptical,Elliptical,,2859,0,,,false,,,activities/12227258053.fit.gz,,,2859.0,2859.0,0.0,0.0,0.0,0.0,0.0,0.0,0.0,0.0,0.0,,,78.0,72.0,,,,,452.0,,,,,,,,,,,,,,,,0.0,,1.0,,,,,,,,,,,,,,,,,,,,,,,,,,,0.0,0.0,0.0,,,,,,,,,,,,,,,,,,,,,""
11425629413,"May 16, 2024, 4:49:04 PM",Morning Elliptical,Elliptical,30 min,1470,0,,,false,,,activities/12200244009.fit.gz,,,1470.0,1470.0,0.0,0.0,0.0,0.0,0.0,0.0,0.0,0.0,0.0,,,94.0,66.0,,,,,233.0,,,,,,,,,,,,,,0.0,,0.0,,1.0,,,,,,,,,,,,,,,,,,,,,,,,,,,0.0,0.0,0.0,,,,,,,,,,,,,,,,,,,,,""
11418139715,"May 15, 2024, 4:38:09 PM",Morning Run,Run,,2336,6.45,,,false,,,activities/12192552111.fit.gz,,,2336.0,1900.0,6450.2,4.221,3.395,3.4,188.0,15.5,18.9,1.4,0.0,,,95.0,88.0,,,,,305.0,,,,,,,,,,,,,,,,0.0,,1.0,6454.0,,,,,,,,,,,,,,,,,,,,,,,,,,0.0,2.761,0.0,,,,5584.0,,,,,3.397,,,,,,,,,,,,""
11411982528,"May 14, 2024, 8:54:38 PM",Afternoon Elliptical,Elliptical,,2402,0,,,false,,,activities/12186217423.fit.gz,,,2402.0,2402.0,0.0,0.0,0.0,0.0,0.0,0.0,0.0,0.0,0.0,,,96.0,71.0,,,,,374.0,,,,,,,,,,,,,,,,0.0,,1.0,,,,,,,,,,,,,,,,,,,,,,,,,,,0.0,0.0,0.0,,,,,,,,,,,,,,,,,,,,,""
11403294649,"May 13, 2024, 7:19:16 PM",Lunch Elliptical,Elliptical,,1803,0,,,false,,,activities/12177314545.fit.gz,,,1803.0,1803.0,0.0,0.0,0.0,0.0,0.0,0.0,0.0,0.0,0.0,,,96.0,58.0,,,,,289.0,,,,,,,,,,,,,,,,0.0,,1.0,,,,,,,,,,,,,,,,,,,,,,,,,,,0.0,0.0,0.0,,,,,,,,,,,,,,,,,,,,,""
11388863533,"May 11, 2024, 10:22:43 PM",Afternoon Run,Run,,2182,6.44,,,false,,,activities/12162412738.fit.gz,,,2182.0,1859.0,6442.2,4.897,3.465,50.3,163.0,86.9,108.0,7.4,0.0,,,93.0,88.0,,,,,309.0,,,,,,,,,,,,,,,,0.0,,1.0,6517.9,,,,,,,,,,,,,,,,,,,,,,,,,,0.0,2.952,2498.1,,,,5488.0,,,,,3.506,,,,,,,,,,,,""
11378874256,"May 10, 2024, 4:38:06 PM",Slo for the weekend,Run,"breath of fresh air fr, i can feel my skin clearing up already",3024,8.05,,,false,,,activities/12152112933.fit.gz,,,3024.0,2356.0,8051.6,4.576,3.417,49.7,150.0,86.6,117.4,8.9,-0.1,,,95.0,90.0,,,,,365.0,,,,,,,,,,,,,,0.0,,0.0,,1.0,8094.4,,,,,,,,,,,,,,,,,,,,,,,,,,0.0,2.663,4612.8,,,,6880.0,,,,,3.436,,,,,,,,,,,,media/8007ECB8-9E5E-4953-8677-FDDA3FA12792.jpg|media/65BB898E-0949-40FD-A070-A3D1A54DD0B6.jpg
11371271713,"May 9, 2024, 4:55:21 PM",Morning Elliptical,Elliptical,,2404,0,,,false,,,activities/12144284357.fit.gz,,,2404.0,2404.0,0.0,0.0,0.0,0.0,0.0,0.0,0.0,0.0,0.0,,,89.0,57.0,,,,,380.0,,,,,,,,,,,,,,,,0.0,,1.0,,,,,,,,,,,,,,,,,,,,,,,,,,,0.0,0.0,0.0,,,,,,,,,,,,,,,,,,,,,""
11363205492,"May 8, 2024, 5:50:33 PM",Morning Elliptical,Elliptical,,1805,0,,,false,,,activities/12135996139.fit.gz,,,1805.0,1805.0,0.0,0.0,0.0,0.0,0.0,0.0,0.0,0.0,0.0,,,84.0,57.0,,,,,279.0,,,,,,,,,,,,,,,,0.0,,1.0,,,,,,,,,,,,,,,,,,,,,,,,,,,0.0,0.0,0.0,,,,,,,,,,,,,,,,,,,,,""
11323882651,"May 3, 2024, 4:06:05 PM",Morning Run,Run,Needed to feel something,1810,4.96,,,false,,,activities/11323882651.fit,,,1810.0,1512.0,4965.6,4.723,3.284,20.0,18.2,13.8,20.4,7.6,0.0,,,,,,,,,,,,,,,,,,,,,,,0.0,,0.0,,1.0,5012.0,,,,,,,,,,,,,,,,,,,,,,,,,,0.0,2.743,0.0,,,,,,,,,3.315,,,,,,,,,,,,""
11285680686,"Apr 28, 2024, 5:55:00 PM",Causeway Classic - 1500m,Run,"First and last race recap of college! Went into it wanting to just soak it all in and left with a 7 second SB and a 4 second PR. I’ve always known how much I’ve grown as an athlete in the last 4 years, but there was still some guilt of never having a result to prove it. Times aren’t everything, but this one just meant more.",283,1.50,,,false,,,,,,283.0,283.0,1508.1,,5.329,,,,,,0.0,,,,,,,,,,,,,,,,,,,,,,,0.0,,0.0,,0.0,,,,,,,,,,,,,,,,,,,,,,,,,,,0.0,5.329,0.0,,,,,,,,,,,,,,,,,,,,,media/C9BD5364-1912-4FD6-A328-24592E6E1121.jpg|media/3479788F-C982-4264-BB7F-F0A772B7B450.jpg|media/A55C4553-7513-43FA-9EE3-17037C81A5A2.jpg|media/0D27AA36-ECF0-4836-9558-F84CD66B9D39.jpg|media/B63F07BF-6A8C-4EBC-B715-453B49BF080E.jpg
11271844860,"Apr 27, 2024, 12:03:08 AM",Afternoon Run,Run,,1542,1.20,,,false,,,activities/12042029860.fit.gz,,,1542.0,475.0,1200.6,2.981,2.528,0.0,6.0,11.3,12.6,1.5,-0.1,,,91.0,88.0,,,,,67.0,,,,,,,,,,,,,,,,0.0,,1.0,1199.3,,,,,,,,,,,,,,,,,,,,,,,,,,0.0,0.779,0.0,,,,1372.0,,,,,2.525,,,,,,,,,,,,""
11271491947,"Apr 26, 2024, 10:57:33 PM",Afternoon Run,Run,,977,3.23,,,false,,,activities/12041667626.fit.gz,,,977.0,960.0,3231.1,5.38,3.366,2.7,55.0,9.3,12.2,3.6,0.0,,,94.0,90.0,,,,,156.0,,,,,,,,,,,,,,,,0.0,,1.0,3238.4,,,,,,,,,,,,,,,,,,,,,,,,,,0.0,3.307,0.0,,,,2878.0,,,,,3.373,,,,,,,,,,,,""
11262717471,"Apr 25, 2024, 4:27:42 PM",Morning Run,Run,,2881,6.82,,,false,,,activities/12032482750.fit.gz,,,2881.0,1941.0,6827.9,7.358,3.518,16.8,121.0,13.4,18.6,4.1,0.0,,,108.0,91.0,,,,,317.0,,,,,,,,,,,,,,,,0.0,,1.0,6839.1,,,,,,,,,,,,,,,,,,,,,,,,,,0.0,2.37,1058.2,,,,5836.0,,,,,3.523,,,,,,,,,,,,""
11247578219,"Apr 23, 2024, 4:49:02 PM",Morning Run,Run,,1323,3.23,,,false,,,activities/12016883983.fit.gz,,,1323.0,1131.0,3234.6,4.016,2.86,2.4,71.0,13.5,16.1,1.0,0.0,,,93.0,90.0,,,,,156.0,,,,,,,,,,,,,,,,0.0,,1.0,3236.7,,,,,,,,,,,,,,,,,,,,,,,,,,0.0,2.445,0.0,,,,3366.0,,,,,2.862,,,,,,,,,,,,""
11247291382,"Apr 23, 2024, 4:18:32 PM","1200,800,600,400,200",Run,"",1093,3.68,,,false,,,activities/12016590701.fit.gz,,,1093.0,812.0,3683.1,6.802,4.536,0.0,54.0,14.7,15.6,1.1,0.0,,,102.0,92.0,,,,,170.0,,,,,,,,,,,,,,0.0,,0.0,,1.0,3685.0,,,,,,,,,,,,,,,,,,,,,,,,,,0.0,3.37,0.0,,,,2528.0,,,,,4.538,,,,,,,,,,,,""
11246959896,"Apr 23, 2024, 3:42:26 PM",Morning Run,Run,,975,3.22,,,false,,,activities/12016250066.fit.gz,,,975.0,952.0,3228.1,4.484,3.391,2.1,94.0,15.6,17.9,1.9,0.0,,,93.0,89.0,,,,,154.0,,,,,,,,,,,,,,,,0.0,,1.0,3230.9,,,,,,,,,,,,,,,,,,,,,,,,,,0.0,3.311,53.7,,,,2826.0,,,,,3.394,,,,,,,,,,,,""
11233919459,"Apr 21, 2024, 4:29:59 PM",Morning Run,Run,Had me looking like a tomato afterwards,3990,12.89,,,false,,,activities/12002780051.fit.gz,,,3990.0,3530.0,12889.6,4.454,3.651,5.5,87.0,3.5,7.0,1.1,0.0,,,94.0,90.0,,,,,596.0,,,,,,,,,,,,,,0.0,,0.0,,1.0,12895.3,,,,,,,,,,,,,,,,,,,,,,,,,,0.0,3.23,6686.3,,,,10616.0,,,,,3.653,,,,,,,,,,,,media/A5A52822-1718-46DF-8E78-8B78FB40BFE0.jpg|media/46A8F8B9-4D61-4727-8905-73DDD69E6547.jpg
11220467566,"Apr 20, 2024, 1:25:12 AM",Evening Run,Run,,2984,9.66,,,false,,,activities/11988885747.fit.gz,,,2984.0,2682.0,9664.3,4.737,3.603,3.4,169.0,15.0,18.9,3.9,0.0,,,93.0,90.0,,,,,437.0,,,,,,,,,,,,,,,,0.0,,1.0,9671.6,,,,,,,,,,,,,,,,,,,,,,,,,,0.0,3.239,0.0,,,,8004.0,,,,,3.606,,,,,,,,,,,,""
11211541557,"Apr 18, 2024, 5:25:39 PM",Morning Run,Run,,1272,3.26,,,false,,,activities/11979728570.fit.gz,,,1272.0,1099.0,3266.4,3.704,2.972,2.4,88.0,13.5,16.0,0.8,0.0,,,97.0,92.0,,,,,158.0,,,,,,,,,,,,,,,,0.0,,1.0,3267.6,,,,,,,,,,,,,,,,,,,,,,,,,,0.0,2.568,0.0,,,,3294.0,,,,,2.973,,,,,,,,,,,,""
11211321696,"Apr 18, 2024, 4:49:06 PM",Morning Run,Run,,1787,5.85,,,false,,,activities/11979505712.fit.gz,,,1787.0,1667.0,5850.9,5.94,3.51,0.0,50.0,15.2,16.1,1.2,0.0,,,98.0,90.0,,,,,255.0,,,,,,,,,,,,,,,,0.0,,1.0,5854.1,,,,,,,,,,,,,,,,,,,,,,,,,,0.0,3.274,0.0,,,,4214.0,,,,,3.512,,,,,,,,,,,,""
11210908839,"Apr 18, 2024, 4:13:25 PM",Morning Run,Run,,964,3.24,,,false,,,activities/11979084104.fit.gz,,,964.0,964.0,3243.9,4.131,3.365,2.2,80.0,15.5,17.9,1.8,0.0,,,117.0,91.0,,,,,153.0,,,,,,,,,,,,,,,,0.0,,1.0,3246.6,,,,,,,,,,,,,,,,,,,,,,,,,,0.0,3.365,29.0,,,,2920.0,,,,,3.368,,,,,,,,,,,,""
11204315590,"Apr 17, 2024, 4:49:41 PM",Morning Run,Run,,3704,9.66,,,false,,,activities/11972319903.fit.gz,,,3704.0,2918.0,9662.8,4.972,3.311,9.2,207.0,13.9,18.7,4.4,0.0,,,94.0,90.0,,,,,438.0,,,,,,,,,,,,,,,,0.0,,1.0,9675.2,,,,,,,,,,,,,,,,,,,,,,,,,,0.0,2.609,0.0,,,,8770.0,,,,,3.316,,,,,,,,,,,,""
11196735169,"Apr 16, 2024, 5:30:17 PM",Morning Run,Run,,1330,3.23,,,false,,,activities/11964562635.fit.gz,,,1330.0,1162.0,3234.3,3.615,2.783,0.0,80.0,13.5,15.6,1.1,0.0,,,93.0,89.0,,,,,169.0,,,,,,,,,,,,,,,,0.0,,1.0,3235.9,,,,,,,,,,,,,,,,,,,,,,,,,,0.0,2.432,0.0,,,,3404.0,,,,,2.785,,,,,,,,,,,,""
11196475821,"Apr 16, 2024, 4:53:14 PM","4x(800, 300)",Run,"",1770,5.61,,,false,,,activities/11964299689.fit.gz,,,1770.0,1447.0,5612.4,6.61,3.879,0.0,77.0,15.0,15.8,0.9,0.0,,,104.0,90.0,,,,,279.0,,,,,,,,,,,,,,0.0,,0.0,,1.0,5616.0,,,,,,,,,,,,,,,,,,,,,,,,,,0.0,3.171,0.0,,,,4246.0,,,,,3.881,,,,,,,,,,,,""
11196002060,"Apr 16, 2024, 4:11:46 PM",Morning Run,Run,,1329,4.04,,,false,,,activities/11963817362.fit.gz,,,1329.0,1213.0,4041.4,4.265,3.332,2.2,73.0,15.5,17.9,2.2,0.0,,,94.0,89.0,,,,,195.0,,,,,,,,,,,,,,,,0.0,,1.0,4043.9,,,,,,,,,,,,,,,,,,,,,,,,,,0.0,3.041,38.9,,,,3604.0,,,,,3.334,,,,,,,,,,,,""
11182842274,"Apr 14, 2024, 4:33:14 PM",Morning Run,Run,,4104,14.49,,,false,,,activities/11950279931.fit.gz,,,4104.0,3894.0,14495.5,4.527,3.723,40.7,209.0,12.8,23.9,5.6,0.0,,,95.0,91.0,,,,,671.0,,,,,,,,,,,,,,,,0.0,,1.0,14535.2,,,,,,,,,,,,,,,,,,,,,,,,,,0.0,3.532,31.4,,,,11802.0,,,,,3.733,,,,,,,,,,,,""
11174651895,"Apr 13, 2024, 5:34:07 PM",April showers 🌧️,Run,"",4333,11.27,,,false,,,activities/11941778781.fit.gz,,,4333.0,3399.0,11272.8,4.837,3.316,5.0,256.0,13.0,18.3,2.8,0.0,,,93.0,90.0,,,,,489.0,,,,,,,,,,,,,,0.0,,0.0,,1.0,11278.6,,,,,,,,,,,,,,,,,,,,,,,,,,0.0,2.602,22.2,,,,10076.0,,,,,3.318,,,,,,,,,,,,""
11158951515,"Apr 11, 2024, 5:37:52 PM",Morning Run,Run,,1129,1.72,,,false,,,activities/11925669489.fit.gz,,,1129.0,707.0,1726.3,3.203,2.442,0.0,42.0,13.9,14.5,1.6,0.0,,,92.0,88.0,,,,,88.0,,,,,,,,,,,,,,,,0.0,,1.0,1727.7,,,,,,,,,,,,,,,,,,,,,,,,,,0.0,1.529,0.0,,,,2064.0,,,,,2.444,,,,,,,,,,,,""
11158794853,"Apr 11, 2024, 4:53:02 PM",2x2 mile tempo + 4x1min on/off,Run,Scorcher out there today (it was like 65 degrees),2476,8.07,,,false,,,activities/11925510335.fit.gz,,,2476.0,2171.0,8077.5,5.414,3.721,0.0,85.0,14.8,15.9,1.0,0.0,,,98.0,91.0,,,,,369.0,,,,,,,,,,,,,,0.0,,0.0,,1.0,8079.4,,,,,,,,,,,,,,,,,,,,,,,,,,0.0,3.262,8077.5,,,,6252.0,,,,,3.722,,,,,,,,,,,,""
11158791785,"Apr 11, 2024, 4:26:20 PM",Morning Run,Run,,1266,3.22,,,false,,,activities/11925507650.fit.gz,,,1266.0,955.0,3227.7,4.116,3.38,0.0,61.0,13.9,15.3,2.7,0.0,,,94.0,89.0,,,,,147.0,,,,,,,,,,,,,,,,0.0,,1.0,3230.0,,,,,,,,,,,,,,,,,,,,,,,,,,0.0,2.55,0.0,,,,2846.0,,,,,3.382,,,,,,,,,,,,""
11151629471,"Apr 10, 2024, 5:10:28 PM",Morning Run,Run,,3930,9.66,,,false,,,activities/11918142201.fit.gz,,,3930.0,2883.0,9666.6,4.208,3.353,8.0,219.0,13.8,18.7,2.2,0.0,,,95.0,90.0,,,,,442.0,,,,,,,,,,,,,,,,0.0,,1.0,9672.7,,,,,,,,,,,,,,,,,,,,,,,,,,0.0,2.46,0.0,,,,8582.0,,,,,3.355,,,,,,,,,,,,""
11144106149,"Apr 9, 2024, 5:23:56 PM",Morning Run,Run,,1400,3.22,,,false,,,activities/11910432622.fit.gz,,,1400.0,1207.0,3227.8,3.527,2.674,0.0,68.0,13.5,15.6,1.0,0.0,,,94.0,89.0,,,,,168.0,,,,,,,,,,,,,,,,0.0,,1.0,3229.4,,,,,,,,,,,,,,,,,,,,,,,,,,0.0,2.306,0.0,,,,3548.0,,,,,2.676,,,,,,,,,,,,""
11144105661,"Apr 9, 2024, 4:52:01 PM",Morning Run,Run,,1472,4.90,,,false,,,activities/11910432100.fit.gz,,,1472.0,1431.0,4901.7,6.624,3.425,0.0,52.0,14.9,15.7,0.9,0.0,,,102.0,88.0,,,,,240.0,,,,,,,,,,,,,,,,0.0,,1.0,4904.8,,,,,,,,,,,,,,,,,,,,,,,,,,0.0,3.33,0.0,,,,4020.0,,,,,3.428,,,,,,,,,,,,""
11144105682,"Apr 9, 2024, 4:20:05 PM",Morning Run,Run,,1040,3.22,,,false,,,activities/11910432208.fit.gz,,,1040.0,974.0,3221.9,3.969,3.308,0.0,70.0,15.1,17.3,0.8,0.0,,,93.0,89.0,,,,,153.0,,,,,,,,,,,,,,,,0.0,,1.0,3223.1,,,,,,,,,,,,,,,,,,,,,,,,,,0.0,3.098,23.2,,,,2898.0,,,,,3.309,,,,,,,,,,,,""
11129582407,"Apr 7, 2024, 4:34:46 PM",Morning Run,Run,Ethan asked me how my run was first 🫶🏻,4451,14.49,,,false,,,activities/11895445482.fit.gz,,,4451.0,4054.0,14495.8,4.529,3.576,10.6,172.0,10.9,17.8,3.8,0.0,,,95.0,91.0,,,,,680.0,,,,,,,,,,,,,,0.0,,0.0,,1.0,14511.5,,,,,,,,,,,,,,,,,,,,,,,,,,0.0,3.257,7525.3,,,,12286.0,,,,,3.58,,,,,,,,,,,,""
11128042288,"Apr 6, 2024, 10:02:03 PM",Afternoon Run,Run,,1441,3.39,,,false,,,activities/11893840699.fit.gz,,,1441.0,1344.0,3395.0,3.495,2.526,33.3,134.0,62.0,96.4,7.7,-0.2,,,95.0,89.0,,,,,172.0,,,,,,,,,,,,,,,,0.0,,1.0,3424.5,,,,,,,,,,,,,,,,,,,,,,,,,,0.0,2.356,20.3,,,,3956.0,,,,,2.548,,,,,,,,,,,,""
11128038170,"Apr 6, 2024, 7:11:13 PM",Lunch Run,Run,,5408,3.31,,,false,,,activities/11893836446.fit.gz,,,5408.0,1231.0,3315.6,5.074,2.693,43.5,138.0,62.0,105.9,16.9,0.0,,,97.0,89.0,,,,,176.0,,,,,,,,,,,,,,,,0.0,,1.0,3390.4,,,,,,,,,,,,,,,,,,,,,,,,,,0.0,0.613,169.1,,,,3502.0,,,,,2.754,,,,,,,,,,,,""
11128033863,"Apr 6, 2024, 6:00:13 PM",Lunch Run,Run,,1862,3.68,,,false,,,activities/11893832004.fit.gz,,,1862.0,1196.0,3679.8,5.158,3.077,42.8,133.0,61.3,84.6,9.0,0.0,,,94.0,89.0,,,,,183.0,,,,,,,,,,,,,,,,0.0,,1.0,3735.1,,,,,,,,,,,,,,,,,,,,,,,,,,0.0,1.976,475.0,,,,3520.0,,,,,3.123,,,,,,,,,,,,""
11113225681,"Apr 5, 2024, 4:26:02 PM",Morning Run,Run,,1903,6.09,,,false,,,activities/11878541103.fit.gz,,,1903.0,1795.0,6089.1,4.18,3.392,15.7,119.0,13.3,18.6,6.5,0.0,,,95.0,91.0,,,,,291.0,,,,,,,,,,,,,,,,0.0,,1.0,6104.3,,,,,,,,,,,,,,,,,,,,,,,,,,0.0,3.2,1453.2,,,,5498.0,,,,,3.401,,,,,,,,,,,,""
11106221308,"Apr 4, 2024, 4:43:00 PM",Morning Run,Run,,1156,2.90,,,false,,,activities/11871346635.fit.gz,,,1156.0,1064.0,2906.0,3.597,2.731,2.1,54.0,13.5,15.6,0.9,0.0,,,95.0,91.0,,,,,139.0,,,,,,,,,,,,,,,,0.0,,1.0,2907.3,,,,,,,,,,,,,,,,,,,,,,,,,,0.0,2.514,0.0,,,,3180.0,,,,,2.732,,,,,,,,,,,,""
11106002498,"Apr 4, 2024, 4:18:26 PM",1/2/3/2/1 🌧️,Run,🅱️ erkeley in two days,1021,3.96,,,false,,,activities/11871122357.fit.gz,,,1021.0,1021.0,3959.1,6.448,3.878,0.0,30.0,15.0,15.9,0.8,0.0,,,101.0,92.0,,,,,167.0,,,,,,,,,,,,,,0.0,,0.0,,1.0,3961.6,,,,,,,,,,,,,,,,,,,,,,,,,,0.0,3.878,0.0,,,,3084.0,,,,,3.88,,,,,,,,,,,,""
11105784432,"Apr 4, 2024, 3:48:47 PM",Morning Run,Run,,1105,3.22,,,false,,,activities/11870897324.fit.gz,,,1105.0,1034.0,3224.8,3.947,3.119,2.1,61.0,15.3,17.7,0.8,0.0,,,94.0,91.0,,,,,151.0,,,,,,,,,,,,,,,,0.0,,1.0,3225.9,,,,,,,,,,,,,,,,,,,,,,,,,,0.0,2.918,23.9,,,,3150.0,,,,,3.12,,,,,,,,,,,,""
11100627855,"Apr 3, 2024, 7:24:33 PM",Lunch Run,Run,,3419,9.66,,,false,,,activities/11865601983.fit.gz,,,3419.0,2939.0,9660.6,4.52,3.287,5.3,210.0,15.5,20.8,1.3,0.0,,,94.0,90.0,,,,,455.0,,,,,,,,,,,,,,,,0.0,,1.0,9665.6,,,,,,,,,,,,,,,,,,,,,,,,,,0.0,2.826,0.0,,,,8828.0,,,,,3.289,,,,,,,,,,,,""
11092169159,"Apr 2, 2024, 5:03:47 PM",Morning Run,Run,,1647,3.96,,,false,,,activities/11856843505.fit.gz,,,1647.0,1369.0,3959.6,4.14,2.892,2.3,66.0,13.5,15.9,1.6,0.0,,,95.0,91.0,,,,,202.0,,,,,,,,,,,,,,,,0.0,,1.0,3961.7,,,,,,,,,,,,,,,,,,,,,,,,,,0.0,2.404,0.0,,,,4068.0,,,,,,,,,,,,,,,,,""
11091857928,"Apr 2, 2024, 4:17:44 PM","5 min tempo, 4x400, 6x200",Run,"",2101,5.43,,,false,,,activities/11856521492.fit.gz,,,2101.0,1422.0,5431.6,6.944,3.82,0.0,66.0,14.8,15.6,2.0,0.0,,,106.0,90.0,,,,,324.0,,,,,,,,,,,,,,0.0,,0.0,,1.0,5435.1,,,,,,,,,,,,,,,,,,,,,,,,,,0.0,2.585,0.0,,,,4232.0,,,,,,,,,,,,,,,,,""
11091429166,"Apr 2, 2024, 3:44:53 PM",Morning Run,Run,,1001,3.23,,,false,,,activities/11856073276.fit.gz,,,1001.0,983.0,3234.0,4.016,3.29,5.4,68.0,14.3,17.9,3.1,0.0,,,94.0,90.0,,,,,162.0,,,,,,,,,,,,,,,,0.0,,1.0,3238.4,,,,,,,,,,,,,,,,,,,,,,,,,,0.0,3.231,51.6,,,,2968.0,,,,,,,,,,,,,,,,,""
11077220578,"Mar 31, 2024, 1:22:24 PM",LR in LG w OJ,Run,Really enjoying getting out of davis this weekend. Last quarter of undergrad starts tomorrow 🤭,5801,16.10,,,false,,,activities/11840892419.fit.gz,,,5801.0,4540.0,16106.3,4.601,3.548,96.2,280.0,75.5,127.8,8.7,0.0,,,97.0,91.0,,,,,734.0,,,,,,,,,,,,,,0.0,,0.0,,1.0,16211.1,,,,,,,,,,,,,,,,,,,,,,,,,,0.0,2.776,2599.9,,,,13746.0,,,,,,,,,,,,,,,,,""
11065429903,"Mar 29, 2024, 11:01:01 PM",Afternoon Run,Run,,3024,3.89,,,false,,,activities/11827853964.fit.gz,,,3024.0,1547.0,3897.2,3.602,2.519,0.0,38.0,12.4,12.6,1.3,0.0,,,92.0,87.0,,,,,197.0,,,,,,,,,,,,,,,,0.0,,1.0,3898.4,,,,,,,,,,,,,,,,,,,,,,,,,,0.0,1.289,0.0,,,,4412.0,,,,,,,,,,,,,,,,,""
11065210482,"Mar 29, 2024, 10:05:59 PM",Afternoon Run,Run,,814,1.71,,,false,,,activities/11827627071.fit.gz,,,814.0,534.0,1714.0,4.15,3.21,0.0,29.0,11.7,15.1,2.0,0.0,,,92.0,89.0,,,,,83.0,,,,,,,,,,,,,,,,0.0,,1.0,1717.3,,,,,,,,,,,,,,,,,,,,,,,,,,0.0,2.106,157.5,,,,1570.0,,,,,,,,,,,,,,,,,""
11056791224,"Mar 28, 2024, 5:28:15 PM",Morning Run,Run,,3011,6.15,,,false,,,activities/11818889656.fit.gz,,,3011.0,1784.0,6150.9,6.908,3.448,4.0,62.0,14.6,18.7,1.6,0.0,,,105.0,91.0,,,,,279.0,,,,,,,,,,,,,,,,0.0,,1.0,6153.5,,,,,,,,,,,,,,,,,,,,,,,,,,0.0,2.043,0.0,,,,,,,,,,,,,,,,,,,,,""
11052258069,"Mar 27, 2024, 11:19:58 PM",Afternoon Run,Run,,3118,9.66,,,false,,,activities/11814182348.fit.gz,,,3118.0,2795.0,9662.8,4.328,3.457,4.6,161.0,15.0,20.1,1.1,0.0,,,95.0,91.0,,,,,451.0,,,,,,,,,,,,,,,,0.0,,1.0,9667.1,,,,,,,,,,,,,,,,,,,,,,,,,,0.0,3.099,0.0,,,,,,,,,,,,,,,,,,,,,""
11043696332,"Mar 26, 2024, 6:27:50 PM",Lunch Run,Run,,1540,3.15,,,false,,,activities/11805236809.fit.gz,,,1540.0,1121.0,3152.7,3.789,2.812,0.0,59.0,14.0,15.7,2.1,0.0,,,93.0,89.0,,,,,152.0,,,,,,,,,,,,,,,,0.0,,1.0,3154.5,,,,,,,,,,,,,,,,,,,,,,,,,,0.0,2.047,21.2,,,,,,,,,,,,,,,,,,,,,""
11043407712,"Mar 26, 2024, 5:50:19 PM",Morning Run,Run,"300, 400, 500, 500, 400, 300 @ mile pace",1018,3.05,,,false,,,activities/11804791707.fit.gz,,,1018.0,781.0,3053.5,6.852,3.91,0.0,39.0,15.2,16.0,1.1,0.0,,,101.0,89.0,,,,,164.0,,,,,,,,,,,,,,0.0,,0.0,,1.0,3055.8,,,,,,,,,,,,,,,,,,,,,,,,,,0.0,3.0,0.0,,,,,,,,,,,,,,,,,,,,,""
11043399177,"Mar 26, 2024, 5:12:14 PM",Morning Run,Run,,1391,4.82,,,false,,,activities/11804784400.fit.gz,,,1391.0,1385.0,4828.4,4.723,3.486,4.4,81.0,14.9,17.6,3.4,0.0,,,95.0,90.0,,,,,237.0,,,,,,,,,,,,,,,,0.0,,1.0,4832.1,,,,,,,,,,,,,,,,,,,,,,,,,,0.0,3.471,16.0,,,,,,,,,,,,,,,,,,,,,""
11030280245,"Mar 24, 2024, 4:37:29 PM",Morning Run,Run,First week of good training in like a month. Maybe I can make it through after all,3307,11.27,,,false,,,activities/11791053049.fit.gz,,,3307.0,3128.0,11271.1,4.537,3.603,33.3,146.0,12.8,23.9,4.8,0.0,,,96.0,92.0,,,,,525.0,,,,,,,,,,,,,,0.0,,0.0,,1.0,11303.5,,,,,,,,,,,,,,,,,,,,,,,,,,0.0,3.408,15.8,,,,,,,,,,,,,,,,,,,,,""
11023501169,"Mar 23, 2024, 6:37:14 PM",Lunch Run,Run,,2637,8.06,,,false,,,activities/11784035548.fit.gz,,,2637.0,2399.0,8060.6,4.061,3.36,4.1,88.0,14.6,18.7,3.5,0.0,,,116.0,91.0,,,,,373.0,,,,,,,,,,,,,,,,0.0,,1.0,8065.9,,,,,,,,,,,,,,,,,,,,,,,,,,0.0,3.057,0.0,,,,,,,,,,,,,,,,,,,,,""
11016234601,"Mar 22, 2024, 6:13:21 PM",Lunch Run,Run,,1209,3.23,,,false,,,activities/11776552502.fit.gz,,,1209.0,1069.0,3234.3,3.783,3.026,2.3,39.0,13.4,15.7,1.3,0.0,,,94.0,91.0,,,,,158.0,,,,,,,,,,,,,,,,0.0,,1.0,3235.4,,,,,,,,,,,,,,,,,,,,,,,,,,0.0,2.675,0.0,,,,,,,,,,,,,,,,,,,,,""
11016019420,"Mar 22, 2024, 5:32:04 PM",Morning Run,Run,,1729,5.57,,,false,,,activities/11776332355.fit.gz,,,1729.0,1407.0,5569.8,6.803,3.959,0.0,54.0,15.3,16.1,1.6,0.0,,,101.0,89.0,,,,,263.0,,,,,,,,,,,,,,,,0.0,,1.0,5573.1,,,,,,,,,,,,,,,,,,,,,,,,,,0.0,3.221,0.0,,,,,,,,,,,,,,,,,,,,,""
11015685741,"Mar 22, 2024, 4:58:07 PM",Morning Run,Run,,951,3.23,,,false,,,activities/11775988292.fit.gz,,,951.0,951.0,3232.9,4.278,3.399,5.5,69.0,14.4,17.9,2.6,0.0,,,94.0,90.0,,,,,153.0,,,,,,,,,,,,,,,,0.0,,1.0,3236.4,,,,,,,,,,,,,,,,,,,,,,,,,,0.0,3.399,32.0,,,,,,,,,,,,,,,,,,,,,""
11009121309,"Mar 21, 2024, 4:39:46 PM",Morning Run,Run,,3094,8.05,,,false,,,activities/11769194447.fit.gz,,,3094.0,2466.0,8053.2,4.147,3.266,4.6,146.0,15.3,20.1,1.6,0.0,,,99.0,91.0,,,,,371.0,,,,,,,,,,,,,,,,0.0,,1.0,8057.5,,,,,,,,,,,,,,,,,,,,,,,,,,0.0,2.603,0.0,,,,,,,,,,,,,,,,,,,,,""
11002551327,"Mar 20, 2024, 6:20:20 PM",Lunch Run,Run,,1295,3.58,,,false,,,activities/11762483335.fit.gz,,,1295.0,1181.0,3580.7,3.54,3.032,0.0,51.0,13.8,15.7,1.3,0.0,,,94.0,91.0,,,,,183.0,,,,,,,,,,,,,,,,0.0,,1.0,3581.8,,,,,,,,,,,,,,,,,,,,,,,,,,0.0,2.765,0.0,,,,,,,,,,,,,,,,,,,,,""
11002385032,"Mar 20, 2024, 5:47:47 PM",Morning Run,Run,,1719,6.31,,,false,,,activities/11762314304.fit.gz,,,1719.0,1569.0,6316.1,6.273,4.026,0.0,51.0,14.8,15.9,0.9,0.0,,,97.0,92.0,,,,,300.0,,,,,,,,,,,,,,,,0.0,,1.0,6317.4,,,,,,,,,,,,,,,,,,,,,,,,,,0.0,3.674,6288.7,,,,,,,,,,,,,,,,,,,,,""
11002382959,"Mar 20, 2024, 5:18:17 PM",Morning Run,Run,,1205,4.04,,,false,,,activities/11762312191.fit.gz,,,1205.0,1197.0,4045.4,3.984,3.38,0.0,64.0,13.8,15.7,1.7,0.0,,,93.0,89.0,,,,,195.0,,,,,,,,,,,,,,,,0.0,,1.0,4048.5,,,,,,,,,,,,,,,,,,,,,,,,,,0.0,3.357,0.0,,,,,,,,,,,,,,,,,,,,,""
10995296567,"Mar 19, 2024, 6:21:32 PM",Lunch Run,Run,,3250,9.66,,,false,,,activities/11754997522.fit.gz,,,3250.0,2919.0,9666.5,4.258,3.312,5.1,124.0,15.5,20.7,2.4,0.0,,,94.0,91.0,,,,,462.0,,,,,,,,,,,,,,,,0.0,,1.0,9671.2,,,,,,,,,,,,,,,,,,,,,,,,,,0.0,2.974,0.0,,,,,,,,,,,,,,,,,,,,,""
10989270765,"Mar 18, 2024, 9:42:34 PM",Afternoon Run,Run,,4661,11.27,,,false,,,activities/11748746201.fit.gz,,,4661.0,3192.0,11278.2,4.323,3.533,2.2,108.0,14.8,17.2,1.3,0.0,,,111.0,88.0,,,,,518.0,,,,,,,,,,,,,,,,0.0,,1.0,11281.9,,,,,,,,,,,,,,,,,,,,,,,,,,0.0,2.42,3082.6,,,,,,,,,,,,,,,,,,,,,""
10975874766,"Mar 17, 2024, 1:39:21 AM",Evening Run,Run,,1472,1.56,,,false,,,activities/11734479995.fit.gz,,,1472.0,706.0,1567.6,3.782,2.22,0.0,18.0,11.4,12.2,1.8,0.0,,,92.0,86.0,,,,,71.0,,,,,,,,,,,,,,,,0.0,,1.0,1567.6,,,,,,,,,,,,,,,,,,,,,,,,,,0.0,1.065,0.0,,,,,,,,,,,,,,,,,,,,,""
10975557866,"Mar 17, 2024, 12:11:26 AM",Afternoon Run,Run,,1096,3.20,,,false,,,activities/11734146444.fit.gz,,,1096.0,1027.0,3199.1,4.016,3.115,4.5,67.0,9.3,12.2,3.1,0.0,,,92.0,88.0,,,,,156.0,,,,,,,,,,,,,,,,0.0,,1.0,3204.2,,,,,,,,,,,,,,,,,,,,,,,,,,0.0,2.919,0.0,,,,,,,,,,,,,,,,,,,,,""
10968568457,"Mar 16, 2024, 3:33:06 AM",Evening Run,Run,,1424,2.85,,,false,,,activities/11726874994.fit.gz,,,1424.0,1092.0,2849.3,3.676,2.609,0.0,37.0,11.4,12.2,2.0,0.0,,,91.0,85.0,,,,,137.0,,,,,,,,,,,,,,,,0.0,,1.0,2851.1,,,,,,,,,,,,,,,,,,,,,,,,,,0.0,2.001,0.0,,,,,,,,,,,,,,,,,,,,,""
10968455706,"Mar 16, 2024, 1:35:22 AM",Evening Run,Run,,1068,3.22,,,false,,,activities/11726755236.fit.gz,,,1068.0,1008.0,3226.3,4.499,3.201,5.0,64.0,9.3,12.2,3.4,0.0,,,93.0,89.0,,,,,160.0,,,,,,,,,,,,,,,,0.0,,1.0,3233.2,,,,,,,,,,,,,,,,,,,,,,,,,,0.0,3.021,0.0,,,,,,,,,,,,,,,,,,,,,""
10965879329,"Mar 15, 2024, 4:57:45 PM",Morning Run,Run,,942,3.22,,,false,,,activities/11724096601.fit.gz,,,942.0,942.0,3223.4,4.32,3.422,3.2,73.0,14.6,17.9,2.9,0.0,,,95.0,90.0,,,,,160.0,,,,,,,,,,,,,,,,0.0,,1.0,3227.3,,,,,,,,,,,,,,,,,,,,,,,,,,0.0,3.422,0.0,,,,,,,,,,,,,,,,,,,,,""
10959297824,"Mar 14, 2024, 4:24:59 PM",Morning Run,Run,,1953,6.46,,,false,,,activities/11717312974.fit.gz,,,1953.0,1870.0,6462.8,4.431,3.456,16.4,116.0,11.9,17.2,4.1,0.0,,,96.0,91.0,,,,,311.0,,,,,,,,,,,,,,,,0.0,,1.0,6480.0,,,,,,,,,,,,,,,,,,,,,,,,,,0.0,3.309,0.0,,,,,,,,,,,,,,,,,,,,,""
10952459055,"Mar 13, 2024, 5:20:52 PM",Morning Run,Run,,3318,9.66,,,false,,,activities/11710242668.fit.gz,,,3318.0,2985.0,9668.3,3.812,3.239,6.9,162.0,13.9,18.7,3.9,0.0,,,99.0,91.0,,,,,473.0,,,,,,,,,,,,,,,,0.0,,1.0,9676.7,,,,,,,,,,,,,,,,,,,,,,,,,,0.0,2.914,0.0,,,,,,,,,,,,,,,,,,,,,""
10944753047,"Mar 12, 2024, 5:26:13 PM",Morning Run,Run,"",1056,2.77,,,false,,,activities/11702291273.fit.gz,,,1056.0,947.0,2773.1,3.451,2.928,2.2,42.0,13.6,15.8,2.3,0.0,,,91.0,87.0,,,,,127.0,,,,,,,,,,,,,,0.0,,0.0,,1.0,2775.2,,,,,,,,,,,,,,,,,,,,,,,,,,0.0,2.626,0.0,,,,,,,,,,,,,,,,,,,,,media/EC58B402-20FD-4971-AA01-D3629FB6864A.jpg
10944507471,"Mar 12, 2024, 4:27:35 PM",Morning Run,Run,,1137,3.26,,,false,,,activities/11702039854.fit.gz,,,1137.0,881.0,3262.6,6.646,3.703,0.0,51.0,14.9,15.7,1.1,0.0,,,106.0,86.0,,,,,162.0,,,,,,,,,,,,,,,,0.0,,1.0,3264.7,,,,,,,,,,,,,,,,,,,,,,,,,,0.0,2.869,0.0,,,,,,,,,,,,,,,,,,,,,""
10944505640,"Mar 12, 2024, 3:59:07 PM",Morning Run,Run,,969,3.22,,,false,,,activities/11702037945.fit.gz,,,969.0,966.0,3224.8,9.534,3.338,5.4,126.0,14.6,17.9,2.8,0.0,,,94.0,90.0,,,,,155.0,,,,,,,,,,,,,,,,0.0,,1.0,3228.7,,,,,,,,,,,,,,,,,,,,,,,,,,0.0,3.328,0.0,,,,,,,,,,,,,,,,,,,,,""
10932919782,"Mar 10, 2024, 7:44:39 PM",Lunch Run,Run,"",2335,6.61,,,false,,,activities/11690026923.fit.gz,,,2335.0,1883.0,6609.8,4.297,3.51,4.1,108.0,14.5,18.7,5.8,0.0,,,92.0,88.0,,,,,303.0,,,,,,,,,,,,,,0.0,,0.0,,1.0,6614.9,,,,,,,,,,,,,,,,,,,,,,,,,,0.0,2.831,0.0,,,,,,,,,,,,,,,,,,,,,""
10926211898,"Mar 9, 2024, 10:39:52 PM",Afternoon Run,Run,,876,1.71,,,false,,,activities/11682958456.fit.gz,,,876.0,707.0,1712.8,3.114,2.423,0.0,28.0,14.8,16.0,0.9,0.0,,,93.0,86.0,,,,,89.0,,,,,,,,,,,,,,,,0.0,,1.0,1713.3,,,,,,,,,,,,,,,,,,,,,,,,,,0.0,1.955,0.0,,,,,,,,,,,,,,,,,,,,,""
10926197570,"Mar 9, 2024, 9:03:45 PM",Afternoon Run,Run,,557,1.62,,,false,,,activities/11682943757.fit.gz,,,557.0,557.0,1626.9,3.813,2.921,0.0,54.0,15.4,16.9,0.5,0.0,,,90.0,87.0,,,,,81.0,,,,,,,,,,,,,,,,0.0,,1.0,1626.9,,,,,,,,,,,,,,,,,,,,,,,,,,0.0,2.921,0.0,,,,,,,,,,,,,,,,,,,,,""
10925594523,"Mar 9, 2024, 7:39:38 PM",Lunch Run,Run,,1258,2.28,,,false,,,activities/11682316089.fit.gz,,,1258.0,852.0,2283.7,3.327,2.68,0.0,78.0,14.6,16.2,1.2,0.0,,,91.0,86.0,,,,,97.0,,,,,,,,,,,,,,,,0.0,,1.0,2285.5,,,,,,,,,,,,,,,,,,,,,,,,,,0.0,1.815,0.0,,,,,,,,,,,,,,,,,,,,,""
10925299616,"Mar 9, 2024, 6:23:18 PM",Morning Run,Run,,1013,3.22,,,false,,,activities/11682005698.fit.gz,,,1013.0,982.0,3227.7,3.785,3.287,2.5,86.0,15.3,17.9,2.2,0.0,,,93.0,90.0,,,,,155.0,,,,,,,,,,,,,,,,0.0,,1.0,3230.2,,,,,,,,,,,,,,,,,,,,,,,,,,0.0,3.186,0.0,,,,,,,,,,,,,,,,,,,,,""
10917827448,"Mar 8, 2024, 5:24:40 PM",Morning Run,Run,,2046,6.44,,,false,,,activities/11674249921.fit.gz,,,2046.0,1969.0,6448.1,3.853,3.275,3.8,88.0,14.6,18.7,2.3,0.0,,,92.0,89.0,,,,,302.0,,,,,,,,,,,,,,,,0.0,,1.0,6452.2,,,,,,,,,,,,,,,,,,,,,,,,,,0.0,3.152,0.0,,,,,,,,,,,,,,,,,,,,,""
10911581971,"Mar 7, 2024, 5:20:57 PM",Morning Run,Run,,4951,11.91,,,false,,,activities/11667768810.fit.gz,,,4951.0,3624.0,11910.7,5.3,3.287,16.6,202.0,11.9,17.2,4.9,0.0,,,99.0,89.0,,,,,559.0,,,,,,,,,,,,,,,,0.0,,1.0,11930.8,,,,,,,,,,,,,,,,,,,,,,,,,,0.0,2.406,0.0,,,,,,,,,,,,,,,,,,,,,""
10905560065,"Mar 6, 2024, 7:20:44 PM",Lunch Elliptical,Elliptical,,3602,0,,,false,,,activities/11661462232.fit.gz,,,3602.0,3602.0,0.0,0.0,0.0,0.0,0.0,0.0,0.0,0.0,0.0,,,86.0,66.0,,,,,443.0,,,,,,,,,,,,,,,,0.0,,1.0,,,,,,,,,,,,,,,,,,,,,,,,,,,0.0,0.0,0.0,,,,,,,,,,,,,,,,,,,,,""
10897117767,"Mar 5, 2024, 5:44:25 PM",Morning Run,Run,,1311,3.33,,,false,,,activities/11652395863.fit.gz,,,1311.0,1164.0,3332.1,3.413,2.863,2.2,103.0,13.5,15.8,0.9,0.0,,,93.0,89.0,,,,,198.0,,,,,,,,,,,,,,,,0.0,,1.0,3334.1,,,,,,,,,,,,,,,,,,,,,,,,,,0.0,2.542,0.0,,,,,,,,,,,,,,,,,,,,,""
10896873053,"Mar 5, 2024, 5:06:29 PM",Morning Run,Run,,1614,4.87,,,false,,,activities/11652126463.fit.gz,,,1614.0,1439.0,4873.0,6.692,3.386,0.0,53.0,14.8,15.6,1.0,0.0,,,102.0,89.0,,,,,232.0,,,,,,,,,,,,,,,,0.0,,1.0,4876.4,,,,,,,,,,,,,,,,,,,,,,,,,,0.0,3.019,0.0,,,,,,,,,,,,,,,,,,,,,""
10896513869,"Mar 5, 2024, 4:27:37 PM",Morning Run,Run,,1474,4.83,,,false,,,activities/11651723164.fit.gz,,,1474.0,1474.0,4837.6,4.19,3.282,4.5,89.0,15.0,17.7,2.9,0.0,,,93.0,90.0,,,,,240.0,,,,,,,,,,,,,,,,0.0,,1.0,4841.3,,,,,,,,,,,,,,,,,,,,,,,,,,0.0,3.282,21.2,,,,,,,,,,,,,,,,,,,,,""
10883982657,"Mar 3, 2024, 5:35:09 PM",Morning Run,Run,,5850,17.73,,,false,,,activities/11633468656.fit.gz,,,5850.0,5030.0,17730.3,5.437,3.525,38.2,160.0,13.7,23.0,6.4,0.0,,,99.0,90.0,,,,,830.0,,,,,,,,,,,,,,,,0.0,,1.0,17774.9,,,,,,,,,,,,,,,,,,,,,,,,,,0.0,3.031,10697.8,,,,,,,,,,,,,,,,,,,,,""
10876026188,"Mar 2, 2024, 5:24:48 PM",Morning Swim,Swim,,2816,"2,012",,,false,,,activities/11624830132.fit.gz,,,2816.0,2533.0,2011.7,1.76,0.794,0.0,0.0,0.0,0.0,0.0,0.0,,,,26.0,,,,,281.0,,,,,,,,,,,,,,,,0.0,,1.0,,,,,,,,,,,,,,,,,,,,,,,,,,,0.0,0.714,0.0,,,,,,,,,,,,,,,,,,,,,""
10869276141,"Mar 1, 2024, 6:41:42 PM",Morning Elliptical,Elliptical,,1202,0,,,false,,,activities/11617870361.fit.gz,,,1202.0,1202.0,0.0,0.0,0.0,0.0,0.0,0.0,0.0,0.0,0.0,,,79.0,74.0,,,,,174.0,,,,,,,,,,,,,,,,0.0,,1.0,,,,,,,,,,,,,,,,,,,,,,,,,,,0.0,0.0,0.0,,,,,,,,,,,,,,,,,,,,,""
10869037686,"Mar 1, 2024, 5:23:43 PM",Morning Run,Run,,3075,9.69,,,false,,,activities/11617627279.fit.gz,,,3075.0,2888.0,9697.0,4.01,3.358,13.3,117.0,12.9,17.8,4.8,0.0,,,96.0,91.0,,,,,447.0,,,,,,,,,,,,,,,,0.0,,1.0,9710.5,,,,,,,,,,,,,,,,,,,,,,,,,,0.0,3.154,69.9,,,,,,,,,,,,,,,,,,,,,""
10863234876,"Feb 29, 2024, 6:52:59 PM",Morning Weight Training,Weight Training,,1419,0,,,false,,,activities/11611647559.fit.gz,,,1419.0,1419.0,0.0,0.0,0.0,0.0,0.0,0.0,0.0,0.0,0.0,,,,,,,,,93.0,,,,,,,,,,,,,,,,0.0,,1.0,,,,,,,,,,,,,,,,,,,,,,,,,,,0.0,0.0,0.0,,,,,,,,,,,,,,,,,,,,,""
10862824408,"Feb 29, 2024, 5:28:37 PM",1k time trial — 3:06,Run,Negative split that hoe,2962,8.06,,,false,,,activities/11611229723.fit.gz,,,2962.0,2379.0,8068.2,4.722,3.391,11.2,126.0,14.1,17.9,10.1,0.0,,,97.0,90.0,,,,,381.0,,,,,,,,,,,,,,0.0,,0.0,,1.0,8082.3,,,,,,,,,,,,,,,,,,,,,,,,,,0.0,2.724,453.0,,,,,,,,,,,,,,,,,,,,,""
10862506354,"Feb 29, 2024, 4:32:01 PM",Morning Run,Run,,1480,4.83,,,false,,,activities/11610903872.fit.gz,,,1480.0,1413.0,4838.8,4.258,3.425,6.6,86.0,14.1,18.7,3.0,0.0,,,94.0,91.0,,,,,233.0,,,,,,,,,,,,,,,,0.0,,1.0,4845.6,,,,,,,,,,,,,,,,,,,,,,,,,,0.0,3.269,0.0,,,,,,,,,,,,,,,,,,,,,""
10856326532,"Feb 28, 2024, 5:41:37 PM",Morning Run,Run,,2214,6.44,,,false,,,activities/11604543694.fit.gz,,,2214.0,1965.0,6447.3,4.066,3.281,3.2,106.0,15.4,18.7,3.6,0.0,,,94.0,89.0,,,,,296.0,,,,,,,,,,,,,,,,0.0,,1.0,6453.8,,,,,,,,,,,,,,,,,,,,,,,,,,0.0,2.912,0.0,,,,,,,,,,,,,,,,,,,,,""
10850815246,"Feb 27, 2024, 9:20:03 PM",Afternoon Run,Run,"",1184,3.22,,,false,,,activities/11598857828.fit.gz,,,1184.0,982.0,3228.5,4.378,3.288,0.0,73.0,14.6,16.3,0.7,0.0,,,91.0,88.0,,,,,150.0,,,,,,,,,,,,,,0.0,,0.0,,1.0,3229.2,,,,,,,,,,,,,,,,,,,,,,,,,,0.0,2.727,0.0,,,,,,,,,,,,,,,,,,,,,""
10836572308,"Feb 25, 2024, 5:29:02 PM",Morning Run,Run,,5632,16.10,,,false,,,activities/11584194245.fit.gz,,,5632.0,4908.0,16099.1,4.315,3.28,32.9,196.0,9.2,22.2,6.3,0.0,,,94.0,89.0,,,,,747.0,,,,,,,,,,,,,,,,0.0,,1.0,16137.4,,,,,,,,,,,,,,,,,,,,,,,,,,0.0,2.859,348.7,,,,,,,,,,,,,,,,,,,,,""
10829743195,"Feb 24, 2024, 8:31:43 PM",Lunch Run,Run,,3081,8.05,,,false,,,activities/11577029049.fit.gz,,,3081.0,2237.0,8057.5,6.25,3.602,4.1,107.0,14.6,18.7,3.0,0.0,,,106.0,89.0,,,,,351.0,,,,,,,,,,,,,,,,0.0,,1.0,8063.7,,,,,,,,,,,,,,,,,,,,,,,,,,0.0,2.615,0.0,,,,,,,,,,,,,,,,,,,,,""
10822013010,"Feb 23, 2024, 6:16:20 PM",Morning Run,Run,Did 6,3422,8.06,,,false,,,activities/11569065799.fit.gz,,,3422.0,2446.0,8067.1,4.12,3.298,9.3,109.0,13.8,18.7,5.1,0.0,,,95.0,90.0,,,,,359.0,,,,,,,,,,,,,,0.0,,0.0,,1.0,8079.3,,,,,,,,,,,,,,,,,,,,,,,,,,0.0,2.357,138.1,,,,,,,,,,,,,,,,,,,,,""
10815865202,"Feb 22, 2024, 6:37:04 PM",Morning Weight Training,Weight Training,,1578,0,,,false,,,activities/11562730396.fit.gz,,,1578.0,1578.0,0.0,0.0,0.0,0.0,0.0,0.0,0.0,0.0,0.0,,,,,,,,,89.0,,,,,,,,,,,,,,,,0.0,,1.0,,,,,,,,,,,,,,,,,,,,,,,,,,,0.0,0.0,0.0,,,,,,,,,,,,,,,,,,,,,""
10815463354,"Feb 22, 2024, 5:35:38 PM",Morning Run,Run,,2136,5.33,,,false,,,activities/11562322116.fit.gz,,,2136.0,1765.0,5333.9,4.218,3.022,17.4,80.0,13.7,19.0,13.6,-0.1,,,109.0,90.0,,,,,249.0,,,,,,,,,,,,,,,,0.0,,1.0,5355.6,,,,,,,,,,,,,,,,,,,,,,,,,,0.0,2.497,1817.7,,,,,,,,,,,,,,,,,,,,,""
10815456095,"Feb 22, 2024, 5:18:05 PM",Morning Run,Run,,982,3.44,,,false,,,activities/11562314696.fit.gz,,,982.0,911.0,3446.0,5.328,3.783,7.0,31.0,14.3,18.6,5.3,0.0,,,95.0,91.0,,,,,153.0,,,,,,,,,,,,,,,,0.0,,1.0,3457.3,,,,,,,,,,,,,,,,,,,,,,,,,,0.0,3.509,949.3,,,,,,,,,,,,,,,,,,,,,""
10814922469,"Feb 22, 2024, 4:28:31 PM",Morning Run,Run,,1062,3.23,,,false,,,activities/11561768793.fit.gz,,,1062.0,1012.0,3233.7,4.458,3.195,2.0,77.0,15.3,17.6,1.1,0.0,,,92.0,89.0,,,,,151.0,,,,,,,,,,,,,,,,0.0,,1.0,3234.8,,,,,,,,,,,,,,,,,,,,,,,,,,0.0,3.045,22.3,,,,,,,,,,,,,,,,,,,,,""
10809184284,"Feb 21, 2024, 5:18:48 PM",Morning Elliptical,Elliptical,,4263,0,,,false,,,activities/11555879983.fit.gz,,,4263.0,4263.0,0.0,0.0,0.0,0.0,0.0,0.0,0.0,0.0,0.0,,,79.0,70.0,,,,,504.0,,,,,,,,,,,,,,,,0.0,,1.0,,,,,,,,,,,,,,,,,,,,,,,,,,,0.0,0.0,0.0,,,,,,,,,,,,,,,,,,,,,""
10802795173,"Feb 20, 2024, 7:12:20 PM",Lunch Weight Training,Weight Training,,1344,0,,,false,,,activities/11549312106.fit.gz,,,1344.0,1344.0,0.0,0.0,0.0,0.0,0.0,0.0,0.0,0.0,0.0,,,,,,,,,80.0,,,,,,,,,,,,,,,,0.0,,1.0,,,,,,,,,,,,,,,,,,,,,,,,,,,0.0,0.0,0.0,,,,,,,,,,,,,,,,,,,,,""
10802187645,"Feb 20, 2024, 5:58:49 PM",Morning Run,Run,,1216,3.23,,,false,,,activities/11548695617.fit.gz,,,1216.0,1099.0,3229.2,4.035,2.938,0.0,48.0,13.4,15.5,0.6,0.0,,,93.0,89.0,,,,,156.0,,,,,,,,,,,,,,,,0.0,,1.0,3230.6,,,,,,,,,,,,,,,,,,,,,,,,,,0.0,2.656,0.0,,,,,,,,,,,,,,,,,,,,,""
10801936791,"Feb 20, 2024, 5:08:11 PM","2x(1.75 mile tempo, 1200)",Run,"Avg 6:02, 6:00, 6:20, 5:48

Should race a 5k at this point",2682,9.01,,,false,,,activities/11548441162.fit.gz,,,2682.0,2263.0,9014.4,5.998,3.983,0.0,96.0,15.2,16.0,1.2,0.0,,,99.0,90.0,,,,,413.0,,,,,,,,,,,,,,0.0,,0.0,,1.0,9020.6,,,,,,,,,,,,,,,,,,,,,,,,,,0.0,3.361,0.0,,,,,,,,,,,,,,,,,,,,,""
10801408142,"Feb 20, 2024, 4:28:20 PM",Morning Run,Run,,1012,3.35,,,false,,,activities/11547900808.fit.gz,,,1012.0,1012.0,3351.3,4.412,3.312,2.1,97.0,15.4,17.7,0.9,0.0,,,93.0,89.0,,,,,160.0,,,,,,,,,,,,,,,,0.0,,1.0,3352.6,,,,,,,,,,,,,,,,,,,,,,,,,,0.0,3.312,0.0,,,,,,,,,,,,,,,,,,,,,""
10789509909,"Feb 18, 2024, 5:32:23 PM",Morning Run,Run,,5204,16.10,,,false,,,activities/11535621566.fit.gz,,,5204.0,4416.0,16108.3,4.6,3.648,43.5,208.0,12.8,24.1,10.4,0.0,,,94.0,91.0,,,,,755.0,,,,,,,,,,,,,,,,0.0,,1.0,16156.1,,,,,,,,,,,,,,,,,,,,,,,,,,0.0,3.095,40.2,,,,,,,,,,,,,,,,,,,,,""
10782331909,"Feb 17, 2024, 6:26:39 PM",Morning Elliptical,Elliptical,,3628,0,,,false,,,activities/11528134666.fit.gz,,,3628.0,3628.0,0.0,0.0,0.0,0.0,0.0,0.0,0.0,0.0,0.0,,,70.0,63.0,,,,,501.0,,,,,,,,,,,,,,,,0.0,,1.0,,,,,,,,,,,,,,,,,,,,,,,,,,,0.0,0.0,0.0,,,,,,,,,,,,,,,,,,,,,""
10774752614,"Feb 16, 2024, 5:21:29 PM",Morning Run,Run,,3541,9.69,,,false,,,activities/11520327026.fit.gz,,,3541.0,2823.0,9689.1,4.602,3.432,4.7,147.0,14.6,17.3,0.9,0.0,,,96.0,91.0,,,,,447.0,,,,,,,,,,,,,,,,0.0,,1.0,9694.4,,,,,,,,,,,,,,,,,,,,,,,,,,0.0,2.736,0.0,,,,,,,,,,,,,,,,,,,,,""
10769736829,"Feb 15, 2024, 9:39:45 PM",Afternoon Elliptical,Elliptical,,2499,0,,,false,,,activities/11515155229.fit.gz,,,2499.0,2499.0,0.0,0.0,0.0,0.0,0.0,0.0,0.0,0.0,0.0,,,75.0,66.0,,,,,358.0,,,,,,,,,,,,,,,,0.0,,1.0,,,,,,,,,,,,,,,,,,,,,,,,,,,0.0,0.0,0.0,,,,,,,,,,,,,,,,,,,,,""
10767966142,"Feb 15, 2024, 4:34:13 PM",Morning run,Run,Berkeley all-comers got cancelled so I’m counting my blessings. Biggest one is that I got to run w [strava://athletes/31516174/13]Alex Bobowski & [strava://athletes/45738962/12]Max Waechter 🤩,2291,8.05,,,false,,,activities/11513350024.fit.gz,,,2291.0,2227.0,8052.5,4.55,3.616,3.0,233.0,14.5,18.6,2.0,0.0,,,95.0,91.0,,,,,378.0,,,,,,,,,,,,,,0.0,,0.0,,1.0,8057.3,,,,,,,,,,,,,,,,,,,,,,,,,,0.0,3.515,0.0,,,,,,,,,,,,,,,,,,,,,""
10763358749,"Feb 14, 2024, 9:55:29 PM",Afternoon Weight Training,Weight Training,,1894,0,,,false,,,activities/11508599705.fit.gz,,,1894.0,1894.0,0.0,0.0,0.0,0.0,0.0,0.0,0.0,0.0,0.0,,,,,,,,,107.0,,,,,,,,,,,,,,,,0.0,,1.0,,,,,,,,,,,,,,,,,,,,,,,,,,,0.0,0.0,0.0,,,,,,,,,,,,,,,,,,,,,""
10762266766,"Feb 14, 2024, 5:41:15 PM",Morning Elliptical,Elliptical,,4202,0,,,false,,,activities/11507486639.fit.gz,,,4202.0,4202.0,0.0,0.0,0.0,0.0,0.0,0.0,0.0,0.0,0.0,,,70.0,62.0,,,,,525.0,,,,,,,,,,,,,,,,0.0,,1.0,,,,,,,,,,,,,,,,,,,,,,,,,,,0.0,0.0,0.0,,,,,,,,,,,,,,,,,,,,,""
10755579704,"Feb 13, 2024, 6:17:00 PM",4x(2 on 2 off),Ride,PF won this battle but I’ll win the war,2401,0,,,false,,,activities/11500596052.fit.gz,,,2401.0,2401.0,0.0,0.0,0.0,0.0,0.0,0.0,0.0,0.0,0.0,,,,,,,,,244.0,,,,,,,,,,,,,,0.0,,0.0,,1.0,,,,,,,,,,,,,,,,,,,,,,,,,,,0.0,0.0,0.0,,,,,,,,,,,,,,,,,,,,,""
10755156840,"Feb 13, 2024, 5:49:19 PM","(Attempted) 1600, 5 x 600",Run,"5:30, 2:01",754,2.62,,,false,,,activities/11500165683.fit.gz,,,754.0,641.0,2622.5,5.844,4.091,0.0,44.0,14.9,15.6,0.8,0.0,,,100.0,90.0,,,,,123.0,,,,,,,,,,,,,,0.0,,0.0,,1.0,2623.8,,,,,,,,,,,,,,,,,,,,,,,,,,0.0,3.478,0.0,,,,,,,,,,,,,,,,,,,,,""
10754931256,"Feb 13, 2024, 5:09:51 PM",Morning Run,Run,,1451,4.84,,,false,,,activities/11499935400.fit.gz,,,1451.0,1451.0,4840.3,4.298,3.336,2.3,160.0,15.2,17.9,2.0,0.0,,,95.0,90.0,,,,,234.0,,,,,,,,,,,,,,,,0.0,,1.0,4842.5,,,,,,,,,,,,,,,,,,,,,,,,,,0.0,3.336,22.7,,,,,,,,,,,,,,,,,,,,,""
10743018512,"Feb 11, 2024, 5:30:45 PM",Morning Run,Run,such a beautiful day,5778,19.32,,,false,,,activities/11487663270.fit.gz,,,5778.0,5370.0,19322.3,4.236,3.598,38.4,142.0,13.7,23.0,6.6,0.0,,,95.0,92.0,,,,,911.0,,,,,,,,,,,,,,0.0,,0.0,,1.0,19369.7,,,,,,,,,,,,,,,,,,,,,,,,,,0.0,3.344,12668.8,,,,,,,,,,,,,,,,,,,,,""
10736154824,"Feb 10, 2024, 7:00:45 PM",Lunch Swim,Swim,,2775,"2,012",,,false,,,activities/11480566180.fit.gz,,,2775.0,2708.0,2011.7,1.76,0.743,0.0,0.0,0.0,0.0,0.0,0.0,,,,26.0,,,,,281.0,,,,,,,,,,,,,,,,0.0,,1.0,,,,,,,,,,,,,,,,,,,,,,,,,,,0.0,0.725,0.0,,,,,,,,,,,,,,,,,,,,,""
10728864418,"Feb 9, 2024, 5:29:00 PM",Morning Run,Run,Angry plantar,2673,8.05,,,false,,,activities/11473047148.fit.gz,,,2673.0,2443.0,8055.2,4.77,3.297,9.7,142.0,12.8,17.8,4.4,0.0,,,99.0,92.0,,,,,374.0,,,,,,,,,,,,,,0.0,,0.0,,1.0,8070.6,,,,,,,,,,,,,,,,,,,,,,,,,,0.0,3.014,283.4,,,,,,,,,,,,,,,,,,,,,""
10722672480,"Feb 8, 2024, 5:56:42 PM",Morning Run,Run,,1184,3.23,,,false,,,activities/11466679954.fit.gz,,,1184.0,1176.0,3232.3,3.689,2.749,2.3,122.0,14.9,17.9,2.4,0.0,,,97.0,92.0,,,,,170.0,,,,,,,,,,,,,,,,0.0,,1.0,3234.6,,,,,,,,,,,,,,,,,,,,,,,,,,0.0,2.73,0.0,,,,,,,,,,,,,,,,,,,,,""
10722483960,"Feb 8, 2024, 5:07:14 PM",5x1200 + 800 (60s),Run,"",1827,7.29,,,false,,,activities/11466486807.fit.gz,,,1827.0,1692.0,7295.1,6.001,4.312,0.0,52.0,15.3,16.1,0.9,0.0,,,99.0,92.0,,,,,339.0,,,,,,,,,,,,,,0.0,,0.0,,1.0,7299.5,,,,,,,,,,,,,,,,,,,,,,,,,,0.0,3.993,0.0,,,,,,,,,,,,,,,,,,,,,""
10722107359,"Feb 8, 2024, 4:32:13 PM",Morning Run,Run,,975,3.22,,,false,,,activities/11466101495.fit.gz,,,975.0,975.0,3228.7,4.357,3.312,2.2,92.0,14.9,17.9,1.4,0.0,,,95.0,91.0,,,,,153.0,,,,,,,,,,,,,,,,0.0,,1.0,3230.4,,,,,,,,,,,,,,,,,,,,,,,,,,0.0,3.312,0.0,,,,,,,,,,,,,,,,,,,,,""
10716620426,"Feb 7, 2024, 6:12:48 PM",Morning Run,Run,,3101,9.66,,,false,,,activities/11460460663.fit.gz,,,3101.0,2827.0,9665.0,4.232,3.419,6.6,132.0,13.9,18.7,3.2,0.0,,,102.0,92.0,,,,,456.0,,,,,,,,,,,,,,,,0.0,,1.0,9672.7,,,,,,,,,,,,,,,,,,,,,,,,,,0.0,3.117,0.0,,,,,,,,,,,,,,,,,,,,,""
10709341942,"Feb 6, 2024, 5:43:24 PM",Morning Run,Run,,1786,4.81,,,false,,,activities/11453004646.fit.gz,,,1786.0,1743.0,4810.5,3.071,2.76,0.0,37.0,14.9,15.7,0.7,0.0,,,94.0,90.0,,,,,237.0,,,,,,,,,,,,,,,,0.0,,1.0,4814.0,,,,,,,,,,,,,,,,,,,,,,,,,,0.0,2.693,0.0,,,,,,,,,,,,,,,,,,,,,""
10709013193,"Feb 6, 2024, 5:07:49 PM",10x300 (60s),Run,@ mile pace,1157,4.16,,,false,,,activities/11452670122.fit.gz,,,1157.0,1065.0,4161.9,6.692,3.908,0.0,77.0,15.1,15.9,0.9,0.0,,,101.0,92.0,,,,,156.0,,,,,,,,,,,,,,0.0,,0.0,,1.0,4164.8,,,,,,,,,,,,,,,,,,,,,,,,,,0.0,3.597,0.0,,,,,,,,,,,,,,,,,,,,,""
10708733446,"Feb 6, 2024, 4:26:37 PM",Morning Run,Run,,1446,4.85,,,false,,,activities/11452383855.fit.gz,,,1446.0,1446.0,4849.9,4.277,3.354,4.5,97.0,15.0,17.7,2.9,0.0,,,95.0,91.0,,,,,230.0,,,,,,,,,,,,,,,,0.0,,1.0,4853.4,,,,,,,,,,,,,,,,,,,,,,,,,,0.0,3.354,0.0,,,,,,,,,,,,,,,,,,,,,""
10698084360,"Feb 4, 2024, 8:11:02 PM",Lunch Run,Run,10 on treadmill + 1 outside for something new to look at,5716,13.79,,,false,,,activities/11441411307.fit.gz,,,5716.0,4956.0,13789.8,2.925,2.782,0.0,0.0,0.0,0.0,0.0,0.0,,,91.0,82.0,,,,,759.0,,,,,,,,,,,,,,0.0,,0.0,,1.0,13789.8,,,,,,,,,,,,,,,,,,,,,,,,,,0.0,2.412,0.0,,,,,,,,,,,,,,,,,,,,,media/02ADE366-9F00-4CF9-BEC9-35E27012ED22.jpg
10690179759,"Feb 3, 2024, 7:58:37 PM",Lunch Ride,Ride,"",1203,0,,,false,,,activities/11433039884.fit.gz,,,1203.0,1203.0,0.0,0.0,0.0,0.0,0.0,0.0,0.0,0.0,0.0,,,,,,,,,75.0,,,,,,,,,,,,,,0.0,,0.0,,1.0,,,,,,,,,,,,,,,,,,,,,,,,,,,0.0,0.0,0.0,,,,,,,,,,,,,,,,,,,,,""
10689804074,"Feb 3, 2024, 6:34:24 PM",Morning Run,Run,,2774,8.05,,,false,,,activities/11432646252.fit.gz,,,2774.0,2437.0,8058.2,4.326,3.307,10.4,127.0,13.4,17.8,3.2,0.0,,,94.0,91.0,,,,,373.0,,,,,,,,,,,,,,,,0.0,,1.0,8068.2,,,,,,,,,,,,,,,,,,,,,,,,,,0.0,2.905,0.0,,,,,,,,,,,,,,,,,,,,,""
10682437695,"Feb 2, 2024, 5:24:38 PM",Morning Run,Run,,3527,11.27,,,false,,,activities/11425046795.fit.gz,,,3527.0,3279.0,11276.1,4.216,3.439,12.8,211.0,13.1,17.8,3.8,0.0,,,94.0,89.0,,,,,500.0,,,,,,,,,,,,,,,,0.0,,1.0,11296.4,,,,,,,,,,,,,,,,,,,,,,,,,,0.0,3.197,72.2,,,,,,,,,,,,,,,,,,,,,""
10678248142,"Feb 2, 2024, 12:09:29 AM",Afternoon Weight Training,Weight Training,,2982,0,,,false,,,activities/11420730975.fit.gz,,,2982.0,2982.0,0.0,0.0,0.0,0.0,0.0,0.0,0.0,0.0,0.0,,,,,,,,,140.0,,,,,,,,,,,,,,,,0.0,,1.0,,,,,,,,,,,,,,,,,,,,,,,,,,,0.0,0.0,0.0,,,,,,,,,,,,,,,,,,,,,""
10675879758,"Feb 1, 2024, 5:51:07 PM",Morning Run,Run,,1969,4.84,,,false,,,activities/11418320341.fit.gz,,,1969.0,1753.0,4842.0,3.77,2.762,2.5,122.0,13.4,16.0,0.8,0.0,,,95.0,90.0,,,,,236.0,,,,,,,,,,,,,,,,0.0,,1.0,4844.7,,,,,,,,,,,,,,,,,,,,,,,,,,0.0,2.459,0.0,,,,,,,,,,,,,,,,,,,,,""
10675585005,"Feb 1, 2024, 5:11:32 PM",3 mile tempo + 3x200,Run,Got most of my energy back after having like 6 meals yesterday 🙌🏻,1757,5.82,,,false,,,activities/11418020808.fit.gz,,,1757.0,1463.0,5828.1,6.97,3.984,0.0,51.0,15.3,16.1,0.8,0.0,,,107.0,92.0,,,,,257.0,,,,,,,,,,,,,,0.0,,0.0,,1.0,5831.6,,,,,,,,,,,,,,,,,,,,,,,,,,0.0,3.317,0.0,,,,,,,,,,,,,,,,,,,,,""
10675227563,"Feb 1, 2024, 4:29:34 PM",Morning Run,Run,,1220,4.05,,,false,,,activities/11417655974.fit.gz,,,1220.0,1220.0,4054.5,4.475,3.323,2.1,100.0,15.1,17.7,1.8,0.0,,,95.0,90.0,,,,,192.0,,,,,,,,,,,,,,,,0.0,,1.0,4056.7,,,,,,,,,,,,,,,,,,,,,,,,,,0.0,3.323,297.9,,,,,,,,,,,,,,,,,,,,,""
10669329214,"Jan 31, 2024, 5:37:33 PM",Morning Run,Run,,3167,9.66,,,false,,,activities/11411609121.fit.gz,,,3167.0,2960.0,9663.7,4.154,3.265,6.5,187.0,13.9,18.7,2.8,0.0,,,93.0,89.0,,,,,438.0,,,,,,,,,,,,,,,,0.0,,1.0,9671.0,,,,,,,,,,,,,,,,,,,,,,,,,,0.0,3.051,0.0,,,,,,,,,,,,,,,,,,,,,""
10662097448,"Jan 30, 2024, 5:45:22 PM",Morning Run,Run,,1723,4.04,,,false,,,activities/11404197076.fit.gz,,,1723.0,1461.0,4045.2,3.881,2.769,2.5,76.0,13.5,16.1,1.4,0.0,,,94.0,90.0,,,,,194.0,,,,,,,,,,,,,,,,0.0,,1.0,4048.5,,,,,,,,,,,,,,,,,,,,,,,,,,0.0,2.348,0.0,,,,,,,,,,,,,,,,,,,,,""
10662075090,"Jan 30, 2024, 5:03:51 PM","1200, 1k, 600, 400, 600, 1k, 1200",Run,"Tough day, but we ball",1983,7.00,,,false,,,activities/11404174135.fit.gz,,,1983.0,1730.0,7000.9,6.234,4.047,0.0,81.0,14.9,15.7,1.0,0.0,,,99.0,89.0,,,,,317.0,,,,,,,,,,,,,,0.0,,0.0,,1.0,7005.0,,,,,,,,,,,,,,,,,,,,,,,,,,0.0,3.53,0.0,,,,,,,,,,,,,,,,,,,,,""
10661456940,"Jan 30, 2024, 4:27:30 PM",Morning Run,Run,,1484,4.83,,,false,,,activities/11403540606.fit.gz,,,1484.0,1484.0,4837.9,4.67,3.26,4.7,112.0,15.0,17.9,3.0,0.0,,,93.0,89.0,,,,,234.0,,,,,,,,,,,,,,,,0.0,,1.0,4841.9,,,,,,,,,,,,,,,,,,,,,,,,,,0.0,3.26,42.8,,,,,,,,,,,,,,,,,,,,,""
10649612791,"Jan 28, 2024, 5:27:01 PM",Morning Run,Run,,5776,19.31,,,false,,,activities/11391355609.fit.gz,,,5776.0,5285.0,19316.5,5.351,3.655,34.3,306.0,10.7,20.7,4.8,0.0,,,123.0,90.0,,,,,927.0,,,,,,,,,,,,,,,,0.0,,1.0,19352.9,,,,,,,,,,,,,,,,,,,,,,,,,,0.0,3.344,3339.4,,,,,,,,,,,,,,,,,,,,,""
10642083022,"Jan 27, 2024, 6:16:59 PM",Morning Run,Run,Lady ags absolutely killed this weekend at UW 🤩🤩,3133,9.67,,,false,,,activities/11383343352.fit.gz,,,3133.0,2948.0,9669.7,4.28,3.28,13.4,221.0,13.4,17.8,5.4,0.0,,,93.0,89.0,,,,,454.0,,,,,,,,,,,,,,0.0,,0.0,,1.0,9681.2,,,,,,,,,,,,,,,,,,,,,,,,,,0.0,3.086,104.3,,,,,,,,,,,,,,,,,,,,,""
10634600654,"Jan 26, 2024, 5:35:32 PM",Morning Run,Run,7 + 4xhill strides,2783,9.66,,,false,,,activities/11375591318.fit.gz,,,2783.0,2695.0,9661.5,4.498,3.585,9.1,183.0,13.2,17.8,2.9,0.0,,,93.0,90.0,,,,,458.0,,,,,,,,,,,,,,0.0,,0.0,,1.0,9670.5,,,,,,,,,,,,,,,,,,,,,,,,,,0.0,3.472,0.0,,,,,,,,,,,,,,,,,,,,,""
10629886495,"Jan 25, 2024, 10:07:19 PM",Afternoon Weight Training,Weight Training,"",3167,0,,,false,,,activities/11370748672.fit.gz,,,3167.0,3167.0,0.0,0.0,0.0,0.0,0.0,0.0,0.0,0.0,0.0,,,,,,,,,156.0,,,,,,,,,,,,,,0.0,,0.0,,1.0,,,,,,,,,,,,,,,,,,,,,,,,,,,0.0,0.0,0.0,,,,,,,,,,,,,,,,,,,,,media/2F141265-F83C-448C-8D16-B7E6D2222DCD.jpg
10628221631,"Jan 25, 2024, 5:37:47 PM",Morning Run,Run,,1981,4.35,,,false,,,activities/11369057490.fit.gz,,,1981.0,1574.0,4351.5,3.704,2.765,6.4,99.0,13.5,19.5,3.0,-0.1,,,95.0,89.0,,,,,227.0,,,,,,,,,,,,,,,,0.0,,1.0,4352.9,,,,,,,,,,,,,,,,,,,,,,,,,,0.0,2.197,367.4,,,,,,,,,,,,,,,,,,,,,""
10628220192,"Jan 25, 2024, 5:11:46 PM","2x(2, 1, 30s, 1, 2) w/ 1m in between",Run,Found out this morning I got into USF 🥹,1446,5.45,,,false,,,activities/11369056083.fit.gz,,,1446.0,1446.0,5455.7,5.496,3.773,3.0,49.0,18.7,21.7,1.0,0.0,,,98.0,90.0,,,,,260.0,,,,,,,,,,,,,,0.0,,0.0,,1.0,5457.9,,,,,,,,,,,,,,,,,,,,,,,,,,0.0,3.773,0.0,,,,,,,,,,,,,,,,,,,,,""
10628218849,"Jan 25, 2024, 4:28:28 PM",Morning Run,Run,,1491,4.84,,,false,,,activities/11369054747.fit.gz,,,1491.0,1483.0,4845.7,4.635,3.267,8.5,85.0,13.5,20.1,4.9,0.1,,,93.0,90.0,,,,,228.0,,,,,,,,,,,,,,,,0.0,,1.0,4859.5,,,,,,,,,,,,,,,,,,,,,,,,,,0.0,3.25,710.4,,,,,,,,,,,,,,,,,,,,,""
10621817428,"Jan 24, 2024, 5:22:00 PM",Morning Run,Run,,3053,9.66,,,false,,,activities/11362498082.fit.gz,,,3053.0,2861.0,9662.8,4.505,3.377,6.6,160.0,14.0,18.7,4.5,0.0,,,96.0,90.0,,,,,461.0,,,,,,,,,,,,,,,,0.0,,1.0,9670.1,,,,,,,,,,,,,,,,,,,,,,,,,,0.0,3.165,0.0,,,,,,,,,,,,,,,,,,,,,""
10615069226,"Jan 23, 2024, 5:34:21 PM",Morning Run,Run,,2108,4.83,,,false,,,activities/11355599906.fit.gz,,,2108.0,1859.0,4838.4,3.602,2.603,0.0,91.0,13.6,16.0,1.4,0.0,,,95.0,88.0,,,,,293.0,,,,,,,,,,,,,,,,0.0,,1.0,4841.3,,,,,,,,,,,,,,,,,,,,,,,,,,0.0,2.295,0.0,,,,,,,,,,,,,,,,,,,,,""
10614755400,"Jan 23, 2024, 5:05:10 PM","3x800 (2:30 but really 2:15), 4x200 (60s)",Run,"2:43, 2:44, 2:43, 36, 37, 35, 34 

Coach john keeping us on our toes and cutting our rest 😆",1270,4.19,,,false,,,activities/11355281583.fit.gz,,,1270.0,1101.0,4191.0,6.47,3.807,0.0,61.0,15.3,16.1,1.0,0.0,,,103.0,90.0,,,,,186.0,,,,,,,,,,,,,,0.0,,0.0,,1.0,4193.4,,,,,,,,,,,,,,,,,,,,,,,,,,0.0,3.3,0.0,,,,,,,,,,,,,,,,,,,,,""
10614512040,"Jan 23, 2024, 4:26:11 PM",Morning Run,Run,,1453,4.83,,,false,,,activities/11355032506.fit.gz,,,1453.0,1449.0,4835.8,4.824,3.337,2.4,143.0,15.3,17.9,2.3,0.0,,,93.0,89.0,,,,,232.0,,,,,,,,,,,,,,,,0.0,,1.0,4838.3,,,,,,,,,,,,,,,,,,,,,,,,,,0.0,3.328,0.0,,,,,,,,,,,,,,,,,,,,,""
10603527223,"Jan 21, 2024, 5:32:31 PM",Morning Run,Run,So sore 🥲. Posh bagel is reviving me rn. Time for some serious R&R,5160,16.10,,,false,,,activities/11343744846.fit.gz,,,5160.0,4378.0,16105.6,4.718,3.679,12.8,121.0,5.3,12.9,14.7,0.0,,,94.0,91.0,,,,,755.0,,,,,,,,,,,,,,0.0,,0.0,,1.0,16125.1,,,,,,,,,,,,,,,,,,,,,,,,,,0.0,3.121,15312.2,,,,,,,,,,,,,,,,,,,,,""
10596699886,"Jan 20, 2024, 6:23:24 PM",Morning Swim,Swim,,3003,"1,943",,,false,,,activities/11336674113.fit.gz,,,3003.0,2720.0,1943.1,2.858,0.714,0.0,0.0,0.0,0.0,0.0,0.0,,,,27.0,,,,,272.0,,,,,,,,,,,,,,,,0.0,,1.0,,,,,,,,,,,,,,,,,,,,,,,,,,,0.0,0.647,0.0,,,,,,,,,,,,,,,,,,,,,""
10589709263,"Jan 19, 2024, 5:29:45 PM",Morning Run,Run,,3150,9.66,,,false,,,activities/11329482704.fit.gz,,,3150.0,2992.0,9663.3,4.0,3.23,3.0,172.0,13.2,17.8,4.9,0.0,,,97.0,90.0,,,,,454.0,,,,,,,,,,,,,,,,0.0,,1.0,9671.1,,,,,,,,,,,,,,,,,,,,,,,,,,0.0,3.068,140.9,,,,,,,,,,,,,,,,,,,,,""
10585724574,"Jan 19, 2024, 12:15:15 AM",Afternoon Weight Training,Weight Training,,3155,0,,,false,,,activities/11325383766.fit.gz,,,3155.0,3155.0,0.0,0.0,0.0,0.0,0.0,0.0,0.0,0.0,0.0,,,,,,,,,115.0,,,,,,,,,,,,,,,,0.0,,1.0,,,,,,,,,,,,,,,,,,,,,,,,,,,0.0,0.0,0.0,,,,,,,,,,,,,,,,,,,,,""
10583589983,"Jan 18, 2024, 5:47:27 PM",Morning Run,Run,,1268,3.23,,,false,,,activities/11323188154.fit.gz,,,1268.0,1090.0,3229.3,3.833,2.963,0.0,46.0,14.9,19.7,1.0,-0.1,,,95.0,91.0,,,,,169.0,,,,,,,,,,,,,,,,0.0,,1.0,3225.5,,,,,,,,,,,,,,,,,,,,,,,,,,0.0,2.547,0.0,,,,,,,,,,,,,,,,,,,,,""
10583570628,"Jan 18, 2024, 5:08:48 PM",2x2 mile tempo (3m),Run,"",1709,6.56,,,false,,,activities/11323168588.fit.gz,,,1709.0,1571.0,6560.5,5.328,4.176,2.9,60.0,18.8,21.7,0.9,0.0,,,99.0,92.0,,,,,307.0,,,,,,,,,,,,,,0.0,,0.0,,1.0,6563.0,,,,,,,,,,,,,,,,,,,,,,,,,,0.0,3.839,0.0,,,,,,,,,,,,,,,,,,,,,""
10583567664,"Jan 18, 2024, 4:35:35 PM",Morning Run,Run,,1177,3.22,,,false,,,activities/11323165670.fit.gz,,,1177.0,980.0,3228.6,4.092,3.295,4.7,52.0,15.0,19.7,1.5,0.1,,,96.0,90.0,,,,,151.0,,,,,,,,,,,,,,,,0.0,,1.0,3236.7,,,,,,,,,,,,,,,,,,,,,,,,,,0.0,2.743,0.0,,,,,,,,,,,,,,,,,,,,,""
10577697463,"Jan 17, 2024, 6:10:48 PM",Morning Run,Run,,2782,8.05,,,false,,,activities/11317050193.fit.gz,,,2782.0,2434.0,8057.4,3.826,3.31,22.1,85.0,13.7,22.7,4.9,0.0,,,94.0,90.0,,,,,380.0,,,,,,,,,,,,,,,,0.0,,1.0,8076.3,,,,,,,,,,,,,,,,,,,,,,,,,,0.0,2.896,6028.1,,,,,,,,,,,,,,,,,,,,,""
10572545623,"Jan 16, 2024, 5:41:56 PM",Morning Run,Run,Watch died,1326,2.98,,,false,,,activities/11311704446.fit.gz,,,1326.0,1197.0,2982.6,3.389,2.492,0.0,53.0,14.5,16.4,0.7,0.0,,,99.0,88.0,,,,,172.0,,,,,,,,,,,,,,0.0,,0.0,,1.0,2983.3,,,,,,,,,,,,,,,,,,,,,,,,,,0.0,2.249,0.0,,,,,,,,,,,,,,,,,,,,,""
10570736709,"Jan 16, 2024, 5:02:54 PM","5x600 (2:30), 3x200 (60s)",Run,"",1649,4.86,,,false,,,activities/11309871539.fit.gz,,,1649.0,1617.0,4859.6,6.654,3.005,0.0,59.0,15.1,15.9,1.1,0.0,,,101.0,88.0,,,,,234.0,,,,,,,,,,,,,,0.0,,0.0,,1.0,4863.3,,,,,,,,,,,,,,,,,,,,,,,,,,0.0,2.947,0.0,,,,,,,,,,,,,,,,,,,,,""
10570443291,"Jan 16, 2024, 4:26:08 PM",Morning Run,Run,,1431,4.83,,,false,,,activities/11309571327.fit.gz,,,1431.0,1429.0,4835.6,5.624,3.384,2.4,120.0,15.0,17.7,2.5,0.0,,,93.0,89.0,,,,,235.0,,,,,,,,,,,,,,,,0.0,,1.0,4838.7,,,,,,,,,,,,,,,,,,,,,,,,,,0.0,3.379,0.0,,,,,,,,,,,,,,,,,,,,,""
10564994951,"Jan 15, 2024, 6:39:59 PM",Morning Run,Run,,2705,8.05,,,false,,,activities/11303937274.fit.gz,,,2705.0,2542.0,8049.5,3.649,3.167,22.0,75.0,13.7,22.7,5.8,0.0,,,93.0,89.0,,,,,391.0,,,,,,,,,,,,,,,,0.0,,1.0,8070.5,,,,,,,,,,,,,,,,,,,,,,,,,,0.0,2.976,6076.5,,,,,,,,,,,,,,,,,,,,,""
10559637553,"Jan 14, 2024, 6:38:54 PM",Morning Walk,Walk,"",5245,1.85,,,false,,,activities/11298322421.fit.gz,,,5245.0,1921.0,1850.9,3.555,0.963,12.5,115.0,1026.3,1039.0,25.6,-0.1,,,99.0,53.0,,,,,190.0,,,,,,,,,,,,,,0.0,,0.0,,1.0,,,,,,,,,,,,,,,,,,,,,,,,,,,0.0,0.353,0.0,,,,,,,,,,,,,,,,,,,,,media/D85065F5-332A-4ACC-903D-7B028399D162.jpg|media/60063E34-BF21-4C5A-A26D-DFE046402B05.jpg|media/16A131F6-B391-45D6-88D9-6A8F12AD316D.jpg
10545107728,"Jan 12, 2024, 5:41:01 PM",Keep my shins in your prayers 🙏🏻,Run,"",2573,8.06,,,false,,,activities/11283195235.fit.gz,,,2573.0,2497.0,8065.4,4.803,3.23,13.3,152.0,14.5,18.3,5.8,0.0,,,97.0,91.0,,,,,391.0,,,,,,,,,,,,,,0.0,,0.0,,1.0,8084.9,,,,,,,,,,,,,,,,,,,,,,,,,,0.0,3.135,2072.3,,,,,,,,,,,,,,,,,,,,,""
10540969405,"Jan 11, 2024, 11:57:12 PM",Afternoon Weight Training,Weight Training,,3291,0,,,false,,,activities/11278869239.fit.gz,,,3291.0,3291.0,0.0,0.0,0.0,0.0,0.0,0.0,0.0,0.0,0.0,,,,,,,,,93.0,,,,,,,,,,,,,,,,0.0,,1.0,,,,,,,,,,,,,,,,,,,,,,,,,,,0.0,0.0,0.0,,,,,,,,,,,,,,,,,,,,,""
10538751219,"Jan 11, 2024, 5:40:24 PM",Morning Run,Run,,1326,3.23,,,false,,,activities/11276478171.fit.gz,,,1326.0,1099.0,3237.2,3.544,2.946,0.0,41.0,14.6,18.7,1.3,-0.1,,,97.0,92.0,,,,,157.0,,,,,,,,,,,,,,,,0.0,,1.0,3236.2,,,,,,,,,,,,,,,,,,,,,,,,,,0.0,2.441,0.0,,,,,,,,,,,,,,,,,,,,,""
10538750060,"Jan 11, 2024, 5:05:57 PM",Morning Run,Run,"4 mile progression

forgot we’re going back to tues/thurs workouts until yest 😫. tried to cut down more but felt gassed early on. good thing there’s always tomorrow",1645,6.44,,,false,,,activities/11276476994.fit.gz,,,1645.0,1613.0,6443.4,5.55,3.995,3.1,60.0,17.2,20.4,0.7,0.0,,,94.0,91.0,,,,,296.0,,,,,,,,,,,,,,0.0,,0.0,,1.0,6445.6,,,,,,,,,,,,,,,,,,,,,,,,,,0.0,3.917,1372.6,,,,,,,,,,,,,,,,,,,,,""
10538748875,"Jan 11, 2024, 4:34:42 PM",Morning Run,Run,,978,3.22,,,false,,,activities/11276475584.fit.gz,,,978.0,936.0,3227.1,4.027,3.448,4.1,63.0,14.6,18.7,5.3,0.1,,,94.0,90.0,,,,,153.0,,,,,,,,,,,,,,,,0.0,,1.0,3233.5,,,,,,,,,,,,,,,,,,,,,,,,,,0.0,3.3,0.0,,,,,,,,,,,,,,,,,,,,,""
10533101274,"Jan 10, 2024, 6:45:39 PM",Morning Run,Run,Post USF interview 😵‍💫,3416,9.68,,,false,,,activities/11270328713.fit.gz,,,3416.0,2912.0,9679.3,4.122,3.324,6.6,143.0,14.0,18.7,3.9,0.0,,,118.0,89.0,,,,,452.0,,,,,,,,,,,,,,0.0,,0.0,,1.0,9686.6,,,,,,,,,,,,,,,,,,,,,,,,,,0.0,2.834,0.0,,,,,,,,,,,,,,,,,,,,,""
10528324723,"Jan 10, 2024, 12:59:38 AM",Afternoon Weight Training,Weight Training,,3086,0,,,false,,,activities/11265420234.fit.gz,,,3086.0,3086.0,0.0,0.0,0.0,0.0,0.0,0.0,0.0,0.0,0.0,,,,,,,,,162.0,,,,,,,,,,,,,,,,0.0,,1.0,,,,,,,,,,,,,,,,,,,,,,,,,,,0.0,0.0,0.0,,,,,,,,,,,,,,,,,,,,,""
10525842549,"Jan 9, 2024, 5:43:42 PM",Morning Run,Run,,1510,3.22,,,false,,,activities/11262818494.fit.gz,,,1510.0,1279.0,3225.9,3.413,2.522,0.0,65.0,13.5,15.5,1.2,0.0,,,97.0,88.0,,,,,176.0,,,,,,,,,,,,,,,,0.0,,1.0,3228.0,,,,,,,,,,,,,,,,,,,,,,,,,,0.0,2.136,0.0,,,,,,,,,,,,,,,,,,,,,""
10525617226,"Jan 9, 2024, 5:03:09 PM",Escapism szn 😭,Run,"Warm welcome back to davis! (40 degrees & windy)

2x(1k, 800, 400)",1724,5.20,,,false,,,activities/11262588921.fit.gz,,,1724.0,1265.0,5202.6,6.222,4.113,0.0,63.0,15.0,15.8,1.5,0.0,,,100.0,90.0,,,,,268.0,,,,,,,,,,,,,,0.0,,0.0,,1.0,5206.7,,,,,,,,,,,,,,,,,,,,,,,,,,0.0,3.018,0.0,,,,,,,,,,,,,,,,,,,,,""
10525615254,"Jan 9, 2024, 4:27:17 PM",Morning Run,Run,,1454,4.81,,,false,,,activities/11262586884.fit.gz,,,1454.0,1448.0,4818.3,5.494,3.328,4.8,152.0,15.0,17.9,3.5,0.0,,,92.0,89.0,,,,,240.0,,,,,,,,,,,,,,,,0.0,,1.0,4823.0,,,,,,,,,,,,,,,,,,,,,,,,,,0.0,3.314,0.0,,,,,,,,,,,,,,,,,,,,,""
10514234299,"Jan 7, 2024, 5:49:59 PM",Back w ma girlies 💞,Run,+ one mile hot girl walk,5041,16.10,,,false,,,activities/11250811437.fit.gz,,,5041.0,4413.0,16108.3,4.623,3.65,25.1,180.0,13.4,21.7,4.0,0.0,,,99.0,91.0,,,,,740.0,,,,,,,,,,,,,,0.0,,0.0,,1.0,16134.1,,,,,,,,,,,,,,,,,,,,,,,,,,0.0,3.195,5382.0,,,,,,,,,,,,,,,,,,,,,""
10508304850,"Jan 6, 2024, 10:50:52 PM",Afternoon Run,Run,,2990,8.06,,,false,,,activities/11244501970.fit.gz,,,2990.0,2433.0,8061.9,4.02,3.314,3.7,108.0,15.7,19.5,1.9,0.0,,,93.0,89.0,,,,,360.0,,,,,,,,,,,,,,,,0.0,,1.0,8067.9,,,,,,,,,,,,,,,,,,,,,,,,,,0.0,2.696,244.6,,,,,,,,,,,,,,,,,,,,,""
10501778741,"Jan 5, 2024, 11:37:24 PM",Afternoon Weight Training,Weight Training,,2808,0,,,false,,,activities/11237461834.fit.gz,,,2808.0,2808.0,0.0,0.0,0.0,0.0,0.0,0.0,0.0,0.0,0.0,,,,,,,,,122.0,,,,,,,,,,,,,,,,0.0,,1.0,,,,,,,,,,,,,,,,,,,,,,,,,,,0.0,0.0,0.0,,,,,,,,,,,,,,,,,,,,,""
10499942895,"Jan 5, 2024, 5:15:56 PM",Morning Run,Run,,1116,3.23,,,false,,,activities/11235573332.fit.gz,,,1116.0,1047.0,3234.4,3.87,3.089,15.5,57.0,191.6,207.3,3.8,0.0,,,95.0,90.0,,,,,157.0,,,,,,,,,,,,,,,,0.0,,1.0,3256.8,,,,,,,,,,,,,,,,,,,,,,,,,,0.0,2.898,0.0,,,,,,,,,,,,,,,,,,,,,""
10499798862,"Jan 5, 2024, 4:40:20 PM",Morning Run,Run,"Fun fartlekky 

3x (3(2m), 2(1m), 1(1m))",1751,6.82,,,false,,,activities/11235426009.fit.gz,,,1751.0,1751.0,6820.1,5.716,3.895,40.6,88.0,190.9,194.1,2.4,0.0,,,95.0,90.0,,,,,324.0,,,,,,,,,,,,,,0.0,,0.0,,1.0,6843.7,,,,,,,,,,,,,,,,,,,,,,,,,,0.0,3.895,0.0,,,,,,,,,,,,,,,,,,,,,""
10499568124,"Jan 5, 2024, 4:07:39 PM",Morning Run,Run,,968,3.26,,,false,,,activities/11235190109.fit.gz,,,968.0,968.0,3262.2,3.9,3.37,15.5,67.0,191.6,207.3,3.8,0.0,,,95.0,90.0,,,,,156.0,,,,,,,,,,,,,,,,0.0,,1.0,3280.5,,,,,,,,,,,,,,,,,,,,,,,,,,0.0,3.37,0.0,,,,,,,,,,,,,,,,,,,,,""
10494116739,"Jan 4, 2024, 5:50:03 PM",Morning Run,Run,Run w sto! Serotonin boost,3407,9.67,,,false,,,activities/11229494434.fit.gz,,,3407.0,2877.0,9672.1,5.547,3.362,61.0,130.0,18.4,30.4,10.8,0.0,,,106.0,90.0,,,,,450.0,,,,,,,,,,,,,,0.0,,0.0,,1.0,9745.4,,,,,,,,,,,,,,,,,,,,,,,,,,0.0,2.839,0.0,,,,,,,,,,,,,,,,,,,,,media/7DF8E15B-B997-423C-AC68-10BC2B0E94C5.jpg|media/A51DBE51-665B-4D35-B0D0-A86D9D28478B.jpg
10486788977,"Jan 3, 2024, 3:38:21 PM",Morning Run,Run,W the goons,4213,12.89,,,false,,,activities/11221882357.fit.gz,,,4213.0,3864.0,12896.6,5.598,3.338,147.7,384.0,172.8,237.0,18.3,0.0,,,94.0,90.0,,,,,611.0,,,,,,,,,,,,,,0.0,,0.0,,1.0,13132.7,,,,,,,,,,,,,,,,,,,,,,,,,,0.0,3.061,1648.4,,,,,,,,,,,,,,,,,,,,,""
10481882162,"Jan 2, 2024, 8:55:27 PM",Lunch Run,Run,,1302,3.23,,,false,,,activities/11216806677.fit.gz,,,1302.0,1171.0,3231.0,3.072,2.759,27.7,40.0,385.5,410.8,3.9,0.0,,,92.0,88.0,,,,,154.0,,,,,,,,,,,,,,,,0.0,,1.0,3259.2,,,,,,,,,,,,,,,,,,,,,,,,,,0.0,2.482,245.3,,,,,,,,,,,,,,,,,,,,,""
10481734227,"Jan 2, 2024, 8:13:59 PM",Let’s try this again,Run,"New years resolution: be more active on strava 

4xmile repeats — 6:15, 6:23, 6:35, 6:20

Not where I want to be but maybe where I need to be. Hammy felt good, heart and lungs did not 🥲",1822,6.74,,,false,,,activities/11216655732.fit.gz,,,1822.0,1730.0,6745.5,4.904,3.899,0.0,67.0,394.3,395.0,1.0,0.0,,,94.0,89.0,,,,,333.0,,,,,,,,,,,,,,0.0,,0.0,,1.0,6748.8,,,,,,,,,,,,,,,,,,,,,,,,,,0.0,3.702,6745.5,,,,,,,,,,,,,,,,,,,,,""
10481463571,"Jan 2, 2024, 7:42:45 PM",Lunch Run,Run,,966,3.23,,,false,,,activities/11216379162.fit.gz,,,966.0,966.0,3232.0,4.168,3.346,28.4,61.0,385.5,410.8,3.6,0.0,,,91.0,88.0,,,,,159.0,,,,,,,,,,,,,,,,0.0,,1.0,3259.4,,,,,,,,,,,,,,,,,,,,,,,,,,0.0,3.346,222.5,,,,,,,,,,,,,,,,,,,,,""
10469886205,"Dec 31, 2023, 4:31:24 PM",Morning Run,Run,,5358,16.19,,,false,,,activities/11204325374.fit.gz,,,5358.0,4825.0,16194.6,4.257,3.356,176.6,378.0,171.7,237.0,9.4,0.0,,,93.0,88.0,,,,,771.0,,,,,,,,,,,,,,,,0.0,,1.0,16410.3,,,,,,,,,,,,,,,,,,,,,,,,,,0.0,3.023,6845.3,,,,,,,,,,,,,,,,,,,,,""
10466049294,"Dec 30, 2023, 7:43:03 PM",Lunch Run,Run,,3295,9.67,,,false,,,activities/11200358860.fit.gz,,,3295.0,2951.0,9674.4,4.323,3.278,153.1,169.0,167.1,228.6,19.9,0.0,,,89.0,87.0,,,,,437.0,,,,,,,,,,,,,,,,0.0,,1.0,10134.0,,,,,,,,,,,,,,,,,,,,,,,,,,0.0,2.936,0.0,,,,,,,,,,,,,,,,,,,,,""
10457564915,"Dec 29, 2023, 4:23:22 PM",Morning Run,Run,,5205,12.91,,,false,,,activities/11191535564.fit.gz,,,5205.0,3829.0,12916.0,4.65,3.373,91.5,256.0,355.1,390.9,3.6,0.0,,,93.0,88.0,,,,,586.0,,,,,,,,,,,,,,,,0.0,,1.0,12987.3,,,,,,,,,,,,,,,,,,,,,,,,,,0.0,2.481,0.0,,,,,,,,,,,,,,,,,,,,,""
10452313498,"Dec 28, 2023, 5:53:10 PM",Morning Run,Run,,4218,9.96,,,false,,,activities/11186089001.fit.gz,,,4218.0,3297.0,9968.8,5.78,3.024,126.6,180.0,396.2,495.1,5.9,0.0,,,97.0,88.0,,,,,439.0,,,,,,,,,,,,,,,,0.0,,1.0,10101.1,,,,,,,,,,,,,,,,,,,,,,,,,,0.0,2.363,118.2,,,,,,,,,,,,,,,,,,,,,""
10446854647,"Dec 27, 2023, 7:26:07 PM",Lunch Elliptical,Elliptical,,1803,0,,,false,,,activities/11180428955.fit.gz,,,1803.0,1803.0,0.0,0.0,0.0,0.0,0.0,0.0,0.0,0.0,0.0,,,76.0,71.0,,,,,293.0,,,,,,,,,,,,,,,,0.0,,1.0,,,,,,,,,,,,,,,,,,,,,,,,,,,0.0,0.0,0.0,,,,,,,,,,,,,,,,,,,,,""
10446542370,"Dec 27, 2023, 5:50:58 PM",Morning Run,Run,,3110,9.71,,,false,,,activities/11180106752.fit.gz,,,3110.0,2875.0,9716.9,3.92,3.38,17.5,105.0,400.3,418.0,2.7,0.0,,,93.0,89.0,,,,,451.0,,,,,,,,,,,,,,,,0.0,,1.0,9729.1,,,,,,,,,,,,,,,,,,,,,,,,,,0.0,3.124,8004.1,,,,,,,,,,,,,,,,,,,,,""
10440911338,"Dec 26, 2023, 6:01:26 PM",Morning Run,Run,,1673,3.23,,,false,,,activities/11174257582.fit.gz,,,1673.0,1084.0,3234.0,3.756,2.983,29.9,99.0,358.4,370.0,18.8,0.0,,,91.0,87.0,,,,,150.0,,,,,,,,,,,,,,,,0.0,,1.0,3277.7,,,,,,,,,,,,,,,,,,,,,,,,,,0.0,1.933,295.3,,,,,,,,,,,,,,,,,,,,,""
10440752486,"Dec 26, 2023, 5:26:48 PM",Morning Run,Run,,1633,6.45,,,false,,,activities/11174093511.fit.gz,,,1633.0,1633.0,6451.9,4.728,3.951,61.7,148.0,364.2,385.7,3.6,-0.1,,,92.0,88.0,,,,,295.0,,,,,,,,,,,,,,,,0.0,,1.0,6501.0,,,,,,,,,,,,,,,,,,,,,,,,,,0.0,3.951,0.0,,,,,,,,,,,,,,,,,,,,,""
10440678374,"Dec 26, 2023, 5:09:42 PM",Morning Run,Run,,505,1.61,,,false,,,activities/11174017035.fit.gz,,,505.0,505.0,1614.1,3.971,3.196,13.0,33.0,365.7,374.4,3.0,0.2,,,89.0,87.0,,,,,76.0,,,,,,,,,,,,,,,,0.0,,1.0,1631.3,,,,,,,,,,,,,,,,,,,,,,,,,,0.0,3.196,0.0,,,,,,,,,,,,,,,,,,,,,""
10431676335,"Dec 24, 2023, 5:23:58 PM",Morning Run,Run,,4063,12.88,,,false,,,activities/11164599535.fit.gz,,,4063.0,3626.0,12888.1,4.177,3.554,72.3,165.0,373.5,420.0,5.5,0.0,,,91.0,88.0,,,,,601.0,,,,,,,,,,,,,,,,0.0,,1.0,12945.2,,,,,,,,,,,,,,,,,,,,,,,,,,0.0,3.172,2800.2,,,,,,,,,,,,,,,,,,,,,""
10426247156,"Dec 23, 2023, 5:29:26 PM",Morning Run,Run,,3204,9.67,,,false,,,activities/11158944509.fit.gz,,,3204.0,2823.0,9675.4,4.25,3.427,19.6,85.0,397.9,417.6,3.3,0.0,,,92.0,87.0,,,,,436.0,,,,,,,,,,,,,,,,0.0,,1.0,9691.0,,,,,,,,,,,,,,,,,,,,,,,,,,0.0,3.02,7031.6,,,,,,,,,,,,,,,,,,,,,""
10422289202,"Dec 23, 2023, 1:06:48 AM",Afternoon Elliptical,Elliptical,,1502,0,,,false,,,activities/11154827130.fit.gz,,,1502.0,1502.0,0.0,0.0,0.0,0.0,0.0,0.0,0.0,0.0,0.0,,,75.0,72.0,,,,,226.0,,,,,,,,,,,,,,,,0.0,,1.0,,,,,,,,,,,,,,,,,,,,,,,,,,,0.0,0.0,0.0,,,,,,,,,,,,,,,,,,,,,""
10420797120,"Dec 22, 2023, 5:18:38 PM",Morning Run,Run,,1854,2.42,,,false,,,activities/11153286393.fit.gz,,,1854.0,824.0,2419.6,3.509,2.936,25.1,38.0,364.3,370.1,5.8,0.0,,,89.0,86.0,,,,,117.0,,,,,,,,,,,,,,,,0.0,,1.0,2449.8,,,,,,,,,,,,,,,,,,,,,,,,,,0.0,1.305,0.0,,,,,,,,,,,,,,,,,,,,,""
10420651286,"Dec 22, 2023, 4:50:54 PM",Morning Run,Run,,1349,4.64,,,false,,,activities/11153134893.fit.gz,,,1349.0,1164.0,4642.9,6.196,3.989,47.5,63.0,364.3,370.1,4.9,0.0,,,97.0,87.0,,,,,212.0,,,,,,,,,,,,,,,,0.0,,1.0,4702.7,,,,,,,,,,,,,,,,,,,,,,,,,,0.0,3.442,0.0,,,,,,,,,,,,,,,,,,,,,""
10420492617,"Dec 22, 2023, 4:21:54 PM",Morning Run,Run,,829,2.44,,,false,,,activities/11152971516.fit.gz,,,829.0,759.0,2443.9,3.65,3.22,25.0,37.0,364.4,370.1,7.1,-0.2,,,88.0,87.0,,,,,108.0,,,,,,,,,,,,,,,,0.0,,1.0,2460.9,,,,,,,,,,,,,,,,,,,,,,,,,,0.0,2.948,0.0,,,,,,,,,,,,,,,,,,,,,""
10416761547,"Dec 21, 2023, 9:50:37 PM",Afternoon Elliptical,Elliptical,,1502,0,,,false,,,activities/11149443997.fit.gz,,,1502.0,1502.0,0.0,0.0,0.0,0.0,0.0,0.0,0.0,0.0,0.0,,,76.0,72.0,,,,,236.0,,,,,,,,,,,,,,,,0.0,,1.0,,,,,,,,,,,,,,,,,,,,,,,,,,,0.0,0.0,0.0,,,,,,,,,,,,,,,,,,,,,""
10416400107,"Dec 21, 2023, 7:37:02 PM",Lunch Run,Run,,3416,8.73,,,false,,,activities/11149071319.fit.gz,,,3416.0,2610.0,8735.9,6.105,3.347,36.3,105.0,373.5,397.7,4.9,0.0,,,109.0,87.0,,,,,394.0,,,,,,,,,,,,,,,,0.0,,1.0,8769.4,,,,,,,,,,,,,,,,,,,,,,,,,,0.0,2.557,43.8,,,,,,,,,,,,,,,,,,,,,""
10412158962,"Dec 20, 2023, 10:14:36 PM",Afternoon Elliptical,Elliptical,,1802,0,,,false,,,activities/11144666504.fit.gz,,,1802.0,1802.0,0.0,0.0,0.0,0.0,0.0,0.0,0.0,0.0,0.0,,,75.0,71.0,,,,,297.0,,,,,,,,,,,,,,,,0.0,,1.0,,,,,,,,,,,,,,,,,,,,,,,,,,,0.0,0.0,0.0,,,,,,,,,,,,,,,,,,,,,""
10411916954,"Dec 20, 2023, 8:44:54 PM",Lunch Run,Run,,2678,8.06,,,false,,,activities/11144418549.fit.gz,,,2678.0,2421.0,8066.0,4.046,3.332,82.1,99.0,467.3,489.8,15.9,0.0,,,89.0,87.0,,,,,390.0,,,,,,,,,,,,,,,,0.0,,1.0,8308.2,,,,,,,,,,,,,,,,,,,,,,,,,,0.0,3.012,6088.8,,,,,,,,,,,,,,,,,,,,,""
10407611698,"Dec 20, 2023, 12:37:43 AM",Afternoon Elliptical,Elliptical,,1803,0,,,false,,,activities/11139959640.fit.gz,,,1803.0,1803.0,0.0,0.0,0.0,0.0,0.0,0.0,0.0,0.0,0.0,,,75.0,72.0,,,,,296.0,,,,,,,,,,,,,,,,0.0,,1.0,,,,,,,,,,,,,,,,,,,,,,,,,,,0.0,0.0,0.0,,,,,,,,,,,,,,,,,,,,,""
10407194165,"Dec 19, 2023, 6:14:58 PM",Morning Run,Run,,1083,2.43,,,false,,,activities/11139531294.fit.gz,,,1083.0,865.0,2429.8,3.257,2.809,24.8,43.0,364.5,370.0,3.7,0.1,,,88.0,86.0,,,,,131.0,,,,,,,,,,,,,,,,0.0,,1.0,2458.7,,,,,,,,,,,,,,,,,,,,,,,,,,0.0,2.244,0.0,,,,,,,,,,,,,,,,,,,,,""
10407193723,"Dec 19, 2023, 5:48:29 PM",Morning Run,Run,,1319,5.14,,,false,,,activities/11139530823.fit.gz,,,1319.0,1319.0,5145.7,5.474,3.901,56.9,103.0,364.5,370.3,4.0,0.0,,,95.0,87.0,,,,,239.0,,,,,,,,,,,,,,,,0.0,,1.0,5202.5,,,,,,,,,,,,,,,,,,,,,,,,,,0.0,3.901,0.0,,,,,,,,,,,,,,,,,,,,,""
10407193045,"Dec 19, 2023, 5:22:23 PM",Morning Run,Run,,768,2.42,,,false,,,activities/11139530133.fit.gz,,,768.0,768.0,2427.1,3.928,3.16,21.2,53.0,358.4,371.6,3.2,-0.1,,,89.0,86.0,,,,,118.0,,,,,,,,,,,,,,,,0.0,,1.0,2441.0,,,,,,,,,,,,,,,,,,,,,,,,,,0.0,3.16,287.0,,,,,,,,,,,,,,,,,,,,,""
10407192681,"Dec 17, 2023, 6:45:41 PM",Morning Elliptical,Elliptical,,3454,0,,,false,,,activities/11139529749.fit.gz,,,3454.0,3454.0,0.0,0.0,0.0,0.0,0.0,0.0,0.0,0.0,0.0,,,79.0,68.0,,,,,392.0,,,,,,,,,,,,,,,,0.0,,1.0,,,,,,,,,,,,,,,,,,,,,,,,,,,0.0,0.0,0.0,,,,,,,,,,,,,,,,,,,,,""
10407192217,"Dec 17, 2023, 5:40:32 PM",Morning Run,Run,,2955,8.06,,,false,,,activities/11139529224.fit.gz,,,2955.0,2448.0,8062.0,4.58,3.293,4.1,178.0,15.0,20.7,1.9,0.0,,,91.0,87.0,,,,,357.0,,,,,,,,,,,,,,,,0.0,,1.0,8066.0,,,,,,,,,,,,,,,,,,,,,,,,,,0.0,2.728,0.0,,,,,,,,,,,,,,,,,,,,,""
10391546597,"Dec 16, 2023, 9:12:34 PM",Afternoon Elliptical,Elliptical,,3604,0,,,false,,,activities/11123165478.fit.gz,,,3604.0,3604.0,0.0,0.0,0.0,0.0,0.0,0.0,0.0,0.0,0.0,,,93.0,67.0,,,,,486.0,,,,,,,,,,,,,,,,0.0,,1.0,,,,,,,,,,,,,,,,,,,,,,,,,,,0.0,0.0,0.0,,,,,,,,,,,,,,,,,,,,,""
10391146236,"Dec 16, 2023, 8:14:40 PM",Lunch Run,Run,,2305,6.47,,,false,,,activities/11122746109.fit.gz,,,2305.0,1877.0,6472.9,4.652,3.449,3.9,83.0,14.6,18.6,1.6,0.0,,,90.0,88.0,,,,,298.0,,,,,,,,,,,,,,,,0.0,,1.0,6476.8,,,,,,,,,,,,,,,,,,,,,,,,,,0.0,2.808,0.0,,,,,,,,,,,,,,,,,,,,,""
10391146178,"Dec 15, 2023, 11:20:22 PM",Afternoon Run,Run,,2258,6.45,,,false,,,activities/11122746009.fit.gz,,,2258.0,2035.0,6454.1,3.627,3.172,0.0,74.0,15.7,16.9,2.1,0.0,,,110.0,86.0,,,,,293.0,,,,,,,,,,,,,,,,0.0,,1.0,6456.0,,,,,,,,,,,,,,,,,,,,,,,,,,0.0,2.858,0.0,,,,,,,,,,,,,,,,,,,,,""
10391146131,"Dec 14, 2023, 7:31:12 PM",Lunch Elliptical,Elliptical,,2427,0,,,false,,,activities/11122745935.fit.gz,,,2427.0,2427.0,0.0,0.0,0.0,0.0,0.0,0.0,0.0,0.0,0.0,,,78.0,66.0,,,,,361.0,,,,,,,,,,,,,,,,0.0,,1.0,,,,,,,,,,,,,,,,,,,,,,,,,,,0.0,0.0,0.0,,,,,,,,,,,,,,,,,,,,,""
10391146102,"Dec 14, 2023, 6:47:48 PM",Morning Run,Run,,1674,4.90,,,false,,,activities/11122745902.fit.gz,,,1674.0,1485.0,4900.3,4.278,3.3,2.9,85.0,15.7,18.7,3.1,0.0,,,91.0,88.0,,,,,223.0,,,,,,,,,,,,,,,,0.0,,1.0,4904.8,,,,,,,,,,,,,,,,,,,,,,,,,,0.0,2.927,0.0,,,,,,,,,,,,,,,,,,,,,""
10391145975,"Dec 13, 2023, 11:23:07 PM",Afternoon Elliptical,Elliptical,,1870,0,,,false,,,activities/11122745787.fit.gz,,,1870.0,1870.0,0.0,0.0,0.0,0.0,0.0,0.0,0.0,0.0,0.0,,,77.0,68.0,,,,,279.0,,,,,,,,,,,,,,,,0.0,,1.0,,,,,,,,,,,,,,,,,,,,,,,,,,,0.0,0.0,0.0,,,,,,,,,,,,,,,,,,,,,""
10391145874,"Dec 13, 2023, 10:00:15 PM",Afternoon Swim,Swim,,2663,"1,577",,,false,,,activities/11122745685.fit.gz,,,2663.0,2404.0,1577.3,3.776,0.656,0.0,0.0,0.0,0.0,0.0,0.0,,,,25.0,,,,,219.0,,,,,,,,,,,,,,,,0.0,,1.0,,,,,,,,,,,,,,,,,,,,,,,,,,,0.0,0.592,0.0,,,,,,,,,,,,,,,,,,,,,""
10370451988,"Dec 12, 2023, 5:32:00 PM",Morning Elliptical,Elliptical,,5622,0,,,false,,,activities/11101170922.fit.gz,,,5622.0,5622.0,0.0,0.0,0.0,0.0,0.0,0.0,0.0,0.0,0.0,,,81.0,74.0,,,,,724.0,,,,,,,,,,,,,,,,0.0,,1.0,,,,,,,,,,,,,,,,,,,,,,,,,,,0.0,0.0,0.0,,,,,,,,,,,,,,,,,,,,,""
10370451766,"Dec 10, 2023, 7:17:05 PM",Lunch Elliptical,Elliptical,,2105,0,,,false,,,activities/11101170684.fit.gz,,,2105.0,2105.0,0.0,0.0,0.0,0.0,0.0,0.0,0.0,0.0,0.0,,,71.0,60.0,,,,,294.0,,,,,,,,,,,,,,,,0.0,,1.0,,,,,,,,,,,,,,,,,,,,,,,,,,,0.0,0.0,0.0,,,,,,,,,,,,,,,,,,,,,""
10370451784,"Dec 10, 2023, 5:33:50 PM",Morning Swim,Swim,,4399,"2,263",,,false,,,activities/11101170697.fit.gz,,,4399.0,3308.0,2263.1,6.4,0.684,0.0,0.0,0.0,0.0,0.0,0.0,,,,26.0,,,,,315.0,,,,,,,,,,,,,,,,0.0,,1.0,,,,,,,,,,,,,,,,,,,,,,,,,,,0.0,0.514,0.0,,,,,,,,,,,,,,,,,,,,,""
10354789761,"Dec 9, 2023, 6:29:26 PM",Morning Elliptical,Elliptical,,3016,0,,,false,,,activities/11084746725.fit.gz,,,3016.0,3016.0,0.0,0.0,0.0,0.0,0.0,0.0,0.0,0.0,0.0,,,81.0,71.0,,,,,426.0,,,,,,,,,,,,,,,,0.0,,1.0,,,,,,,,,,,,,,,,,,,,,,,,,,,0.0,0.0,0.0,,,,,,,,,,,,,,,,,,,,,""
10354397560,"Dec 9, 2023, 5:54:50 PM",Morning Run,Run,,1034,3.23,,,false,,,activities/11084339156.fit.gz,,,1034.0,987.0,3235.6,4.345,3.278,2.3,67.0,13.6,16.4,2.9,0.0,,,89.0,87.0,,,,,152.0,,,,,,,,,,,,,,,,0.0,,1.0,3238.6,,,,,,,,,,,,,,,,,,,,,,,,,,0.0,3.129,0.0,,,,,,,,,,,,,,,,,,,,,""
10349572266,"Dec 8, 2023, 6:59:42 PM",Morning Ride,Ride,,2404,0,,,false,,,activities/11079305897.fit.gz,,,2404.0,2404.0,0.0,0.0,0.0,0.0,0.0,0.0,0.0,0.0,0.0,,,,,,,,,266.0,,,,,,,,,,,,,,,,0.0,,1.0,,,,,,,,,,,,,,,,,,,,,,,,,,,0.0,0.0,0.0,,,,,,,,,,,,,,,,,,,,,""
10345832328,"Dec 8, 2023, 12:28:26 AM",Afternoon Elliptical,Elliptical,,1802,0,,,false,,,activities/11075418583.fit.gz,,,1802.0,1802.0,0.0,0.0,0.0,0.0,0.0,0.0,0.0,0.0,0.0,,,74.0,62.0,,,,,244.0,,,,,,,,,,,,,,,,0.0,,1.0,,,,,,,,,,,,,,,,,,,,,,,,,,,0.0,0.0,0.0,,,,,,,,,,,,,,,,,,,,,""
10339884557,"Dec 6, 2023, 8:07:04 PM",Lunch Swim,Swim,,1922,"1,417",,,false,,,activities/11069266697.fit.gz,,,1922.0,1820.0,1417.3,2.08,0.779,0.0,0.0,0.0,0.0,0.0,0.0,,,,28.0,,,,,194.0,,,,,,,,,,,,,,,,0.0,,1.0,,,,,,,,,,,,,,,,,,,,,,,,,,,0.0,0.737,0.0,,,,,,,,,,,,,,,,,,,,,""
10333792765,"Dec 5, 2023, 5:16:40 PM",Morning Run,Run,,3323,6.96,,,false,,,activities/11062969582.fit.gz,,,3323.0,2168.0,6961.9,4.135,3.211,4.1,131.0,14.5,18.7,3.0,0.0,,,92.0,88.0,,,,,317.0,,,,,,,,,,,,,,,,0.0,,1.0,6967.1,,,,,,,,,,,,,,,,,,,,,,,,,,0.0,2.095,20.9,,,,,,,,,,,,,,,,,,,,,""
10333793480,"Dec 3, 2023, 5:31:22 PM",Morning Run,Run,,4285,12.88,,,false,,,activities/11062969211.fit.gz,,,4285.0,3656.0,12884.8,4.378,3.524,11.6,179.0,13.5,18.6,3.2,0.0,,,92.0,87.0,,,,,598.0,,,,,,,,,,,,,,,,0.0,,1.0,12896.4,,,,,,,,,,,,,,,,,,,,,,,,,,0.0,3.007,596.9,,,,,,,,,,,,,,,,,,,,,""
10317998705,"Dec 2, 2023, 5:10:08 PM",Morning Run,Run,,3231,7.28,,,false,,,activities/11046503271.fit.gz,,,3231.0,2191.0,7279.2,4.218,3.322,4.1,139.0,14.5,18.6,3.2,0.0,,,91.0,88.0,,,,,314.0,,,,,,,,,,,,,,,,0.0,,1.0,7284.6,,,,,,,,,,,,,,,,,,,,,,,,,,0.0,2.253,0.0,,,,,,,,,,,,,,,,,,,,,""
10317999415,"Dec 1, 2023, 6:22:03 PM",Morning Run,Run,,755,1.60,,,false,,,activities/11046503151.fit.gz,,,755.0,603.0,1608.2,3.107,2.667,0.0,25.0,14.5,15.9,1.0,0.0,,,88.0,86.0,,,,,79.0,,,,,,,,,,,,,,,,0.0,,1.0,1609.3,,,,,,,,,,,,,,,,,,,,,,,,,,0.0,2.13,0.0,,,,,,,,,,,,,,,,,,,,,""
10317998786,"Dec 1, 2023, 5:42:57 PM",Morning Run,Run,,1802,7.38,,,false,,,activities/11046503154.fit.gz,,,1802.0,1802.0,7385.2,5.998,4.098,0.0,86.0,14.7,15.7,1.1,0.0,,,94.0,90.0,,,,,339.0,,,,,,,,,,,,,,,,0.0,,1.0,7390.1,,,,,,,,,,,,,,,,,,,,,,,,,,0.0,4.098,0.0,,,,,,,,,,,,,,,,,,,,,""
10318001204,"Dec 1, 2023, 5:16:44 PM",Morning Run,Run,,996,3.23,,,false,,,activities/11046503022.fit.gz,,,996.0,983.0,3232.8,4.397,3.289,0.0,73.0,15.6,17.6,1.7,0.0,,,91.0,87.0,,,,,156.0,,,,,,,,,,,,,,,,0.0,,1.0,3234.4,,,,,,,,,,,,,,,,,,,,,,,,,,0.0,3.246,20.6,,,,,,,,,,,,,,,,,,,,,""
10307516688,"Nov 30, 2023, 5:25:12 PM",Morning Run,Run,,3372,9.66,,,false,,,activities/11035645407.fit.gz,,,3372.0,2860.0,9668.1,5.564,3.38,18.0,155.0,13.1,18.2,3.9,0.0,,,100.0,89.0,,,,,424.0,,,,,,,,,,,,,,,,0.0,,1.0,9697.2,,,,,,,,,,,,,,,,,,,,,,,,,,0.0,2.867,4211.3,,,,,,,,,,,,,,,,,,,,,""
10302148646,"Nov 29, 2023, 5:08:24 PM",Morning Run,Run,,3074,8.53,,,false,,,activities/11030089778.fit.gz,,,3074.0,2547.0,8532.6,3.934,3.35,4.2,87.0,14.5,18.7,2.0,0.0,,,93.0,89.0,,,,,387.0,,,,,,,,,,,,,,,,0.0,,1.0,8537.5,,,,,,,,,,,,,,,,,,,,,,,,,,0.0,2.776,0.0,,,,,,,,,,,,,,,,,,,,,""
10302148344,"Nov 28, 2023, 6:13:13 PM",Morning Run,Run,,655,0.77,,,false,,,activities/11030089497.fit.gz,,,655.0,368.0,772.9,2.97,2.1,0.0,19.0,15.1,16.5,1.1,0.1,,,88.0,86.0,,,,,44.0,,,,,,,,,,,,,,,,0.0,,1.0,773.9,,,,,,,,,,,,,,,,,,,,,,,,,,0.0,1.18,0.0,,,,,,,,,,,,,,,,,,,,,""
10302148385,"Nov 28, 2023, 5:48:45 PM",Morning Run,Run,,1385,4.90,,,false,,,activities/11030089460.fit.gz,,,1385.0,1315.0,4899.9,5.71,3.726,0.0,65.0,15.3,16.1,1.4,0.0,,,96.0,90.0,,,,,203.0,,,,,,,,,,,,,,,,0.0,,1.0,4902.5,,,,,,,,,,,,,,,,,,,,,,,,,,0.0,3.538,0.0,,,,,,,,,,,,,,,,,,,,,""
10302147176,"Nov 28, 2023, 5:17:45 PM",Morning Run,Run,,1062,3.42,,,false,,,activities/11030088307.fit.gz,,,1062.0,1062.0,3422.9,4.091,3.223,2.4,60.0,14.8,17.3,1.4,0.0,,,92.0,89.0,,,,,167.0,,,,,,,,,,,,,,,,0.0,,1.0,3424.6,,,,,,,,,,,,,,,,,,,,,,,,,,0.0,3.223,0.0,,,,,,,,,,,,,,,,,,,,,""
10302182792,"Nov 26, 2023, 7:36:48 PM",Lunch Run,Run,,4939,12.88,,,false,,,activities/11030124575.fit.gz,,,4939.0,3739.0,12886.1,4.226,3.446,80.7,189.0,139.1,192.9,7.6,0.0,,,93.0,88.0,,,,,578.0,,,,,,,,,,,,,,,,0.0,,1.0,12965.5,,,,,,,,,,,,,,,,,,,,,,,,,,0.0,2.609,0.0,,,,,,,,,,,,,,,,,,,,,""
10302182673,"Nov 25, 2023, 6:00:52 PM",Morning Run,Run,,2178,6.49,,,false,,,activities/11030124480.fit.gz,,,2178.0,1912.0,6490.7,4.392,3.395,12.6,62.0,398.0,410.7,2.1,0.0,,,92.0,88.0,,,,,294.0,,,,,,,,,,,,,,,,0.0,,1.0,6499.8,,,,,,,,,,,,,,,,,,,,,,,,,,0.0,2.98,4901.1,,,,,,,,,,,,,,,,,,,,,""
10302182407,"Nov 24, 2023, 6:27:24 PM",Morning Run,Run,,3136,9.68,,,false,,,activities/11030124181.fit.gz,,,3136.0,2783.0,9682.2,4.348,3.479,70.6,194.0,447.1,492.8,11.0,0.0,,,106.0,88.0,,,,,450.0,,,,,,,,,,,,,,,,0.0,,1.0,9761.3,,,,,,,,,,,,,,,,,,,,,,,,,,0.0,3.087,2442.6,,,,,,,,,,,,,,,,,,,,,""
10302182235,"Nov 23, 2023, 2:08:07 PM",Morning Run,Run,,6830,11.34,,,false,,,activities/11030124039.fit.gz,,,6830.0,3379.0,11339.3,4.196,3.356,27.0,140.0,4.2,10.0,3.6,0.0,,,94.0,88.0,,,,,541.0,,,,,,,,,,,,,,,,0.0,,1.0,11367.4,,,,,,,,,,,,,,,,,,,,,,,,,,0.0,1.66,0.0,,,,,,,,,,,,,,,,,,,,,""
10302111232,"Nov 22, 2023, 4:39:57 PM",Morning Run,Run,,2595,8.06,,,false,,,activities/11030051689.fit.gz,,,2595.0,2377.0,8065.0,4.177,3.393,71.0,107.0,454.2,489.0,20.4,0.0,,,91.0,87.0,,,,,387.0,,,,,,,,,,,,,,,,0.0,,1.0,8219.2,,,,,,,,,,,,,,,,,,,,,,,,,,0.0,3.108,4266.1,,,,,,,,,,,,,,,,,,,,,""
10257819622,"Nov 14, 2023, 12:01:01 PM",Morning Run,Run,,1602,4.83,,,false,,,activities/10984063528.fit.gz,,,1602.0,1441.0,4835.1,5.617,3.355,0.0,99.0,16.4,19.0,1.3,-0.1,,,91.0,88.0,,,,,225.0,,,,,,,,,,,,,,,,0.0,,1.0,4833.3,,,,,,,,,,,,,,,,,,,,,,,,,,0.0,3.018,0.0,,,,,,,,,,,,,,,,,,,,,""
10257819638,"Nov 10, 2023, 3:50:04 PM",Morning Run,Run,,3270,9.66,,,false,,,activities/10984063477.fit.gz,,,3270.0,2854.0,9666.0,4.193,3.387,8.2,170.0,13.5,18.6,3.1,0.0,,,93.0,90.0,,,,,441.0,,,,,,,,,,,,,,,,0.0,,1.0,9674.8,,,,,,,,,,,,,,,,,,,,,,,,,,0.0,2.956,0.0,,,,,,,,,,,,,,,,,,,,,""
10257819382,"Nov 9, 2023, 4:28:27 PM",Morning Run,Run,,4541,9.74,,,false,,,activities/10984063252.fit.gz,,,4541.0,3026.0,9747.2,4.526,3.221,11.4,176.0,13.1,18.2,5.0,0.0,,,92.0,88.0,,,,,442.0,,,,,,,,,,,,,,,,0.0,,1.0,9763.5,,,,,,,,,,,,,,,,,,,,,,,,,,0.0,2.146,0.0,,,,,,,,,,,,,,,,,,,,,""
10178142566,"Nov 7, 2023, 5:55:56 PM",Morning Run,Run,,828,2.15,,,false,,,activities/10901316766.fit.gz,,,828.0,746.0,2157.0,3.309,2.891,0.0,29.0,11.5,12.8,1.0,0.0,,,92.0,88.0,,,,,100.0,,,,,,,,,,,,,,,,0.0,,1.0,2157.9,,,,,,,,,,,,,,,,,,,,,,,,,,0.0,2.605,0.0,,,,,,,,,,,,,,,,,,,,,""
10178142576,"Nov 7, 2023, 5:28:20 PM",Morning Run,Run,,1179,4.62,,,false,,,activities/10901316711.fit.gz,,,1179.0,1179.0,4623.3,6.434,3.921,0.0,59.0,10.9,13.4,5.5,0.0,,,95.0,89.0,,,,,215.0,,,,,,,,,,,,,,,,0.0,,1.0,4644.4,,,,,,,,,,,,,,,,,,,,,,,,,,0.0,3.921,0.0,,,,,,,,,,,,,,,,,,,,,""
10178142570,"Nov 7, 2023, 4:59:11 PM",Morning Run,Run,,947,3.23,,,false,,,activities/10901316668.fit.gz,,,947.0,944.0,3235.8,3.904,3.428,2.3,48.0,10.9,13.3,1.7,0.0,,,91.0,88.0,,,,,151.0,,,,,,,,,,,,,,,,0.0,,1.0,3237.8,,,,,,,,,,,,,,,,,,,,,,,,,,0.0,3.417,2612.1,,,,,,,,,,,,,,,,,,,,,""
10167024927,"Nov 5, 2023, 5:31:08 PM",Morning Run,Run,,3992,12.97,,,false,,,activities/10889687920.fit.gz,,,3992.0,3835.0,12975.2,4.083,3.383,5.0,143.0,10.7,16.0,4.1,0.0,,,93.0,88.0,,,,,594.0,,,,,,,,,,,,,,,,0.0,,1.0,12983.6,,,,,,,,,,,,,,,,,,,,,,,,,,0.0,3.25,7802.8,,,,,,,,,,,,,,,,,,,,,""
10167024798,"Nov 4, 2023, 3:28:51 PM",Morning Run,Run,,2689,8.35,,,false,,,activities/10889687583.fit.gz,,,2689.0,2508.0,8355.2,4.482,3.331,5.8,137.0,16.0,20.1,4.8,0.0,,,92.0,87.0,,,,,373.0,,,,,,,,,,,,,,,,0.0,,1.0,8367.7,,,,,,,,,,,,,,,,,,,,,,,,,,0.0,3.107,1098.9,,,,,,,,,,,,,,,,,,,,,""
10154335163,"Nov 3, 2023, 5:20:47 PM",Morning Run,Run,,997,2.91,,,false,,,activities/10876350304.fit.gz,,,997.0,939.0,2911.5,4.103,3.101,3.0,45.0,9.9,13.1,1.8,0.0,,,93.0,89.0,,,,,135.0,,,,,,,,,,,,,,,,0.0,,1.0,2913.7,,,,,,,,,,,,,,,,,,,,,,,,,,0.0,2.92,0.0,,,,,,,,,,,,,,,,,,,,,""
10154335172,"Nov 3, 2023, 4:47:09 PM",Morning Run,Run,,1507,6.05,,,false,,,activities/10876350269.fit.gz,,,1507.0,1507.0,6057.6,6.147,4.02,0.0,66.0,10.3,12.2,7.1,0.0,,,100.0,90.0,,,,,274.0,,,,,,,,,,,,,,,,0.0,,1.0,6075.9,,,,,,,,,,,,,,,,,,,,,,,,,,0.0,4.02,0.0,,,,,,,,,,,,,,,,,,,,,""
10154335165,"Nov 3, 2023, 4:16:44 PM",Morning Run,Run,,994,3.23,,,false,,,activities/10876350197.fit.gz,,,994.0,971.0,3234.6,3.801,3.331,2.3,56.0,10.9,13.3,1.6,0.0,,,93.0,88.0,,,,,150.0,,,,,,,,,,,,,,,,0.0,,1.0,3236.5,,,,,,,,,,,,,,,,,,,,,,,,,,0.0,3.254,2648.0,,,,,,,,,,,,,,,,,,,,,""
10148863577,"Nov 2, 2023, 4:25:02 PM",Morning Run,Run,,3284,9.92,,,false,,,activities/10870608390.fit.gz,,,3284.0,3048.0,9920.2,5.895,3.255,23.0,195.0,12.9,18.2,4.0,0.0,,,100.0,88.0,,,,,438.0,,,,,,,,,,,,,,,,0.0,,1.0,9953.0,,,,,,,,,,,,,,,,,,,,,,,,,,0.0,3.021,0.0,,,,,,,,,,,,,,,,,,,,,""
10143941697,"Nov 1, 2023, 5:24:11 PM",Morning Ride,Ride,,4000,0,,,false,,,activities/10865443656.fit.gz,,,4000.0,4000.0,0.0,0.0,0.0,0.0,0.0,0.0,0.0,0.0,0.0,,,,,,,,,308.0,,,,,,,,,,,,,,,,0.0,,1.0,,,,,,,,,,,,,,,,,,,,,,,,,,,0.0,0.0,0.0,,,,,,,,,,,,,,,,,,,,,""
10137586037,"Oct 31, 2023, 5:21:54 PM",Morning Run,Run,,1321,3.29,,,false,,,activities/10858780495.fit.gz,,,1321.0,1130.0,3293.1,3.771,2.914,6.9,46.0,15.8,23.1,6.9,0.0,,,94.0,90.0,,,,,159.0,,,,,,,,,,,,,,,,0.0,,1.0,3308.3,,,,,,,,,,,,,,,,,,,,,,,,,,0.0,2.493,1998.6,,,,,,,,,,,,,,,,,,,,,""
10137585896,"Oct 31, 2023, 4:42:35 PM",Morning Run,Run,,2060,7.94,,,false,,,activities/10858780407.fit.gz,,,2060.0,1963.0,7945.0,5.774,4.047,4.0,99.0,18.7,23.1,1.1,0.0,,,101.0,92.0,,,,,360.0,,,,,,,,,,,,,,,,0.0,,1.0,7947.1,,,,,,,,,,,,,,,,,,,,,,,,,,0.0,3.857,3228.9,,,,,,,,,,,,,,,,,,,,,""
10137585501,"Oct 31, 2023, 4:08:20 PM",Morning Run,Run,,963,3.24,,,false,,,activities/10858780028.fit.gz,,,963.0,952.0,3243.9,3.88,3.407,2.1,25.0,20.5,22.9,0.9,0.0,,,94.0,91.0,,,,,157.0,,,,,,,,,,,,,,,,0.0,,1.0,3245.4,,,,,,,,,,,,,,,,,,,,,,,,,,0.0,3.368,1699.2,,,,,,,,,,,,,,,,,,,,,""
10127162590,"Oct 29, 2023, 4:39:00 PM",Morning Run,Run,,4825,16.10,,,false,,,activities/10847842924.fit.gz,,,4825.0,4314.0,16100.2,6.102,3.732,14.4,358.0,13.5,18.6,14.1,0.0,,,94.0,90.0,,,,,751.0,,,,,,,,,,,,,,,,0.0,,1.0,16120.4,,,,,,,,,,,,,,,,,,,,,,,,,,0.0,3.337,2246.6,,,,,,,,,,,,,,,,,,,,,""
10127161637,"Oct 28, 2023, 3:40:35 PM",Morning Run,Run,,2586,8.07,,,false,,,activities/10847841910.fit.gz,,,2586.0,2431.0,8071.9,4.09,3.32,11.0,131.0,13.3,18.1,3.9,0.0,,,95.0,90.0,,,,,344.0,,,,,,,,,,,,,,,,0.0,,1.0,8082.8,,,,,,,,,,,,,,,,,,,,,,,,,,0.0,3.121,0.0,,,,,,,,,,,,,,,,,,,,,""
10127161340,"Oct 27, 2023, 5:09:49 PM",Morning Run,Run,,2184,4.88,,,false,,,activities/10847841643.fit.gz,,,2184.0,2111.0,4880.6,3.965,2.312,0.0,127.0,13.4,18.1,2.2,-0.1,,,94.0,90.0,,,,,237.0,,,,,,,,,,,,,,,,0.0,,1.0,4879.8,,,,,,,,,,,,,,,,,,,,,,,,,,0.0,2.235,0.0,,,,,,,,,,,,,,,,,,,,,""
10127160660,"Oct 27, 2023, 4:31:21 PM",Morning Run,Run,,2222,8.21,,,false,,,activities/10847840874.fit.gz,,,2222.0,2222.0,8211.8,5.716,3.696,3.7,116.0,17.8,21.6,1.0,0.0,,,99.0,90.0,,,,,374.0,,,,,,,,,,,,,,,,0.0,,1.0,8214.9,,,,,,,,,,,,,,,,,,,,,,,,,,0.0,3.696,2364.6,,,,,,,,,,,,,,,,,,,,,""
10127160414,"Oct 27, 2023, 4:10:31 PM",Morning Run,Run,,1035,3.23,,,false,,,activities/10847840589.fit.gz,,,1035.0,977.0,3229.4,3.972,3.305,3.5,61.0,14.6,18.1,2.0,0.1,,,91.0,88.0,,,,,150.0,,,,,,,,,,,,,,,,0.0,,1.0,3235.8,,,,,,,,,,,,,,,,,,,,,,,,,,0.0,3.12,0.0,,,,,,,,,,,,,,,,,,,,,""
10127160257,"Oct 26, 2023, 3:42:18 PM",Morning Run,Run,,4039,11.47,,,false,,,activities/10847840446.fit.gz,,,4039.0,3546.0,11472.0,6.194,3.235,23.2,189.0,13.1,18.2,5.8,0.0,,,100.0,89.0,,,,,499.0,,,,,,,,,,,,,,,,0.0,,1.0,11518.9,,,,,,,,,,,,,,,,,,,,,,,,,,0.0,2.84,0.0,,,,,,,,,,,,,,,,,,,,,""
10103943259,"Oct 25, 2023, 5:36:05 PM",Morning Ride,Ride,,3788,0,,,false,,,activities/10823545691.fit.gz,,,3788.0,3788.0,0.0,0.0,0.0,0.0,0.0,0.0,0.0,0.0,0.0,,,,,,,,,366.0,,,,,,,,,,,,,,,,0.0,,1.0,,,,,,,,,,,,,,,,,,,,,,,,,,,0.0,0.0,0.0,,,,,,,,,,,,,,,,,,,,,""
10103944391,"Oct 24, 2023, 5:04:41 PM",Morning Run,Run,,1106,3.22,,,false,,,activities/10823545692.fit.gz,,,1106.0,1073.0,3226.8,3.564,3.007,3.0,50.0,9.9,13.1,2.4,0.0,,,94.0,89.0,,,,,162.0,,,,,,,,,,,,,,,,0.0,,1.0,3229.3,,,,,,,,,,,,,,,,,,,,,,,,,,0.0,2.918,0.0,,,,,,,,,,,,,,,,,,,,,""
10103945160,"Oct 24, 2023, 4:38:58 PM",Morning Run,Run,,991,3.27,,,false,,,activities/10823545417.fit.gz,,,991.0,749.0,3269.4,6.497,4.365,0.0,42.0,11.1,13.4,4.3,0.0,,,98.0,92.0,,,,,147.0,,,,,,,,,,,,,,,,0.0,,1.0,3277.2,,,,,,,,,,,,,,,,,,,,,,,,,,0.0,3.299,495.9,,,,,,,,,,,,,,,,,,,,,""
10103944872,"Oct 24, 2023, 4:05:43 PM",Morning Run,Run,,1033,3.26,,,false,,,activities/10823545390.fit.gz,,,1033.0,988.0,3261.7,3.833,3.301,2.3,37.0,10.9,13.3,1.6,0.0,,,92.0,87.0,,,,,156.0,,,,,,,,,,,,,,,,0.0,,1.0,3263.3,,,,,,,,,,,,,,,,,,,,,,,,,,0.0,3.158,2649.7,,,,,,,,,,,,,,,,,,,,,""
10086461446,"Oct 22, 2023, 4:38:13 PM",Morning Run,Run,,3506,11.34,,,false,,,activities/10805354019.fit.gz,,,3506.0,3435.0,11342.3,4.197,3.302,4.1,107.0,17.7,23.0,0.7,0.0,,,94.0,89.0,,,,,509.0,,,,,,,,,,,,,,,,0.0,,1.0,11344.5,,,,,,,,,,,,,,,,,,,,,,,,,,0.0,3.235,4304.7,,,,,,,,,,,,,,,,,,,,,""
10081036637,"Oct 21, 2023, 11:54:05 PM",Afternoon Run,Run,,2793,8.01,,,false,,,activities/10799694960.fit.gz,,,2793.0,2550.0,8015.8,5.02,3.143,7.4,154.0,13.5,18.7,3.4,0.0,,,94.0,89.0,,,,,345.0,,,,,,,,,,,,,,,,0.0,,1.0,8024.3,,,,,,,,,,,,,,,,,,,,,,,,,,0.0,2.87,0.0,,,,,,,,,,,,,,,,,,,,,""
10081036551,"Oct 20, 2023, 5:24:36 PM",Morning Run,Run,,1231,3.24,,,false,,,activities/10799694855.fit.gz,,,1231.0,1215.0,3240.2,3.284,2.667,0.0,71.0,11.4,12.4,1.2,0.0,,,93.0,88.0,,,,,159.0,,,,,,,,,,,,,,,,0.0,,1.0,3241.9,,,,,,,,,,,,,,,,,,,,,,,,,,0.0,2.632,0.0,,,,,,,,,,,,,,,,,,,,,""
10081036492,"Oct 20, 2023, 4:48:38 PM",Morning Run,Run,,1437,4.93,,,false,,,activities/10799694800.fit.gz,,,1437.0,1153.0,4935.9,6.546,4.281,0.0,72.0,11.3,13.5,4.0,0.0,,,101.0,92.0,,,,,217.0,,,,,,,,,,,,,,,,0.0,,1.0,4943.3,,,,,,,,,,,,,,,,,,,,,,,,,,0.0,3.435,2896.5,,,,,,,,,,,,,,,,,,,,,""
10081036238,"Oct 20, 2023, 4:17:07 PM",Morning Run,Run,,999,3.23,,,false,,,activities/10799694541.fit.gz,,,999.0,980.0,3230.6,3.842,3.296,2.3,24.0,10.9,13.3,1.4,0.0,,,93.0,89.0,,,,,150.0,,,,,,,,,,,,,,,,0.0,,1.0,3232.5,,,,,,,,,,,,,,,,,,,,,,,,,,0.0,3.234,2617.1,,,,,,,,,,,,,,,,,,,,,""
10081036294,"Oct 19, 2023, 4:15:39 PM",Morning Run,Run,,3244,9.87,,,false,,,activities/10799694577.fit.gz,,,3244.0,2957.0,9877.5,5.792,3.34,19.0,137.0,12.1,18.2,4.9,0.0,,,99.0,88.0,,,,,446.0,,,,,,,,,,,,,,,,0.0,,1.0,9906.6,,,,,,,,,,,,,,,,,,,,,,,,,,0.0,3.045,4499.2,,,,,,,,,,,,,,,,,,,,,""
10081036103,"Oct 18, 2023, 6:18:25 PM",Lunch Ride,Ride,,944,0,,,false,,,activities/10799694343.fit.gz,,,944.0,944.0,0.0,0.0,0.0,0.0,0.0,0.0,0.0,0.0,0.0,,,,,,,,,57.0,,,,,,,,,,,,,,,,0.0,,1.0,,,,,,,,,,,,,,,,,,,,,,,,,,,0.0,0.0,0.0,,,,,,,,,,,,,,,,,,,,,""
10081036091,"Oct 18, 2023, 5:08:20 PM",Morning Run,Run,,2659,8.06,,,false,,,activities/10799694325.fit.gz,,,2659.0,2459.0,8060.7,4.01,3.278,4.1,139.0,14.5,18.7,2.8,0.0,,,93.0,88.0,,,,,364.0,,,,,,,,,,,,,,,,0.0,,1.0,8066.3,,,,,,,,,,,,,,,,,,,,,,,,,,0.0,3.031,0.0,,,,,,,,,,,,,,,,,,,,,""
10081035985,"Oct 17, 2023, 5:14:46 PM",Morning Run,Run,,1268,3.23,,,false,,,activities/10799694270.fit.gz,,,1268.0,1180.0,3232.6,3.456,2.74,2.1,66.0,10.9,13.3,3.7,0.0,,,91.0,87.0,,,,,163.0,,,,,,,,,,,,,,,,0.0,,1.0,3241.3,,,,,,,,,,,,,,,,,,,,,,,,,,0.0,2.549,915.5,,,,,,,,,,,,,,,,,,,,,""
10081035925,"Oct 17, 2023, 4:36:23 PM",Morning Run,Run,,1943,7.57,,,false,,,activities/10799694177.fit.gz,,,1943.0,1802.0,7575.3,5.674,4.204,4.0,53.0,7.8,12.3,3.1,0.0,,,95.0,91.0,,,,,339.0,,,,,,,,,,,,,,,,0.0,,1.0,7580.2,,,,,,,,,,,,,,,,,,,,,,,,,,0.0,3.899,6191.3,,,,,,,,,,,,,,,,,,,,,""
10081035877,"Oct 17, 2023, 4:06:44 PM",Morning Run,Run,,1132,3.83,,,false,,,activities/10799694151.fit.gz,,,1132.0,1132.0,3833.2,4.04,3.386,0.0,47.0,10.7,13.3,1.7,0.0,,,93.0,88.0,,,,,183.0,,,,,,,,,,,,,,,,0.0,,1.0,3835.5,,,,,,,,,,,,,,,,,,,,,,,,,,0.0,3.386,3596.9,,,,,,,,,,,,,,,,,,,,,""
10081035888,"Oct 15, 2023, 4:17:49 PM",Morning Run,Run,,5533,16.10,,,false,,,activities/10799694091.fit.gz,,,5533.0,4690.0,16101.4,4.575,3.433,13.4,135.0,5.3,13.0,3.9,0.0,,,93.0,88.0,,,,,737.0,,,,,,,,,,,,,,,,0.0,,1.0,16121.8,,,,,,,,,,,,,,,,,,,,,,,,,,0.0,2.91,15104.3,,,,,,,,,,,,,,,,,,,,,""
10081035858,"Oct 14, 2023, 6:43:53 PM",Lunch Run,Run,,2059,4.95,,,false,,,activities/10799694056.fit.gz,,,2059.0,1854.0,4950.9,3.416,2.67,3.8,65.0,0.5,4.6,31.4,0.0,,,112.0,86.0,,,,,244.0,,,,,,,,,,,,,,,,0.0,,1.0,4956.3,,,,,,,,,,,,,,,,,,,,,,,,,,0.0,2.405,3006.0,,,,,,,,,,,,,,,,,,,,,""
10081035598,"Oct 14, 2023, 3:57:53 PM",Morning Run,Run,,1050,3.23,,,false,,,activities/10799693860.fit.gz,,,1050.0,1005.0,3233.9,4.127,3.218,0.0,42.0,0.3,1.9,1.5,0.0,,,88.0,86.0,,,,,154.0,,,,,,,,,,,,,,,,0.0,,1.0,3236.6,,,,,,,,,,,,,,,,,,,,,,,,,,0.0,3.08,913.3,,,,,,,,,,,,,,,,,,,,,""
10081035527,"Oct 13, 2023, 4:19:14 PM",Morning Run,Run,,2585,6.83,,,false,,,activities/10799693755.fit.gz,,,2585.0,1955.0,6836.1,6.95,3.497,4.4,124.0,13.6,17.9,2.9,0.0,,,99.0,88.0,,,,,297.0,,,,,,,,,,,,,,,,0.0,,1.0,6841.5,,,,,,,,,,,,,,,,,,,,,,,,,,0.0,2.645,0.0,,,,,,,,,,,,,,,,,,,,,""
10081035497,"Oct 12, 2023, 4:12:45 PM",Morning Run,Run,,2957,9.66,,,false,,,activities/10799693705.fit.gz,,,2957.0,2877.0,9667.1,4.131,3.36,11.7,129.0,12.1,18.2,6.0,0.0,,,92.0,88.0,,,,,449.0,,,,,,,,,,,,,,,,0.0,,1.0,9684.2,,,,,,,,,,,,,,,,,,,,,,,,,,0.0,3.269,4522.3,,,,,,,,,,,,,,,,,,,,,""
10081035346,"Oct 11, 2023, 5:11:06 PM",Morning Ride,Ride,,4312,0,,,false,,,activities/10799693585.fit.gz,,,4312.0,4312.0,0.0,0.0,0.0,0.0,0.0,0.0,0.0,0.0,0.0,,,,,,,,,247.0,,,,,,,,,,,,,,,,0.0,,1.0,,,,,,,,,,,,,,,,,,,,,,,,,,,0.0,0.0,0.0,,,,,,,,,,,,,,,,,,,,,""
10081035262,"Oct 10, 2023, 4:57:21 PM",Morning Run,Run,,1221,3.20,,,false,,,activities/10799693448.fit.gz,,,1221.0,1182.0,3206.0,3.033,2.712,0.0,40.0,11.4,13.1,4.1,0.0,,,88.0,85.0,,,,,152.0,,,,,,,,,,,,,,,,0.0,,1.0,3216.4,,,,,,,,,,,,,,,,,,,,,,,,,,0.0,2.626,0.0,,,,,,,,,,,,,,,,,,,,,""
10081035186,"Oct 10, 2023, 4:29:55 PM",Morning Run,Run,,1293,4.85,,,false,,,activities/10799693435.fit.gz,,,1293.0,1293.0,4856.2,5.11,3.756,2.7,37.0,11.0,14.6,5.6,0.0,,,94.0,87.0,,,,,226.0,,,,,,,,,,,,,,,,0.0,,1.0,4865.9,,,,,,,,,,,,,,,,,,,,,,,,,,0.0,3.756,1837.9,,,,,,,,,,,,,,,,,,,,,""
10081035169,"Oct 10, 2023, 3:58:16 PM",Morning Run,Run,,969,3.23,,,false,,,activities/10799693392.fit.gz,,,969.0,963.0,3230.2,3.704,3.354,2.3,44.0,10.9,13.3,1.7,0.0,,,92.0,88.0,,,,,151.0,,,,,,,,,,,,,,,,0.0,,1.0,3232.8,,,,,,,,,,,,,,,,,,,,,,,,,,0.0,3.334,2560.0,,,,,,,,,,,,,,,,,,,,,""
10081035107,"Oct 8, 2023, 3:59:18 PM",Morning Run,Run,,4938,14.50,,,false,,,activities/10799693343.fit.gz,,,4938.0,4274.0,14500.7,4.251,3.393,5.3,133.0,3.6,6.9,2.6,0.0,,,102.0,88.0,,,,,661.0,,,,,,,,,,,,,,,,0.0,,1.0,14510.5,,,,,,,,,,,,,,,,,,,,,,,,,,0.0,2.937,5045.5,,,,,,,,,,,,,,,,,,,,,""
10081034952,"Oct 6, 2023, 11:44:35 PM",Afternoon Run,Run,,2788,2.94,,,false,,,activities/10799693200.fit.gz,,,2788.0,1080.0,2946.3,3.661,2.728,46.2,91.0,45.0,71.8,29.0,0.3,,,88.0,85.0,,,,,142.0,,,,,,,,,,,,,,,,0.0,,1.0,3041.3,,,,,,,,,,,,,,,,,,,,,,,,,,0.0,1.057,999.8,,,,,,,,,,,,,,,,,,,,,""
10081034866,"Oct 6, 2023, 10:30:37 PM",Afternoon Run,Run,,1528,6.01,,,false,,,activities/10799693091.fit.gz,,,1528.0,1528.0,6014.6,6.366,3.936,64.8,111.0,35.1,59.1,11.2,0.0,,,97.0,89.0,,,,,280.0,,,,,,,,,,,,,,,,0.0,,1.0,6123.3,,,,,,,,,,,,,,,,,,,,,,,,,,0.0,3.936,4342.8,,,,,,,,,,,,,,,,,,,,,""
10081034766,"Oct 6, 2023, 9:48:10 PM",Afternoon Run,Run,,741,2.33,,,false,,,activities/10799693007.fit.gz,,,741.0,720.0,2333.6,3.508,3.241,0.0,0.0,0.0,0.0,0.0,0.0,,,89.0,86.0,,,,,114.0,,,,,,,,,,,,,,,,0.0,,1.0,2333.6,,,,,,,,,,,,,,,,,,,,,,,,,,0.0,3.149,0.0,,,,,,,,,,,,,,,,,,,,,""
10081034825,"Oct 5, 2023, 4:06:43 PM",Morning Run,Run,,1728,4.94,,,false,,,activities/10799693037.fit.gz,,,1728.0,1483.0,4940.3,4.112,3.331,4.5,99.0,13.4,18.2,7.4,0.0,,,89.0,87.0,,,,,224.0,,,,,,,,,,,,,,,,0.0,,1.0,4956.4,,,,,,,,,,,,,,,,,,,,,,,,,,0.0,2.859,0.0,,,,,,,,,,,,,,,,,,,,,""
10081034604,"Oct 4, 2023, 4:18:16 PM",Morning Run,Run,,2272,6.46,,,false,,,activities/10799692830.fit.gz,,,2272.0,2114.0,6463.8,3.885,3.058,16.8,142.0,11.8,16.9,4.6,0.0,,,92.0,87.0,,,,,286.0,,,,,,,,,,,,,,,,0.0,,1.0,6482.7,,,,,,,,,,,,,,,,,,,,,,,,,,0.0,2.845,0.0,,,,,,,,,,,,,,,,,,,,,""
10081034615,"Oct 3, 2023, 5:12:37 PM",Morning Run,Run,,1349,3.22,,,false,,,activities/10799692826.fit.gz,,,1349.0,1214.0,3228.1,3.231,2.659,0.0,29.0,11.0,13.5,4.6,0.0,,,90.0,86.0,,,,,150.0,,,,,,,,,,,,,,,,0.0,,1.0,3238.9,,,,,,,,,,,,,,,,,,,,,,,,,,0.0,2.393,309.5,,,,,,,,,,,,,,,,,,,,,""
10081034559,"Oct 3, 2023, 4:31:35 PM",Morning Run,Run,,1703,4.75,,,false,,,activities/10799692768.fit.gz,,,1703.0,1484.0,4753.4,7.198,3.203,0.0,40.0,10.9,13.1,6.3,0.0,,,100.0,90.0,,,,,223.0,,,,,,,,,,,,,,,,0.0,,1.0,4763.8,,,,,,,,,,,,,,,,,,,,,,,,,,0.0,2.791,0.0,,,,,,,,,,,,,,,,,,,,,""
10081034383,"Oct 3, 2023, 4:05:51 PM",Morning Run,Run,,963,3.22,,,false,,,activities/10799692560.fit.gz,,,963.0,958.0,3226.9,3.767,3.368,2.3,54.0,10.9,13.3,1.6,0.0,,,106.0,87.0,,,,,147.0,,,,,,,,,,,,,,,,0.0,,1.0,3228.8,,,,,,,,,,,,,,,,,,,,,,,,,,0.0,3.351,3060.6,,,,,,,,,,,,,,,,,,,,,""
10081034348,"Oct 1, 2023, 4:37:43 PM",Morning Run,Run,,4355,14.49,,,false,,,activities/10799692537.fit.gz,,,4355.0,4051.0,14494.3,4.618,3.578,16.9,217.0,13.4,21.6,4.8,0.0,,,93.0,88.0,,,,,678.0,,,,,,,,,,,,,,,,0.0,,1.0,14513.7,,,,,,,,,,,,,,,,,,,,,,,,,,0.0,3.328,4499.1,,,,,,,,,,,,,,,,,,,,,""
10081034278,"Sep 30, 2023, 5:25:37 PM",Morning Run,Run,,3700,11.31,,,false,,,activities/10799692470.fit.gz,,,3700.0,3328.0,11309.9,4.299,3.398,5.7,174.0,14.8,20.7,2.2,0.0,,,91.0,88.0,,,,,515.0,,,,,,,,,,,,,,,,0.0,,1.0,11316.3,,,,,,,,,,,,,,,,,,,,,,,,,,0.0,3.057,0.0,,,,,,,,,,,,,,,,,,,,,""
9944051311,"Sep 29, 2023, 4:11:15 PM",Morning Run,Run,,1250,3.22,,,false,,,activities/10656869660.fit.gz,,,1250.0,1065.0,3228.8,3.84,3.032,0.0,39.0,14.5,16.6,0.8,0.0,,,92.0,88.0,,,,,154.0,,,,,,,,,,,,,,,,0.0,,1.0,3230.3,,,,,,,,,,,,,,,,,,,,,,,,,,0.0,2.583,0.0,,,,,,,,,,,,,,,,,,,,,""
9944050011,"Sep 29, 2023, 3:34:50 PM",Morning Run,Run,,1567,6.35,,,false,,,activities/10656868365.fit.gz,,,1567.0,1515.0,6354.8,5.214,4.195,0.0,48.0,14.9,15.9,0.9,0.0,,,95.0,90.0,,,,,283.0,,,,,,,,,,,,,,,,0.0,,1.0,6359.0,,,,,,,,,,,,,,,,,,,,,,,,,,0.0,4.055,0.0,,,,,,,,,,,,,,,,,,,,,""
9944048361,"Sep 29, 2023, 3:03:48 PM",Morning Run,Run,,1184,3.23,,,false,,,activities/10656866627.fit.gz,,,1184.0,974.0,3230.4,3.981,3.317,0.0,38.0,14.5,16.6,1.2,0.0,,,91.0,87.0,,,,,145.0,,,,,,,,,,,,,,,,0.0,,1.0,3231.8,,,,,,,,,,,,,,,,,,,,,,,,,,0.0,2.728,0.0,,,,,,,,,,,,,,,,,,,,,""
9940901369,"Sep 28, 2023, 3:37:19 PM",Morning Run,Run,,3625,9.66,,,false,,,activities/10653574773.fit.gz,,,3625.0,2923.0,9667.3,4.06,3.307,11.4,159.0,13.1,18.2,5.9,0.0,,,91.0,88.0,,,,,422.0,,,,,,,,,,,,,,,,0.0,,1.0,9678.3,,,,,,,,,,,,,,,,,,,,,,,,,,0.0,2.667,0.0,,,,,,,,,,,,,,,,,,,,,""
9931251090,"Sep 27, 2023, 2:26:30 PM",Morning Run,Run,,3628,11.29,,,false,,,activities/10643539570.fit.gz,,,3628.0,3273.0,11292.4,5.045,3.45,7.6,207.0,13.0,18.4,3.8,0.0,,,93.0,88.0,,,,,489.0,,,,,,,,,,,,,,,,0.0,,1.0,11299.2,,,,,,,,,,,,,,,,,,,,,,,,,,0.0,3.113,0.0,,,,,,,,,,,,,,,,,,,,,""
9925246683,"Sep 26, 2023, 4:51:54 PM",Morning Run,Run,,1206,3.59,,,false,,,activities/10637241822.fit.gz,,,1206.0,1191.0,3590.2,3.521,3.014,0.0,54.0,11.3,12.5,1.5,0.0,,,92.0,88.0,,,,,179.0,,,,,,,,,,,,,,,,0.0,,1.0,3591.7,,,,,,,,,,,,,,,,,,,,,,,,,,0.0,2.977,0.0,,,,,,,,,,,,,,,,,,,,,""
9925058069,"Sep 26, 2023, 4:17:37 PM",Morning Run,Run,,1695,6.09,,,false,,,activities/10637047578.fit.gz,,,1695.0,1499.0,6094.5,6.122,4.066,2.1,59.0,10.9,13.4,5.3,0.0,,,101.0,90.0,,,,,270.0,,,,,,,,,,,,,,,,0.0,,1.0,6110.9,,,,,,,,,,,,,,,,,,,,,,,,,,0.0,3.596,985.1,,,,,,,,,,,,,,,,,,,,,""
9924684046,"Sep 26, 2023, 3:44:56 PM",Morning Run,Run,,962,3.22,,,false,,,activities/10636660770.fit.gz,,,962.0,950.0,3228.0,3.853,3.398,2.3,39.0,10.9,13.3,1.6,0.0,,,93.0,89.0,,,,,152.0,,,,,,,,,,,,,,,,0.0,,1.0,3229.8,,,,,,,,,,,,,,,,,,,,,,,,,,0.0,3.355,2663.2,,,,,,,,,,,,,,,,,,,,,""
9913510296,"Sep 24, 2023, 4:02:19 PM",Morning Run,Run,,5844,19.32,,,false,,,activities/10624878981.fit.gz,,,5844.0,5367.0,19325.3,4.772,3.601,4.1,285.0,13.9,16.1,1.3,0.0,,,94.0,89.0,,,,,924.0,,,,,,,,,,,,,,,,0.0,,1.0,19331.2,,,,,,,,,,,,,,,,,,,,,,,,,,0.0,3.307,7959.2,,,,,,,,,,,,,,,,,,,,,""
9906703134,"Sep 23, 2023, 5:11:56 PM",Morning Run,Run,,3847,11.28,,,false,,,activities/10617712697.fit.gz,,,3847.0,3365.0,11281.0,5.045,3.352,5.9,248.0,13.5,18.6,2.9,0.0,,,92.0,88.0,,,,,520.0,,,,,,,,,,,,,,,,0.0,,1.0,11287.7,,,,,,,,,,,,,,,,,,,,,,,,,,0.0,2.932,0.0,,,,,,,,,,,,,,,,,,,,,""
9906700884,"Sep 22, 2023, 3:58:45 PM",Morning Run,Run,,3024,9.84,,,false,,,activities/10617710440.fit.gz,,,3024.0,2888.0,9846.7,5.098,3.41,8.8,251.0,259.1,265.3,1.4,0.0,,,91.0,87.0,,,,,433.0,,,,,,,,,,,,,,,,0.0,,1.0,9850.7,,,,,,,,,,,,,,,,,,,,,,,,,,0.0,3.256,0.0,,,,,,,,,,,,,,,,,,,,,""
9894466799,"Sep 21, 2023, 5:41:00 PM",Morning Run,Run,,3723,12.08,,,false,,,activities/10604879404.fit.gz,,,3723.0,3438.0,12086.5,5.567,3.516,31.2,249.0,125.5,134.7,5.4,0.0,,,94.0,88.0,,,,,577.0,,,,,,,,,,,,,,,,0.0,,1.0,12118.1,,,,,,,,,,,,,,,,,,,,,,,,,,0.0,3.246,317.7,,,,,,,,,,,,,,,,,,,,,""
9880850293,"Sep 19, 2023, 4:30:20 PM",Morning Run,Run,,1399,4.05,,,false,,,activities/10590663024.fit.gz,,,1399.0,1373.0,4050.9,3.79,2.95,3.2,50.0,10.1,13.9,4.1,0.0,,,92.0,88.0,,,,,202.0,,,,,,,,,,,,,,,,0.0,,1.0,4057.5,,,,,,,,,,,,,,,,,,,,,,,,,,0.0,2.896,1173.3,,,,,,,,,,,,,,,,,,,,,""
9880830335,"Sep 19, 2023, 3:56:47 PM",Morning Run,Run,,1458,5.66,,,false,,,activities/10590642286.fit.gz,,,1458.0,1382.0,5668.9,6.65,4.102,0.0,49.0,11.4,13.1,4.4,0.0,,,99.0,91.0,,,,,244.0,,,,,,,,,,,,,,,,0.0,,1.0,5693.8,,,,,,,,,,,,,,,,,,,,,,,,,,0.0,3.888,0.0,,,,,,,,,,,,,,,,,,,,,""
9880342644,"Sep 19, 2023, 3:24:20 PM",Morning Run,Run,,976,3.23,,,false,,,activities/10590136436.fit.gz,,,976.0,969.0,3234.9,3.693,3.338,2.3,28.0,10.9,13.3,1.7,0.0,,,93.0,88.0,,,,,151.0,,,,,,,,,,,,,,,,0.0,,1.0,3237.0,,,,,,,,,,,,,,,,,,,,,,,,,,0.0,3.314,2673.3,,,,,,,,,,,,,,,,,,,,,""
9874153993,"Sep 18, 2023, 3:27:37 PM",Morning Run,Run,,2527,8.07,,,false,,,activities/10583667175.fit.gz,,,2527.0,2430.0,8076.7,3.989,3.324,19.0,81.0,13.6,22.8,5.1,0.0,,,93.0,90.0,,,,,355.0,,,,,,,,,,,,,,,,0.0,,1.0,8097.1,,,,,,,,,,,,,,,,,,,,,,,,,,0.0,3.196,6059.4,,,,,,,,,,,,,,,,,,,,,""
9869417597,"Sep 17, 2023, 3:25:24 PM",Morning Run,Run,,4827,14.50,,,false,,,activities/10578658407.fit.gz,,,4827.0,4520.0,14500.0,3.973,3.208,11.6,141.0,12.6,17.7,8.4,0.0,,,92.0,88.0,,,,,658.0,,,,,,,,,,,,,,,,0.0,,1.0,14510.8,,,,,,,,,,,,,,,,,,,,,,,,,,0.0,3.004,11366.9,,,,,,,,,,,,,,,,,,,,,""
9862080278,"Sep 16, 2023, 4:08:58 PM",Morning Run,Run,,3592,9.69,,,false,,,activities/10570943048.fit.gz,,,3592.0,2905.0,9692.2,3.92,3.336,9.3,126.0,13.5,18.7,2.7,0.0,,,93.0,89.0,,,,,427.0,,,,,,,,,,,,,,,,0.0,,1.0,9701.1,,,,,,,,,,,,,,,,,,,,,,,,,,0.0,2.698,0.0,,,,,,,,,,,,,,,,,,,,,""
9857437806,"Sep 16, 2023, 2:03:06 AM",Evening Run,Run,,2141,2.32,,,false,,,activities/10566064823.fit.gz,,,2141.0,979.0,2325.9,3.598,2.376,0.0,29.0,12.3,14.5,4.1,0.0,,,99.0,82.0,,,,,110.0,,,,,,,,,,,,,,,,0.0,,1.0,2333.1,,,,,,,,,,,,,,,,,,,,,,,,,,0.0,1.086,0.0,,,,,,,,,,,,,,,,,,,,,""
9857135323,"Sep 16, 2023, 12:30:16 AM",Afternoon Run,Run,,813,2.63,,,false,,,activities/10565741983.fit.gz,,,813.0,783.0,2636.4,4.278,3.367,2.4,60.0,11.8,14.6,3.3,0.0,,,89.0,86.0,,,,,129.0,,,,,,,,,,,,,,,,0.0,,1.0,2645.2,,,,,,,,,,,,,,,,,,,,,,,,,,0.0,3.243,0.0,,,,,,,,,,,,,,,,,,,,,""
9849362622,"Sep 14, 2023, 3:27:26 PM",Morning Run,Run,,2003,6.44,,,false,,,activities/10557614053.fit.gz,,,2003.0,1941.0,6445.7,3.923,3.321,3.1,84.0,10.8,13.9,1.2,0.0,,,92.0,88.0,,,,,293.0,,,,,,,,,,,,,,,,0.0,,1.0,6447.9,,,,,,,,,,,,,,,,,,,,,,,,,,0.0,3.218,3483.2,,,,,,,,,,,,,,,,,,,,,""
9842100599,"Sep 13, 2023, 3:31:52 PM",Morning Run,Run,,2590,8.06,,,false,,,activities/10550035250.fit.gz,,,2590.0,2447.0,8061.7,4.07,3.295,18.2,80.0,13.6,20.9,5.5,0.0,,,92.0,88.0,,,,,364.0,,,,,,,,,,,,,,,,0.0,,1.0,8081.0,,,,,,,,,,,,,,,,,,,,,,,,,,0.0,3.113,4938.8,,,,,,,,,,,,,,,,,,,,,""
9836131983,"Sep 12, 2023, 4:25:46 PM",Morning Run,Run,,1962,4.03,,,false,,,activities/10543768013.fit.gz,,,1962.0,1701.0,4029.6,2.933,2.369,14.2,69.0,15.8,23.3,7.2,-0.1,,,91.0,86.0,,,,,189.0,,,,,,,,,,,,,,,,0.0,,1.0,4049.9,,,,,,,,,,,,,,,,,,,,,,,,,,0.0,2.054,4029.6,,,,,,,,,,,,,,,,,,,,,""
9836128787,"Sep 12, 2023, 4:06:18 PM",Morning Run,Run,,963,3.72,,,false,,,activities/10543764764.fit.gz,,,963.0,963.0,3722.1,6.71,3.865,2.3,10.0,19.7,23.3,0.6,0.0,,,99.0,90.0,,,,,163.0,,,,,,,,,,,,,,,,0.0,,1.0,3722.1,,,,,,,,,,,,,,,,,,,,,,,,,,0.0,3.865,2181.1,,,,,,,,,,,,,,,,,,,,,""
9836127244,"Sep 12, 2023, 3:30:34 PM",Morning Run,Run,,997,3.25,,,false,,,activities/10543763154.fit.gz,,,997.0,970.0,3256.4,3.774,3.357,2.1,25.0,20.5,22.8,0.9,0.0,,,93.0,88.0,,,,,148.0,,,,,,,,,,,,,,,,0.0,,1.0,3258.9,,,,,,,,,,,,,,,,,,,,,,,,,,0.0,3.266,1677.8,,,,,,,,,,,,,,,,,,,,,""
9823287682,"Sep 10, 2023, 3:34:24 PM",Morning Run,Run,,4700,16.10,,,false,,,activities/10530219498.fit.gz,,,4700.0,4410.0,16104.7,4.958,3.652,42.4,204.0,12.9,24.4,10.4,0.0,,,94.0,90.0,,,,,735.0,,,,,,,,,,,,,,,,0.0,,1.0,16159.2,,,,,,,,,,,,,,,,,,,,,,,,,,0.0,3.427,74.1,,,,,,,,,,,,,,,,,,,,,""
9816114960,"Sep 9, 2023, 3:50:59 PM",Morning Run,Run,,3398,9.72,,,false,,,activities/10522641357.fit.gz,,,3398.0,2941.0,9726.3,4.323,3.307,6.8,124.0,14.5,18.7,2.4,0.0,,,92.0,88.0,,,,,451.0,,,,,,,,,,,,,,,,0.0,,1.0,9734.2,,,,,,,,,,,,,,,,,,,,,,,,,,0.0,2.862,751.1,,,,,,,,,,,,,,,,,,,,,""
9809385844,"Sep 8, 2023, 4:45:14 PM",Morning Run,Run,,1088,2.42,,,false,,,activities/10515567148.fit.gz,,,1088.0,1032.0,2419.0,2.749,2.344,0.0,16.0,11.0,13.4,5.3,0.0,,,92.0,86.0,,,,,117.0,,,,,,,,,,,,,,,,0.0,,1.0,2424.2,,,,,,,,,,,,,,,,,,,,,,,,,,0.0,2.223,217.5,,,,,,,,,,,,,,,,,,,,,""
9809239212,"Sep 8, 2023, 3:45:56 PM",Morning Run,Run,,2435,8.81,,,false,,,activities/10515412681.fit.gz,,,2435.0,2208.0,8813.7,6.003,3.992,4.4,100.0,10.9,13.4,8.2,0.0,,,96.0,90.0,,,,,413.0,,,,,,,,,,,,,,,,0.0,,1.0,8846.7,,,,,,,,,,,,,,,,,,,,,,,,,,0.0,3.62,7115.7,,,,,,,,,,,,,,,,,,,,,""
9809236846,"Sep 8, 2023, 3:10:04 PM",Morning Run,Run,,990,3.22,,,false,,,activities/10515410321.fit.gz,,,990.0,964.0,3227.7,3.851,3.348,2.3,27.0,10.9,13.3,1.7,0.0,,,93.0,88.0,,,,,154.0,,,,,,,,,,,,,,,,0.0,,1.0,3229.9,,,,,,,,,,,,,,,,,,,,,,,,,,0.0,3.26,2676.6,,,,,,,,,,,,,,,,,,,,,""
9802913119,"Sep 7, 2023, 3:43:55 PM",Morning Run,Run,,2868,8.08,,,false,,,activities/10508752443.fit.gz,,,2868.0,2492.0,8081.4,3.694,3.243,4.0,66.0,9.3,13.3,1.6,0.0,,,92.0,88.0,,,,,367.0,,,,,,,,,,,,,,,,0.0,,1.0,8086.7,,,,,,,,,,,,,,,,,,,,,,,,,,0.0,2.818,6696.0,,,,,,,,,,,,,,,,,,,,,""
9796154401,"Sep 6, 2023, 3:23:43 PM",Morning Run,Run,,3819,11.28,,,false,,,activities/10501646468.fit.gz,,,3819.0,3365.0,11280.0,4.205,3.352,5.0,94.0,15.8,18.7,2.8,0.0,,,92.0,88.0,,,,,512.0,,,,,,,,,,,,,,,,0.0,,1.0,11287.8,,,,,,,,,,,,,,,,,,,,,,,,,,0.0,2.954,1781.4,,,,,,,,,,,,,,,,,,,,,""
9789562548,"Sep 5, 2023, 4:31:23 PM",Morning Run,Run,,2398,4.84,,,false,,,activities/10494729477.fit.gz,,,2398.0,1573.0,4840.5,3.61,3.077,0.0,32.0,4.5,5.9,1.5,0.0,,,92.0,88.0,,,,,239.0,,,,,,,,,,,,,,,,0.0,,1.0,4843.1,,,,,,,,,,,,,,,,,,,,,,,,,,0.0,2.019,4661.3,,,,,,,,,,,,,,,,,,,,,""
9789256659,"Sep 5, 2023, 4:03:59 PM",Morning Run,Run,,1129,4.83,,,false,,,activities/10494409696.fit.gz,,,1129.0,1129.0,4833.3,6.006,4.281,2.0,48.0,4.5,6.9,0.9,0.0,,,95.0,91.0,,,,,217.0,,,,,,,,,,,,,,,,0.0,,1.0,4835.1,,,,,,,,,,,,,,,,,,,,,,,,,,0.0,4.281,4833.3,,,,,,,,,,,,,,,,,,,,,""
9789249693,"Sep 5, 2023, 3:33:36 PM",Morning Run,Run,,939,3.21,,,false,,,activities/10494402401.fit.gz,,,939.0,931.0,3213.0,3.834,3.451,0.0,25.0,4.5,5.5,1.9,0.0,,,91.0,87.0,,,,,153.0,,,,,,,,,,,,,,,,0.0,,1.0,3214.5,,,,,,,,,,,,,,,,,,,,,,,,,,0.0,3.422,3072.6,,,,,,,,,,,,,,,,,,,,,""
9777838690,"Sep 3, 2023, 1:58:37 PM",Morning Run,Run,,3433,9.77,,,false,,,activities/10482353414.fit.gz,,,3433.0,3197.0,9776.4,4.328,3.058,132.1,217.0,400.0,459.5,41.6,0.1,,,95.0,88.0,,,,,498.0,,,,,,,,,,,,,,,,0.0,,1.0,10148.8,,,,,,,,,,,,,,,,,,,,,,,,,,0.0,2.848,947.3,,,,,,,,,,,,,,,,,,,,,""
9770928523,"Sep 2, 2023, 3:47:47 PM",Morning Run,Run,,5779,17.84,,,false,,,activities/10475002047.fit.gz,,,5779.0,5248.0,17843.5,4.446,3.4,101.5,234.0,352.4,454.1,19.3,-0.2,,,93.0,88.0,,,,,823.0,,,,,,,,,,,,,,,,0.0,,1.0,17950.1,,,,,,,,,,,,,,,,,,,,,,,,,,0.0,3.088,3992.0,,,,,,,,,,,,,,,,,,,,,""
9763153417,"Sep 1, 2023, 4:11:56 PM",Morning Run,Run,,3181,10.08,,,false,,,activities/10466734360.fit.gz,,,3181.0,2824.0,10080.5,5.212,3.57,93.1,150.0,93.3,116.0,9.8,-0.1,,,95.0,88.0,,,,,484.0,,,,,,,,,,,,,,,,0.0,,1.0,10218.4,,,,,,,,,,,,,,,,,,,,,,,,,,0.0,3.169,0.0,,,,,,,,,,,,,,,,,,,,,""
9763000621,"Sep 1, 2023, 3:27:25 PM",Morning Run,Run,,2343,3.00,,,false,,,activities/10466573775.fit.gz,,,2343.0,950.0,3004.7,4.15,3.163,28.2,40.0,94.2,107.2,8.4,0.3,,,91.0,85.0,,,,,149.0,,,,,,,,,,,,,,,,0.0,,1.0,3084.0,,,,,,,,,,,,,,,,,,,,,,,,,,0.0,1.282,0.0,,,,,,,,,,,,,,,,,,,,,""
9758919638,"Aug 31, 2023, 10:31:11 PM",Afternoon Run,Run,,2704,8.70,,,false,,,activities/10462268508.fit.gz,,,2704.0,2495.0,8706.4,5.485,3.49,77.7,186.0,92.1,103.5,8.9,0.0,,,93.0,86.0,,,,,403.0,,,,,,,,,,,,,,,,0.0,,1.0,8840.4,,,,,,,,,,,,,,,,,,,,,,,,,,0.0,3.22,0.0,,,,,,,,,,,,,,,,,,,,,""
9750517516,"Aug 30, 2023, 3:40:22 PM",Morning Ride,Ride,,4356,1.96,,,false,,,activities/10453367360.fit.gz,,,4356.0,3073.0,1960.5,2.654,0.638,0.0,287.0,16.3,16.6,1.3,0.0,,,,,,,,,310.0,,,,,,,,,,,,,,,,0.0,,1.0,,,,,,,,,,,,,,,,,,,,,,,,,,,0.0,0.45,0.0,,,,,,,,,,,,,,,,,,,,,""
9743853133,"Aug 29, 2023, 4:20:24 PM",Morning Run,Run,,798,1.80,,,false,,,activities/10446238440.fit.gz,,,798.0,795.0,1800.3,3.377,2.265,0.0,17.0,11.4,13.1,3.7,0.0,,,89.0,85.0,,,,,89.0,,,,,,,,,,,,,,,,0.0,,1.0,1803.7,,,,,,,,,,,,,,,,,,,,,,,,,,0.0,2.256,0.0,,,,,,,,,,,,,,,,,,,,,""
9743671394,"Aug 29, 2023, 3:28:09 PM",Morning Run,Run,,2308,8.21,,,false,,,activities/10446045571.fit.gz,,,2308.0,2102.0,8210.2,6.056,3.906,0.0,95.0,10.9,13.4,4.5,0.0,,,119.0,89.0,,,,,389.0,,,,,,,,,,,,,,,,0.0,,1.0,8230.2,,,,,,,,,,,,,,,,,,,,,,,,,,0.0,3.557,880.7,,,,,,,,,,,,,,,,,,,,,""
9743669305,"Aug 29, 2023, 2:54:20 PM",Morning Run,Run,,1006,3.22,,,false,,,activities/10446043480.fit.gz,,,1006.0,994.0,3224.3,3.628,3.244,2.5,28.0,10.9,13.5,3.9,0.0,,,92.0,88.0,,,,,156.0,,,,,,,,,,,,,,,,0.0,,1.0,3230.8,,,,,,,,,,,,,,,,,,,,,,,,,,0.0,3.205,2580.4,,,,,,,,,,,,,,,,,,,,,""
9732361615,"Aug 27, 2023, 3:04:37 PM",Morning Run,Run,,5022,16.15,,,false,,,activities/10434120959.fit.gz,,,5022.0,4687.0,16154.0,4.397,3.447,3.2,126.0,3.6,6.9,1.4,0.0,,,93.0,90.0,,,,,758.0,,,,,,,,,,,,,,,,0.0,,1.0,16163.7,,,,,,,,,,,,,,,,,,,,,,,,,,0.0,3.217,5141.5,,,,,,,,,,,,,,,,,,,,,""
9725932063,"Aug 26, 2023, 4:22:21 PM",Morning Run,Run,,2234,6.48,,,false,,,activities/10427266573.fit.gz,,,2234.0,1946.0,6486.4,4.2,3.333,7.2,107.0,13.7,18.7,3.3,0.0,,,94.0,90.0,,,,,301.0,,,,,,,,,,,,,,,,0.0,,1.0,6494.3,,,,,,,,,,,,,,,,,,,,,,,,,,0.0,2.903,0.0,,,,,,,,,,,,,,,,,,,,,""
9719043238,"Aug 25, 2023, 4:14:07 PM",Morning Run,Run,,948,2.43,,,false,,,activities/10419997880.fit.gz,,,948.0,920.0,2429.9,3.25,2.641,0.0,25.0,11.3,13.1,5.2,0.0,,,95.0,90.0,,,,,119.0,,,,,,,,,,,,,,,,0.0,,1.0,2437.2,,,,,,,,,,,,,,,,,,,,,,,,,,0.0,2.563,0.0,,,,,,,,,,,,,,,,,,,,,""
9718925603,"Aug 25, 2023, 3:32:05 PM",Morning Run,Run,,2274,6.54,,,false,,,activities/10419874076.fit.gz,,,2274.0,1580.0,6541.6,5.748,4.14,0.0,86.0,10.9,13.4,4.7,0.0,,,97.0,89.0,,,,,284.0,,,,,,,,,,,,,,,,0.0,,1.0,6555.5,,,,,,,,,,,,,,,,,,,,,,,,,,0.0,2.877,782.3,,,,,,,,,,,,,,,,,,,,,""
9718613704,"Aug 25, 2023, 2:58:21 PM",Morning Run,Run,,753,2.42,,,false,,,activities/10419544816.fit.gz,,,753.0,753.0,2422.7,3.641,3.217,2.3,30.0,11.0,13.3,1.5,0.0,,,93.0,90.0,,,,,117.0,,,,,,,,,,,,,,,,0.0,,1.0,2424.4,,,,,,,,,,,,,,,,,,,,,,,,,,0.0,3.217,1879.5,,,,,,,,,,,,,,,,,,,,,""
9714883422,"Aug 24, 2023, 6:01:45 PM",Lunch Run,Run,,2586,8.05,,,false,,,activities/10415595970.fit.gz,,,2586.0,2346.0,8056.5,4.133,3.434,53.9,118.0,4.2,36.3,7.8,0.0,,,95.0,90.0,,,,,370.0,,,,,,,,,,,,,,,,0.0,,1.0,8127.6,,,,,,,,,,,,,,,,,,,,,,,,,,0.0,3.115,8058.1,,,,,,,,,,,,,,,,,,,,,""
9708907902,"Aug 23, 2023, 11:58:40 PM",Afternoon Elliptical,Elliptical,,1203,0,,,false,,,activities/10409268988.fit.gz,,,1203.0,1203.0,0.0,0.0,0.0,0.0,0.0,0.0,0.0,0.0,0.0,,,77.0,66.0,,,,,118.0,,,,,,,,,,,,,,,,0.0,,1.0,,,,,,,,,,,,,,,,,,,,,,,,,,,0.0,0.0,0.0,,,,,,,,,,,,,,,,,,,,,""
9706523900,"Aug 23, 2023, 3:28:51 PM",Morning Run,Run,,2885,8.07,,,false,,,activities/10406766633.fit.gz,,,2885.0,2421.0,8074.3,3.975,3.335,2.3,65.0,15.8,18.3,1.6,0.0,,,94.0,90.0,,,,,381.0,,,,,,,,,,,,,,,,0.0,,1.0,8078.4,,,,,,,,,,,,,,,,,,,,,,,,,,0.0,2.799,133.3,,,,,,,,,,,,,,,,,,,,,""
9699368448,"Aug 22, 2023, 3:55:52 PM",Morning Run,Run,,888,2.43,,,false,,,activities/10399185610.fit.gz,,,888.0,835.0,2435.5,3.406,2.917,0.0,17.0,4.6,5.9,3.1,0.0,,,93.0,89.0,,,,,126.0,,,,,,,,,,,,,,,,0.0,,1.0,2437.5,,,,,,,,,,,,,,,,,,,,,,,,,,0.0,2.743,2435.5,,,,,,,,,,,,,,,,,,,,,""
9699367812,"Aug 22, 2023, 3:32:49 PM",Morning Run,Run,,1226,4.83,,,false,,,activities/10399184904.fit.gz,,,1226.0,1226.0,4834.9,5.633,3.944,2.0,50.0,4.5,6.9,0.5,0.0,,,95.0,90.0,,,,,224.0,,,,,,,,,,,,,,,,0.0,,1.0,4836.2,,,,,,,,,,,,,,,,,,,,,,,,,,0.0,3.944,4834.9,,,,,,,,,,,,,,,,,,,,,""
9699367091,"Aug 22, 2023, 3:04:20 PM",Morning Run,Run,,957,3.22,,,false,,,activities/10399184158.fit.gz,,,957.0,946.0,3224.6,4.258,3.409,0.0,20.0,4.5,5.5,1.2,0.0,,,91.0,88.0,,,,,154.0,,,,,,,,,,,,,,,,0.0,,1.0,3225.9,,,,,,,,,,,,,,,,,,,,,,,,,,0.0,3.369,3134.0,,,,,,,,,,,,,,,,,,,,,""
9688139905,"Aug 20, 2023, 7:12:39 PM",Lunch Ride,Ride,,2598,0,,,false,,,activities/10387178499.fit.gz,,,2598.0,2598.0,0.0,0.0,0.0,0.0,0.0,0.0,0.0,0.0,0.0,,,,,,,,,254.0,,,,,,,,,,,,,,,,0.0,,1.0,,,,,,,,,,,,,,,,,,,,,,,,,,,0.0,0.0,0.0,,,,,,,,,,,,,,,,,,,,,""
9687159819,"Aug 20, 2023, 3:00:20 PM",Morning Run,Run,,3059,9.66,,,false,,,activities/10386101032.fit.gz,,,3059.0,2896.0,9668.9,3.8,3.339,4.9,73.0,13.5,16.0,6.4,0.0,,,93.0,89.0,,,,,446.0,,,,,,,,,,,,,,,,0.0,,1.0,9674.9,,,,,,,,,,,,,,,,,,,,,,,,,,0.0,3.161,6224.7,,,,,,,,,,,,,,,,,,,,,""
9681186598,"Aug 19, 2023, 6:44:09 PM",Lunch Ride,Ride,,3647,0,,,false,,,activities/10379380588.fit.gz,,,3647.0,3647.0,0.0,0.0,0.0,0.0,0.0,0.0,0.0,0.0,0.0,,,,,,,,,224.0,,,,,,,,,,,,,,,,0.0,,1.0,,,,,,,,,,,,,,,,,,,,,,,,,,,0.0,0.0,0.0,,,,,,,,,,,,,,,,,,,,,""
9675486146,"Aug 18, 2023, 11:51:08 PM",Afternoon Elliptical,Elliptical,,2702,0,,,false,,,activities/10373353612.fit.gz,,,2702.0,2702.0,0.0,0.0,0.0,0.0,0.0,0.0,0.0,0.0,0.0,,,78.0,70.0,,,,,318.0,,,,,,,,,,,,,,,,0.0,,1.0,,,,,,,,,,,,,,,,,,,,,,,,,,,0.0,0.0,0.0,,,,,,,,,,,,,,,,,,,,,""
9673262852,"Aug 18, 2023, 3:06:12 PM",Morning Run,Run,,2066,5.66,,,false,,,activities/10370999124.fit.gz,,,2066.0,1708.0,5659.4,3.964,3.313,2.3,43.0,10.9,13.3,2.5,0.0,,,93.0,88.0,,,,,275.0,,,,,,,,,,,,,,,,0.0,,1.0,5665.6,,,,,,,,,,,,,,,,,,,,,,,,,,0.0,2.739,2667.2,,,,,,,,,,,,,,,,,,,,,""
9669372759,"Aug 17, 2023, 10:52:32 PM",Afternoon Swim,Swim,,2739,823,,,false,,,activities/10366874067.fit.gz,,,2739.0,1227.0,823.0,1.906,0.671,0.0,0.0,0.0,0.0,0.0,0.0,,,,26.0,,,,,112.0,,,,,,,,,,,,,,,,0.0,,1.0,,,,,,,,,,,,,,,,,,,,,,,,,,,0.0,0.3,0.0,,,,,,,,,,,,,,,,,,,,,""
9667576808,"Aug 17, 2023, 4:34:20 PM",Morning Ride,Ride,,3601,0,,,false,,,activities/10364993759.fit.gz,,,3601.0,3601.0,0.0,0.0,0.0,0.0,0.0,0.0,0.0,0.0,0.0,,,,,,,,,226.0,,,,,,,,,,,,,,,,0.0,,1.0,,,,,,,,,,,,,,,,,,,,,,,,,,,0.0,0.0,0.0,,,,,,,,,,,,,,,,,,,,,""
9660517370,"Aug 16, 2023, 4:04:47 PM",Morning Ride,Ride,,2100,0,,,false,,,activities/10357564055.fit.gz,,,2100.0,2100.0,0.0,0.0,0.0,0.0,0.0,0.0,0.0,0.0,0.0,,,,,,,,,137.0,,,,,,,,,,,,,,,,0.0,,1.0,,,,,,,,,,,,,,,,,,,,,,,,,,,0.0,0.0,0.0,,,,,,,,,,,,,,,,,,,,,""
9660103199,"Aug 16, 2023, 3:11:55 PM",Morning Run,Run,,1766,4.94,,,false,,,activities/10357128483.fit.gz,,,1766.0,1509.0,4942.9,4.021,3.276,18.4,69.0,13.2,22.8,4.9,0.0,,,96.0,90.0,,,,,222.0,,,,,,,,,,,,,,,,0.0,,1.0,4970.6,,,,,,,,,,,,,,,,,,,,,,,,,,0.0,2.799,799.2,,,,,,,,,,,,,,,,,,,,,""
9655863944,"Aug 15, 2023, 9:33:02 PM",Afternoon Ride,Ride,,4568,0,,,false,,,activities/10352658316.fit.gz,,,4568.0,4568.0,0.0,0.0,0.0,0.0,0.0,0.0,0.0,0.0,0.0,,,,,,,,,360.0,,,,,,,,,,,,,,,,0.0,,1.0,,,,,,,,,,,,,,,,,,,,,,,,,,,0.0,0.0,0.0,,,,,,,,,,,,,,,,,,,,,""
9642571665,"Aug 13, 2023, 9:38:52 PM",Afternoon Swim,Swim,,4241,"2,972",,,false,,,activities/10338698103.fit.gz,,,4241.0,3652.0,2971.8,3.658,0.814,0.0,0.0,0.0,0.0,0.0,0.0,,,,27.0,,,,,433.0,,,,,,,,,,,,,,,,0.0,,1.0,,,,,,,,,,,,,,,,,,,,,,,,,,,0.0,0.701,0.0,,,,,,,,,,,,,,,,,,,,,""
9633859868,"Aug 12, 2023, 3:14:37 PM",Morning Run,Run,,3211,8.05,,,false,,,activities/10329477162.fit.gz,,,3211.0,2519.0,8054.6,3.684,3.198,50.8,85.0,380.4,427.2,3.5,-0.1,,,97.0,90.0,,,,,379.0,,,,,,,,,,,,,,,,0.0,,1.0,8079.1,,,,,,,,,,,,,,,,,,,,,,,,,,0.0,2.508,7473.9,,,,,,,,,,,,,,,,,,,,,""
9623160514,"Aug 10, 2023, 10:37:35 PM",Afternoon Run,Run,,3045,8.05,,,false,,,activities/10318175165.fit.gz,,,3045.0,2567.0,8055.8,3.878,3.138,66.2,100.0,468.0,489.4,19.4,-0.1,,,94.0,89.0,,,,,392.0,,,,,,,,,,,,,,,,0.0,,1.0,8195.1,,,,,,,,,,,,,,,,,,,,,,,,,,0.0,2.646,7038.9,,,,,,,,,,,,,,,,,,,,,""
9616392262,"Aug 9, 2023, 9:48:47 PM",Afternoon Swim,Swim,,4089,914,,,false,,,activities/10311022667.fit.gz,,,4089.0,1020.0,914.4,9.866,0.896,0.0,0.0,0.0,0.0,0.0,0.0,,,,21.0,,,,,138.0,,,,,,,,,,,,,,,,0.0,,1.0,,,,,,,,,,,,,,,,,,,,,,,,,,,0.0,0.224,0.0,,,,,,,,,,,,,,,,,,,,,""
9614292119,"Aug 9, 2023, 3:02:34 PM",Morning Run,Run,,2883,8.06,,,false,,,activities/10308806711.fit.gz,,,2883.0,2583.0,8063.1,3.854,3.122,116.0,177.0,443.9,538.6,9.9,0.0,,,97.0,91.0,,,,,384.0,,,,,,,,,,,,,,,,0.0,,1.0,8218.1,,,,,,,,,,,,,,,,,,,,,,,,,,0.0,2.797,3070.3,,,,,,,,,,,,,,,,,,,,,""
9607221865,"Aug 8, 2023, 3:48:28 PM",Morning Run,Run,,951,2.17,,,false,,,activities/10301350537.fit.gz,,,951.0,791.0,2172.7,3.324,2.747,7.1,20.0,196.3,203.5,1.5,0.2,,,93.0,88.0,,,,,110.0,,,,,,,,,,,,,,,,0.0,,1.0,2181.3,,,,,,,,,,,,,,,,,,,,,,,,,,0.0,2.285,0.0,,,,,,,,,,,,,,,,,,,,,""
9607212811,"Aug 8, 2023, 2:54:23 PM",Morning Run,Run,,2951,10.20,,,false,,,activities/10301341157.fit.gz,,,2951.0,2701.0,10205.6,4.547,3.778,11.2,99.0,196.1,205.2,1.7,-0.1,,,114.0,89.0,,,,,460.0,,,,,,,,,,,,,,,,0.0,,1.0,10211.7,,,,,,,,,,,,,,,,,,,,,,,,,,0.0,3.458,0.0,,,,,,,,,,,,,,,,,,,,,""
9594704704,"Aug 6, 2023, 1:48:43 PM",Morning Run,Run,,5353,17.71,,,false,,,activities/10288137800.fit.gz,,,5353.0,5151.0,17714.1,4.467,3.439,129.4,354.0,358.3,382.5,3.8,0.0,,,93.0,88.0,,,,,815.0,,,,,,,,,,,,,,,,0.0,,1.0,17844.4,,,,,,,,,,,,,,,,,,,,,,,,,,0.0,3.309,357.6,,,,,,,,,,,,,,,,,,,,,""
9589856109,"Aug 5, 2023, 7:03:05 PM",Lunch Run,Run,,3913,9.01,,,false,,,activities/10283011826.fit.gz,,,3913.0,3913.0,9014.2,2.799,2.304,0.0,0.0,0.0,0.0,0.0,0.0,,,88.0,84.0,,,,,486.0,,,,,,,,,,,,,,,,0.0,,1.0,9011.7,,,,,,,,,,,,,,,,,,,,,,,,,,0.0,2.304,0.0,,,,,,,,,,,,,,,,,,,,,""
9584811938,"Aug 5, 2023, 2:50:25 AM",Evening Run,Run,,1157,3.23,,,false,,,activities/10277652843.fit.gz,,,1157.0,1094.0,3234.5,3.653,2.957,0.0,29.0,103.5,103.8,0.4,0.0,,,92.0,89.0,,,,,159.0,,,,,,,,,,,,,,,,0.0,,1.0,3235.1,,,,,,,,,,,,,,,,,,,,,,,,,,0.0,2.796,0.0,,,,,,,,,,,,,,,,,,,,,""
9584763978,"Aug 5, 2023, 2:25:37 AM",Evening Run,Run,,1321,5.59,,,false,,,activities/10277602059.fit.gz,,,1321.0,1321.0,5589.7,4.774,4.231,0.0,78.0,103.5,103.8,0.5,0.0,,,93.0,90.0,,,,,243.0,,,,,,,,,,,,,,,,0.0,,1.0,5590.6,,,,,,,,,,,,,,,,,,,,,,,,,,0.0,4.231,0.0,,,,,,,,,,,,,,,,,,,,,""
9584696643,"Aug 5, 2023, 1:57:48 AM",Evening Run,Run,,1024,3.23,,,false,,,activities/10277530919.fit.gz,,,1024.0,996.0,3234.5,4.16,3.247,3.2,107.0,100.5,104.2,2.7,0.0,,,92.0,88.0,,,,,147.0,,,,,,,,,,,,,,,,0.0,,1.0,3237.6,,,,,,,,,,,,,,,,,,,,,,,,,,0.0,3.159,0.0,,,,,,,,,,,,,,,,,,,,,""
9584260297,"Aug 4, 2023, 10:23:54 PM",Afternoon Swim,Swim,,947,823,,,false,,,activities/10277073842.fit.gz,,,947.0,902.0,823.0,1.906,0.912,0.0,0.0,0.0,0.0,0.0,0.0,,,,24.0,,,,,144.0,,,,,,,,,,,,,,,,0.0,,1.0,,,,,,,,,,,,,,,,,,,,,,,,,,,0.0,0.869,0.0,,,,,,,,,,,,,,,,,,,,,""
9578871905,"Aug 4, 2023, 1:33:13 AM",Evening Run,Run,,1478,4.83,,,false,,,activities/10271378088.fit.gz,,,1478.0,1443.0,4839.0,4.115,3.353,40.8,94.0,468.2,489.5,22.5,0.0,,,93.0,89.0,,,,,231.0,,,,,,,,,,,,,,,,0.0,,1.0,4947.2,,,,,,,,,,,,,,,,,,,,,,,,,,0.0,3.274,4193.7,,,,,,,,,,,,,,,,,,,,,""
9575926198,"Aug 3, 2023, 2:45:20 PM",Morning Run,Run,,3123,9.75,,,false,,,activities/10268288769.fit.gz,,,3123.0,3094.0,9749.2,4.03,3.151,99.0,198.0,468.2,491.2,21.7,0.0,,,94.0,90.0,,,,,463.0,,,,,,,,,,,,,,,,0.0,,1.0,10034.8,,,,,,,,,,,,,,,,,,,,,,,,,,0.0,3.122,7845.6,,,,,,,,,,,,,,,,,,,,,""
9572674888,"Aug 3, 2023, 1:28:19 AM",Evening Run,Run,,4408,12.88,,,false,,,activities/10264856474.fit.gz,,,4408.0,4082.0,12881.6,3.848,3.156,88.8,189.0,446.3,492.7,7.3,0.0,,,93.0,89.0,,,,,611.0,,,,,,,,,,,,,,,,0.0,,1.0,12975.7,,,,,,,,,,,,,,,,,,,,,,,,,,0.0,2.922,2903.1,,,,,,,,,,,,,,,,,,,,,""
9566202856,"Aug 2, 2023, 12:48:48 AM",Afternoon Run,Run,,5688,12.88,,,false,,,activities/10258049447.fit.gz,,,5688.0,3991.0,12881.8,4.613,3.228,93.7,135.0,380.1,427.2,33.1,0.0,,,105.0,88.0,,,,,589.0,,,,,,,,,,,,,,,,0.0,,1.0,12942.8,,,,,,,,,,,,,,,,,,,,,,,,,,0.0,2.265,11791.7,,,,,,,,,,,,,,,,,,,,,""
9551513453,"Jul 30, 2023, 3:26:10 PM",Morning Run,Run,,5766,17.73,,,false,,,activities/10242391837.fit.gz,,,5766.0,5219.0,17729.8,4.544,3.397,62.4,272.0,3.1,26.0,8.7,0.0,,,94.0,89.0,,,,,798.0,,,,,,,,,,,,,,,,0.0,,1.0,17804.4,,,,,,,,,,,,,,,,,,,,,,,,,,0.0,3.075,13467.8,,,,,,,,,,,,,,,,,,,,,""
9544876052,"Jul 29, 2023, 4:09:27 PM",Morning Run,Run,,3611,9.68,,,false,,,activities/10235368336.fit.gz,,,3611.0,3082.0,9681.0,4.063,3.141,38.0,109.0,2.9,14.9,29.4,0.0,,,93.0,88.0,,,,,435.0,,,,,,,,,,,,,,,,0.0,,1.0,9753.8,,,,,,,,,,,,,,,,,,,,,,,,,,0.0,2.681,0.0,,,,,,,,,,,,,,,,,,,,,""
9538015342,"Jul 28, 2023, 2:57:25 PM",Morning Run,Run,,2127,4.14,,,false,,,activities/10228142602.fit.gz,,,2127.0,1485.0,4144.1,3.364,2.791,8.5,62.0,336.8,341.8,3.5,0.0,,,90.0,88.0,,,,,199.0,,,,,,,,,,,,,,,,0.0,,1.0,4162.5,,,,,,,,,,,,,,,,,,,,,,,,,,0.0,1.948,0.0,,,,,,,,,,,,,,,,,,,,,""
9537767521,"Jul 28, 2023, 2:35:19 PM",Morning Run,Run,,1205,4.71,,,false,,,activities/10227880423.fit.gz,,,1205.0,1192.0,4709.2,5.443,3.951,34.0,69.0,336.8,341.8,3.0,0.0,,,111.0,89.0,,,,,212.0,,,,,,,,,,,,,,,,0.0,,1.0,4736.3,,,,,,,,,,,,,,,,,,,,,,,,,,0.0,3.908,0.0,,,,,,,,,,,,,,,,,,,,,""
9537599802,"Jul 28, 2023, 2:16:14 PM",Morning Run,Run,,702,2.42,,,false,,,activities/10227702887.fit.gz,,,702.0,702.0,2426.8,4.472,3.457,16.9,41.0,336.8,341.8,5.1,-0.1,,,93.0,89.0,,,,,107.0,,,,,,,,,,,,,,,,0.0,,1.0,2435.4,,,,,,,,,,,,,,,,,,,,,,,,,,0.0,3.457,0.0,,,,,,,,,,,,,,,,,,,,,""
9531910707,"Jul 27, 2023, 1:57:11 PM",Morning Run,Run,,4974,13.28,,,false,,,activities/10221711663.fit.gz,,,4974.0,4092.0,13280.7,5.162,3.246,141.7,215.0,466.1,494.7,26.7,0.0,,,94.0,88.0,,,,,601.0,,,,,,,,,,,,,,,,0.0,,1.0,13436.7,,,,,,,,,,,,,,,,,,,,,,,,,,0.0,2.67,9801.9,,,,,,,,,,,,,,,,,,,,,""
9528009004,"Jul 26, 2023, 8:56:44 PM",Afternoon Run,Run,,4578,10.58,,,false,,,activities/10217597149.fit.gz,,,4578.0,4578.0,10579.1,2.797,2.311,0.0,0.0,0.0,0.0,0.0,0.0,,,87.0,83.0,,,,,583.0,,,,,,,,,,,,,,,,0.0,,1.0,10576.6,,,,,,,,,,,,,,,,,,,,,,,,,,0.0,2.311,0.0,,,,,,,,,,,,,,,,,,,,,""
9522443212,"Jul 26, 2023, 1:06:02 AM",Evening Run,Run,,2510,6.79,,,false,,,activities/10211729610.fit.gz,,,2510.0,2510.0,6789.4,3.346,2.705,0.0,0.0,0.0,0.0,0.0,0.0,,,89.0,84.0,,,,,411.0,,,,,,,,,,,,,,,,0.0,,1.0,6787.4,,,,,,,,,,,,,,,,,,,,,,,,,,0.0,2.705,0.0,,,,,,,,,,,,,,,,,,,,,""
9513832622,"Jul 24, 2023, 5:46:24 PM",Lunch Run,Run,"",2011,5.31,,,false,,,activities/10202700684.fit.gz,,,2011.0,2011.0,5309.4,2.746,2.64,0.0,0.0,0.0,0.0,0.0,0.0,,,85.0,83.0,,,,,303.0,,,,,,,,,,,,,,0.0,,0.0,,1.0,5309.4,,,,,,,,,,,,,,,,,,,,,,,,,,0.0,2.64,0.0,,,,,,,,,,,,,,,,,,,,,""
9500907931,"Jul 22, 2023, 2:17:26 PM",Morning Run,Run,,5473,16.11,,,false,,,activities/10188961721.fit.gz,,,5473.0,4528.0,16111.9,4.635,3.558,81.7,209.0,372.9,427.2,4.8,0.0,,,94.0,89.0,,,,,726.0,,,,,,,,,,,,,,,,0.0,,1.0,16173.9,,,,,,,,,,,,,,,,,,,,,,,,,,0.0,2.944,4611.9,,,,,,,,,,,,,,,,,,,,,""
9494507613,"Jul 21, 2023, 2:07:11 PM",Morning Run,Run,Officially on Strava 😎 run with maddie + smoothies = top tier morning,4446,12.88,,,false,,,activities/10182158311.fit.gz,,,4446.0,3930.0,12888.1,3.923,3.279,110.5,173.0,468.2,490.1,22.1,0.0,,,93.0,88.0,,,,,593.0,,,,,,,,,,,,,,0.0,,0.0,,1.0,13179.8,,,,,,,,,,,,,,,,,,,,,,,,,,0.0,2.899,10407.9,,,,,,,,,,,,,,,,,,,,,""
9488317515,"Jul 20, 2023, 2:45:04 PM",Morning Run,Run,,2892,7.28,,,false,,,activities/10175566062.fit.gz,,,2892.0,2502.0,7284.3,4.252,2.911,21.7,123.0,333.7,341.9,6.0,0.0,,,92.0,88.0,,,,,350.0,,,,,,,,,,,,,,,,0.0,,1.0,7303.9,,,,,,,,,,,,,,,,,,,,,,,,,,0.0,2.519,0.0,,,,,,,,,,,,,,,,,,,,,""
9488047323,"Jul 20, 2023, 2:23:50 PM",Morning Run,Run,,1205,4.77,,,false,,,activities/10175278681.fit.gz,,,1205.0,1205.0,4772.3,4.633,3.96,36.3,49.0,336.8,341.8,2.9,0.0,,,93.0,89.0,,,,,215.0,,,,,,,,,,,,,,,,0.0,,1.0,4804.3,,,,,,,,,,,,,,,,,,,,,,,,,,0.0,3.96,0.0,,,,,,,,,,,,,,,,,,,,,""
9488046269,"Jul 20, 2023, 2:14:37 PM",Morning Run,Run,,307,0.93,,,false,,,activities/10175277687.fit.gz,,,307.0,307.0,937.4,3.659,3.053,4.9,3.0,336.8,341.8,3.0,-0.2,,,88.0,87.0,,,,,43.0,,,,,,,,,,,,,,,,0.0,,1.0,938.6,,,,,,,,,,,,,,,,,,,,,,,,,,0.0,3.053,0.0,,,,,,,,,,,,,,,,,,,,,""
9482179628,"Jul 19, 2023, 2:15:36 PM",Morning Run,Run,,5260,13.06,,,false,,,activities/10169124878.fit.gz,,,5260.0,4383.0,13064.7,6.343,2.981,316.3,362.0,450.7,742.2,16.3,0.0,,,108.0,87.0,,,,,623.0,,,,,,,,,,,,,,,,0.0,,1.0,13886.9,,,,,,,,,,,,,,,,,,,,,,,,,,0.0,2.484,6791.0,,,,,,,,,,,,,,,,,,,,,""
9475701976,"Jul 18, 2023, 4:16:58 PM",Morning Elliptical,Elliptical,,2404,0,,,false,,,activities/10162327778.fit.gz,,,2404.0,2404.0,0.0,0.0,0.0,0.0,0.0,,,0.0,0.0,,,78.0,66.0,,,,,236.0,,,,,,,,,,,,,,,,0.0,,1.0,,,,,,,,,,,,,,,,,,,,,,,,,,,0.0,0.0,0.0,,,,,,,,,,,,,,,,,,,,,""
9475160531,"Jul 18, 2023, 2:43:09 PM",Morning Run,Run,,933,2.64,,,false,,,activities/10161760355.fit.gz,,,933.0,838.0,2648.7,4.677,3.161,17.2,52.0,336.7,341.9,3.3,0.0,,,92.0,89.0,,,,,131.0,,,,,,,,,,,,,,,,0.0,,1.0,2659.8,,,,,,,,,,,,,,,,,,,,,,,,,,0.0,2.839,0.0,,,,,,,,,,,,,,,,,,,,,""
9474880176,"Jul 18, 2023, 1:58:29 PM",Morning Run,Run,,2401,8.87,,,false,,,activities/10161466400.fit.gz,,,2401.0,2401.0,8871.2,4.548,3.695,22.2,105.0,336.6,341.6,3.1,0.0,,,92.0,88.0,,,,,416.0,,,,,,,,,,,,,,,,0.0,,1.0,8899.3,,,,,,,,,,,,,,,,,,,,,,,,,,0.0,3.695,0.0,,,,,,,,,,,,,,,,,,,,,""
9462943859,"Jul 16, 2023, 1:52:58 PM",Morning Run,Run,,5075,16.11,,,false,,,activities/10148868256.fit.gz,,,5075.0,4523.0,16111.7,4.341,3.562,65.7,170.0,359.8,382.5,4.7,0.0,,,95.0,88.0,,,,,701.0,,,,,,,,,,,,,,,,0.0,,1.0,16175.0,,,,,,,,,,,,,,,,,,,,,,,,,,0.0,3.175,0.0,,,,,,,,,,,,,,,,,,,,,""
9457185121,"Jul 15, 2023, 2:56:28 PM",Morning Run,Run,,3344,9.71,,,false,,,activities/10142719405.fit.gz,,,3344.0,2909.0,9712.1,4.223,3.339,155.9,189.0,218.4,256.1,35.6,0.0,,,94.0,88.0,,,,,444.0,,,,,,,,,,,,,,,,0.0,,1.0,10226.4,,,,,,,,,,,,,,,,,,,,,,,,,,0.0,2.904,6042.2,,,,,,,,,,,,,,,,,,,,,""
9452368891,"Jul 14, 2023, 11:22:11 PM",Afternoon Elliptical,Elliptical,,1805,0,,,false,,,activities/10137636947.fit.gz,,,1805.0,1805.0,0.0,0.0,0.0,0.0,0.0,,,0.0,0.0,,,78.0,69.0,,,,,194.0,,,,,,,,,,,,,,,,0.0,,1.0,,,,,,,,,,,,,,,,,,,,,,,,,,,0.0,0.0,0.0,,,,,,,,,,,,,,,,,,,,,""
9450751755,"Jul 14, 2023, 4:21:15 PM",Morning Run,Run,,725,2.03,,,false,,,activities/10135928639.fit.gz,,,725.0,675.0,2036.0,3.629,3.016,13.5,39.0,3.3,14.1,9.7,0.4,,,91.0,89.0,,,,,101.0,,,,,,,,,,,,,,,,0.0,,1.0,2067.8,,,,,,,,,,,,,,,,,,,,,,,,,,0.0,2.808,0.0,,,,,,,,,,,,,,,,,,,,,""
9450751209,"Jul 14, 2023, 3:42:45 PM",Morning Run,Run,,2175,7.77,,,false,,,activities/10135928077.fit.gz,,,2175.0,2101.0,7770.2,5.434,3.698,13.2,129.0,3.3,15.3,4.0,-0.1,,,93.0,89.0,,,,,354.0,,,,,,,,,,,,,,,,0.0,,1.0,7764.7,,,,,,,,,,,,,,,,,,,,,,,,,,0.0,3.573,0.0,,,,,,,,,,,,,,,,,,,,,""
9444605884,"Jul 13, 2023, 3:46:41 PM",Morning Run,Run,,3133,9.97,,,false,,,activities/10129475368.fit.gz,,,3133.0,2819.0,9971.5,6.364,3.537,34.0,196.0,3.3,15.4,5.8,0.0,,,98.0,88.0,,,,,468.0,,,,,,,,,,,,,,,,0.0,,1.0,10008.8,,,,,,,,,,,,,,,,,,,,,,,,,,0.0,3.183,0.0,,,,,,,,,,,,,,,,,,,,,""
9439567948,"Jul 12, 2023, 6:46:54 PM",Lunch Run,Run,,3112,9.66,,,false,,,activities/10124175448.fit.gz,,,3112.0,2953.0,9667.5,4.172,3.274,26.2,124.0,3.3,11.7,6.1,-0.1,,,92.0,87.0,,,,,484.0,,,,,,,,,,,,,,,,0.0,,1.0,9684.7,,,,,,,,,,,,,,,,,,,,,,,,,,0.0,3.107,5747.4,,,,,,,,,,,,,,,,,,,,,""
9434650453,"Jul 12, 2023, 12:55:12 AM",Afternoon Run,Run,,4513,11.28,,,false,,,activities/10119007188.fit.gz,,,4513.0,3362.0,11283.5,4.332,3.356,40.0,179.0,4.9,62.3,12.0,-0.2,,,93.0,88.0,,,,,512.0,,,,,,,,,,,,,,,,0.0,,1.0,11292.1,,,,,,,,,,,,,,,,,,,,,,,,,,0.0,2.5,0.0,,,,,,,,,,,,,,,,,,,,,""
9419074586,"Jul 9, 2023, 1:49:24 PM",Morning Run,Run,,4463,14.50,,,false,,,activities/10102568391.fit.gz,,,4463.0,4064.0,14499.9,4.425,3.568,48.6,180.0,359.5,382.5,5.9,0.0,,,94.0,88.0,,,,,650.0,,,,,,,,,,,,,,,,0.0,,1.0,14548.0,,,,,,,,,,,,,,,,,,,,,,,,,,0.0,3.249,0.0,,,,,,,,,,,,,,,,,,,,,""
9413458964,"Jul 8, 2023, 4:37:02 PM",Morning Run,Run,,1720,4.58,,,false,,,activities/10096600173.fit.gz,,,1720.0,1720.0,4582.2,2.804,2.664,0.0,0.0,,,0.0,0.0,,,87.0,85.0,,,,,195.0,,,,,,,,,,,,,,,,0.0,,1.0,,,,,,,,,,,,,,,,,,,,,,,,,,,0.0,2.664,0.0,,,,,,,,,,,,,,,,,,,,,""
9406468826,"Jul 7, 2023, 2:53:03 PM",Morning Run,Run,,4029,13.34,,,false,,,activities/10089190568.fit.gz,,,4029.0,3815.0,13345.3,4.312,3.498,106.7,217.0,291.4,321.8,9.4,0.0,,,94.0,89.0,,,,,611.0,,,,,,,,,,,,,,,,0.0,,1.0,13511.3,,,,,,,,,,,,,,,,,,,,,,,,,,0.0,3.312,5341.9,,,,,,,,,,,,,,,,,,,,,""
9401964319,"Jul 6, 2023, 7:32:39 PM",Lunch Run,Run,,3686,9.50,,,false,,,activities/10084447164.fit.gz,,,3686.0,3686.0,9503.0,2.832,2.578,0.0,0.0,,,0.0,0.0,,,89.0,86.0,,,,,530.0,,,,,,,,,,,,,,,,0.0,,1.0,,,,,,,,,,,,,,,,,,,,,,,,,,,0.0,2.578,0.0,,,,,,,,,,,,,,,,,,,,,""
9396793867,"Jul 6, 2023, 1:06:23 AM",Evening Run,Run,,2655,6.86,,,false,,,activities/10078994591.fit.gz,,,2655.0,2096.0,6859.8,4.468,3.273,56.7,146.0,20.7,45.6,9.1,0.0,,,91.0,88.0,,,,,309.0,,,,,,,,,,,,,,,,0.0,,1.0,6942.4,,,,,,,,,,,,,,,,,,,,,,,,,,0.0,2.584,93.0,,,,,,,,,,,,,,,,,,,,,""
9390381735,"Jul 4, 2023, 11:56:44 PM",Afternoon Elliptical,Elliptical,,2287,0,,,false,,,activities/10072246420.fit.gz,,,2287.0,2287.0,0.0,0.0,0.0,0.0,0.0,,,0.0,0.0,,,78.0,71.0,,,,,137.0,,,,,,,,,,,,,,,,0.0,,1.0,,,,,,,,,,,,,,,,,,,,,,,,,,,0.0,0.0,0.0,,,,,,,,,,,,,,,,,,,,,""
9388385400,"Jul 4, 2023, 5:42:10 PM",Morning Run,Run,,297,0.81,,,false,,,activities/10070156063.fit.gz,,,297.0,263.0,815.7,3.703,3.102,16.4,2.0,44.6,61.9,9.3,2.1,,,90.0,87.0,,,,,40.0,,,,,,,,,,,,,,,,0.0,,1.0,867.1,,,,,,,,,,,,,,,,,,,,,,,,,,0.0,2.747,0.0,,,,,,,,,,,,,,,,,,,,,""
9388384471,"Jul 4, 2023, 5:18:51 PM",Morning Run,Run,,1202,4.52,,,false,,,activities/10070155128.fit.gz,,,1202.0,1202.0,4525.8,4.409,3.765,27.9,76.0,42.5,51.8,4.0,-0.1,,,89.0,88.0,,,,,203.0,,,,,,,,,,,,,,,,0.0,,1.0,4535.6,,,,,,,,,,,,,,,,,,,,,,,,,,0.0,3.765,0.0,,,,,,,,,,,,,,,,,,,,,""
9375918165,"Jul 2, 2023, 2:21:31 PM",Morning Run,Run,,4394,14.50,,,false,,,activities/10057010240.fit.gz,,,4394.0,4164.0,14499.8,8.26,3.482,143.3,236.0,356.0,445.7,4.4,0.0,,,93.0,88.0,,,,,671.0,,,,,,,,,,,,,,,,0.0,,1.0,14625.3,,,,,,,,,,,,,,,,,,,,,,,,,,0.0,3.3,71.1,,,,,,,,,,,,,,,,,,,,,""
9368849805,"Jul 1, 2023, 2:22:36 PM",Morning Run,Run,,2697,8.06,,,false,,,activities/10049524085.fit.gz,,,2697.0,2394.0,8059.6,4.037,3.367,18.9,112.0,397.8,416.7,2.3,0.0,,,93.0,89.0,,,,,361.0,,,,,,,,,,,,,,,,0.0,,1.0,8071.1,,,,,,,,,,,,,,,,,,,,,,,,,,0.0,2.988,5845.8,,,,,,,,,,,,,,,,,,,,,""
9364149939,"Jun 30, 2023, 6:48:13 PM",Lunch Run,Run,,2448,6.60,,,false,,,activities/10044140956.fit.gz,,,2448.0,2448.0,6601.1,3.019,2.697,0.0,0.0,,,0.0,0.0,,,88.0,85.0,,,,,370.0,,,,,,,,,,,,,,,,0.0,,1.0,,,,,,,,,,,,,,,,,,,,,,,,,,,0.0,2.697,0.0,,,,,,,,,,,,,,,,,,,,,""
9357343050,"Jun 29, 2023, 3:10:57 PM",Morning Run,Run,,3462,9.95,,,false,,,activities/10036864302.fit.gz,,,3462.0,2995.0,9956.5,5.576,3.324,97.6,120.0,468.3,493.2,21.8,0.0,,,114.0,88.0,,,,,458.0,,,,,,,,,,,,,,,,0.0,,1.0,10244.8,,,,,,,,,,,,,,,,,,,,,,,,,,0.0,2.876,7791.9,,,,,,,,,,,,,,,,,,,,,""
9351279977,"Jun 28, 2023, 3:38:12 PM",Morning Run,Run,,2859,8.06,,,false,,,activities/10030463609.fit.gz,,,2859.0,2376.0,8061.6,4.249,3.393,30.3,95.0,374.5,404.3,3.7,0.0,,,92.0,88.0,,,,,359.0,,,,,,,,,,,,,,,,0.0,,1.0,8076.8,,,,,,,,,,,,,,,,,,,,,,,,,,0.0,2.82,0.0,,,,,,,,,,,,,,,,,,,,,""
9345536242,"Jun 27, 2023, 4:55:48 PM",Morning Run,Run,,3445,9.67,,,false,,,activities/10024442726.fit.gz,,,3445.0,2973.0,9669.1,4.33,3.252,118.3,199.0,398.1,492.2,6.4,0.1,,,93.0,88.0,,,,,458.0,,,,,,,,,,,,,,,,0.0,,1.0,9807.4,,,,,,,,,,,,,,,,,,,,,,,,,,0.0,2.807,5566.7,,,,,,,,,,,,,,,,,,,,,""
9333274838,"Jun 25, 2023, 3:07:28 PM",Morning Run,Run,,3818,12.88,,,false,,,activities/10011476197.fit.gz,,,3818.0,3572.0,12884.8,5.518,3.607,25.8,113.0,397.8,418.0,2.6,0.0,,,93.0,89.0,,,,,586.0,,,,,,,,,,,,,,,,0.0,,1.0,12901.4,,,,,,,,,,,,,,,,,,,,,,,,,,0.0,3.375,8445.7,,,,,,,,,,,,,,,,,,,,,""
9326628297,"Jun 24, 2023, 3:42:17 PM",Morning Run,Run,,2049,6.44,,,false,,,activities/10004417709.fit.gz,,,2049.0,2049.0,6447.3,4.285,3.147,51.0,130.0,355.0,372.0,3.8,0.0,,,91.0,88.0,,,,,299.0,,,,,,,,,,,,,,,,0.0,,1.0,6496.1,,,,,,,,,,,,,,,,,,,,,,,,,,0.0,3.147,0.0,,,,,,,,,,,,,,,,,,,,,""
9320672035,"Jun 23, 2023, 4:07:55 PM",Morning Run,Run,,3722,11.27,,,false,,,activities/9998112777.fit.gz,,,3722.0,3363.0,11269.2,4.219,3.351,87.3,159.0,395.0,464.9,5.4,0.0,,,93.0,88.0,,,,,502.0,,,,,,,,,,,,,,,,0.0,,1.0,11353.2,,,,,,,,,,,,,,,,,,,,,,,,,,0.0,3.028,1097.4,,,,,,,,,,,,,,,,,,,,,""
9314384342,"Jun 22, 2023, 2:51:32 PM",Morning Run,Run,,3210,9.69,,,false,,,activities/9991481894.fit.gz,,,3210.0,2788.0,9693.7,4.8,3.477,118.6,153.0,398.4,492.5,8.8,0.0,,,93.0,89.0,,,,,448.0,,,,,,,,,,,,,,,,0.0,,1.0,9817.8,,,,,,,,,,,,,,,,,,,,,,,,,,0.0,3.02,6718.7,,,,,,,,,,,,,,,,,,,,,""
9308243495,"Jun 21, 2023, 3:12:39 PM",Morning Run,Run,,2702,8.06,,,false,,,activities/9985015475.fit.gz,,,2702.0,2432.0,8059.5,4.047,3.314,104.8,137.0,398.4,503.8,5.5,0.0,,,92.0,88.0,,,,,365.0,,,,,,,,,,,,,,,,0.0,,1.0,8172.8,,,,,,,,,,,,,,,,,,,,,,,,,,0.0,2.983,157.8,,,,,,,,,,,,,,,,,,,,,""
9302361615,"Jun 20, 2023, 4:28:30 PM",Morning Run,Run,,3481,9.66,,,false,,,activities/9978784606.fit.gz,,,3481.0,2895.0,9663.8,4.3,3.338,44.1,122.0,373.0,397.2,7.1,0.0,,,93.0,88.0,,,,,430.0,,,,,,,,,,,,,,,,0.0,,1.0,9694.7,,,,,,,,,,,,,,,,,,,,,,,,,,0.0,2.776,165.4,,,,,,,,,,,,,,,,,,,,,""
9291331099,"Jun 18, 2023, 6:34:46 PM",Lunch Run,Run,,3517,11.27,,,false,,,activities/9966935703.fit.gz,,,3517.0,3255.0,11274.5,4.243,3.464,50.4,176.0,373.0,403.9,6.4,-0.1,,,92.0,87.0,,,,,534.0,,,,,,,,,,,,,,,,0.0,,1.0,11283.0,,,,,,,,,,,,,,,,,,,,,,,,,,0.0,3.206,1234.5,,,,,,,,,,,,,,,,,,,,,""
9284175373,"Jun 17, 2023, 4:56:34 PM",Morning Run,Run,,2950,9.67,,,false,,,activities/9959293035.fit.gz,,,2950.0,2841.0,9675.5,4.632,3.406,7.0,156.0,13.5,18.6,2.7,0.0,,,95.0,89.0,,,,,465.0,,,,,,,,,,,,,,,,0.0,,1.0,9683.4,,,,,,,,,,,,,,,,,,,,,,,,,,0.0,3.28,0.0,,,,,,,,,,,,,,,,,,,,,""
9277908270,"Jun 16, 2023, 5:50:37 PM",Morning Elliptical,Elliptical,,1803,0,,,false,,,activities/9952652243.fit.gz,,,1803.0,1803.0,0.0,0.0,0.0,0.0,0.0,,,0.0,0.0,,,80.0,74.0,,,,,184.0,,,,,,,,,,,,,,,,0.0,,1.0,,,,,,,,,,,,,,,,,,,,,,,,,,,0.0,0.0,0.0,,,,,,,,,,,,,,,,,,,,,""
9277664701,"Jun 16, 2023, 4:17:01 PM",Morning Run,Run,,3140,9.67,,,false,,,activities/9952394731.fit.gz,,,3140.0,2836.0,9672.2,4.51,3.41,7.7,115.0,13.6,19.4,3.5,0.0,,,92.0,88.0,,,,,451.0,,,,,,,,,,,,,,,,0.0,,1.0,9681.0,,,,,,,,,,,,,,,,,,,,,,,,,,0.0,3.08,1084.8,,,,,,,,,,,,,,,,,,,,,""
9272581193,"Jun 15, 2023, 7:03:12 PM",Lunch Swim,Swim,,2183,"1,212",,,false,,,activities/9947027561.fit.gz,,,2183.0,1457.0,1211.6,3.334,0.832,0.0,0.0,,,0.0,0.0,,,,25.0,,,,,194.0,,,,,,,,,,,,,,,,0.0,,1.0,,,,,,,,,,,,,,,,,,,,,,,,,,,0.0,0.555,0.0,,,,,,,,,,,,,,,,,,,,,""
9272101996,"Jun 15, 2023, 6:12:39 PM",Lunch Run,Run,,969,3.22,,,false,,,activities/9946519401.fit.gz,,,969.0,969.0,3220.8,4.458,3.324,0.0,102.0,14.7,16.1,0.7,0.0,,,91.0,88.0,,,,,149.0,,,,,,,,,,,,,,,,0.0,,1.0,3221.6,,,,,,,,,,,,,,,,,,,,,,,,,,0.0,3.324,0.0,,,,,,,,,,,,,,,,,,,,,""
9265283337,"Jun 14, 2023, 4:25:33 PM",Morning Run,Run,,2476,8.06,,,false,,,activities/9939336714.fit.gz,,,2476.0,2476.0,8067.9,3.971,3.258,6.8,130.0,13.7,18.6,2.9,0.0,,,94.0,88.0,,,,,387.0,,,,,,,,,,,,,,,,0.0,,1.0,8076.7,,,,,,,,,,,,,,,,,,,,,,,,,,0.0,3.258,0.0,,,,,,,,,,,,,,,,,,,,,""
9258604451,"Jun 13, 2023, 3:54:11 PM",Morning Run,Run,,2506,8.13,,,false,,,activities/9932300578.fit.gz,,,2506.0,2347.0,8135.3,4.276,3.466,11.9,154.0,13.2,18.4,3.9,0.0,,,92.0,89.0,,,,,378.0,,,,,,,,,,,,,,,,0.0,,1.0,8148.7,,,,,,,,,,,,,,,,,,,,,,,,,,0.0,3.246,0.0,,,,,,,,,,,,,,,,,,,,,""
9247208213,"Jun 11, 2023, 4:26:42 PM",Morning Run,Run,,3732,11.26,,,false,,,activities/9920267973.fit.gz,,,3732.0,3435.0,11268.3,4.472,3.28,12.3,135.0,14.0,18.0,3.3,0.0,,,93.0,89.0,,,,,526.0,,,,,,,,,,,,,,,,0.0,,1.0,11278.7,,,,,,,,,,,,,,,,,,,,,,,,,,0.0,3.019,277.7,,,,,,,,,,,,,,,,,,,,,""
9241424070,"Jun 10, 2023, 7:56:24 PM",Lunch Run,Run,,2610,8.05,,,false,,,activities/9914131724.fit.gz,,,2610.0,2333.0,8057.7,4.754,3.454,7.2,142.0,13.5,18.6,2.5,0.0,,,93.0,89.0,,,,,371.0,,,,,,,,,,,,,,,,0.0,,1.0,8063.7,,,,,,,,,,,,,,,,,,,,,,,,,,0.0,3.087,0.0,,,,,,,,,,,,,,,,,,,,,""
9228884830,"Jun 8, 2023, 7:05:06 PM",Lunch Swim,Swim,,3770,"1,463",,,false,,,activities/9900925038.fit.gz,,,3770.0,1805.0,1463.0,3.81,0.811,0.0,0.0,,,0.0,0.0,,,,29.0,,,,,210.0,,,,,,,,,,,,,,,,0.0,,1.0,,,,,,,,,,,,,,,,,,,,,,,,,,,0.0,0.388,0.0,,,,,,,,,,,,,,,,,,,,,""
9089122978,"May 17, 2023, 4:26:09 PM",Morning Run,Run,,2462,6.46,,,false,,,activities/9750453247.fit.gz,,,2462.0,2011.0,6461.7,4.22,3.213,3.1,112.0,15.8,18.9,1.8,0.0,,,94.0,90.0,,,,,301.0,,,,,,,,,,,,,,,,0.0,,1.0,6465.3,,,,,,,,,,,,,,,,,,,,,,,,,,0.0,2.625,647.4,,,,,,,,,,,,,,,,,,,,,""
9079217300,"May 16, 2023, 1:47:05 AM",Evening Run,Run,,3923,8.85,,,false,,,activities/9739990350.fit.gz,,,3923.0,2789.0,8855.0,4.206,3.175,7.0,195.0,13.1,17.6,3.7,0.0,,,95.0,88.0,,,,,417.0,,,,,,,,,,,,,,,,0.0,,1.0,8866.1,,,,,,,,,,,,,,,,,,,,,,,,,,0.0,2.257,0.0,,,,,,,,,,,,,,,,,,,,,""
9065014159,"May 13, 2023, 3:36:45 PM",Morning Run,Run,,3311,6.98,,,false,,,activities/9724850159.fit.gz,,,3311.0,2126.0,6980.3,4.553,3.283,12.8,105.0,13.3,17.5,9.8,0.0,,,95.0,90.0,,,,,336.0,,,,,,,,,,,,,,,,0.0,,1.0,7002.5,,,,,,,,,,,,,,,,,,,,,,,,,,0.0,2.108,826.9,,,,,,,,,,,,,,,,,,,,,""
9053265649,"May 11, 2023, 5:35:58 PM",Morning Run,Run,,819,1.76,,,false,,,activities/9712447469.fit.gz,,,819.0,755.0,1762.7,3.087,2.335,0.0,39.0,13.5,15.5,1.6,0.0,,,91.0,87.0,,,,,84.0,,,,,,,,,,,,,,,,0.0,,1.0,1764.3,,,,,,,,,,,,,,,,,,,,,,,,,,0.0,2.152,0.0,,,,,,,,,,,,,,,,,,,,,""
9053134524,"May 11, 2023, 5:06:46 PM",Morning Run,Run,,1321,4.82,,,false,,,activities/9712311277.fit.gz,,,1321.0,1321.0,4821.3,5.342,3.65,0.0,70.0,15.0,15.6,0.6,0.0,,,97.0,90.0,,,,,223.0,,,,,,,,,,,,,,,,0.0,,1.0,4823.6,,,,,,,,,,,,,,,,,,,,,,,,,,0.0,3.65,0.0,,,,,,,,,,,,,,,,,,,,,""
9052901334,"May 11, 2023, 4:38:13 PM",Morning Run,Run,,1152,3.24,,,false,,,activities/9712069436.fit.gz,,,1152.0,1067.0,3243.8,4.85,3.04,4.8,57.0,13.7,16.5,3.4,0.0,,,93.0,88.0,,,,,144.0,,,,,,,,,,,,,,,,0.0,,1.0,3248.5,,,,,,,,,,,,,,,,,,,,,,,,,,0.0,2.816,0.0,,,,,,,,,,,,,,,,,,,,,""
9041231626,"May 9, 2023, 5:47:10 PM",Morning Run,Run,,1329,3.21,,,false,,,activities/9699672720.fit.gz,,,1329.0,1260.0,3216.1,3.243,2.552,2.4,75.0,13.2,16.0,6.0,0.0,,,91.0,87.0,,,,,165.0,,,,,,,,,,,,,,,,0.0,,1.0,3217.4,,,,,,,,,,,,,,,,,,,,,,,,,,0.0,2.42,0.0,,,,,,,,,,,,,,,,,,,,,""
9040942552,"May 9, 2023, 5:16:02 PM",Morning Run,Run,,1053,3.58,,,false,,,activities/9699372020.fit.gz,,,1053.0,841.0,3588.6,6.683,4.267,0.0,64.0,15.3,16.1,1.1,0.0,,,114.0,91.0,,,,,164.0,,,,,,,,,,,,,,,,0.0,,1.0,3591.0,,,,,,,,,,,,,,,,,,,,,,,,,,0.0,3.408,0.0,,,,,,,,,,,,,,,,,,,,,""
9040686604,"May 9, 2023, 4:44:47 PM",Morning Run,Run,,974,3.22,,,false,,,activities/9699113803.fit.gz,,,974.0,974.0,3228.0,4.108,3.314,5.4,74.0,14.2,17.5,6.6,0.0,,,94.0,90.0,,,,,161.0,,,,,,,,,,,,,,,,0.0,,1.0,3232.4,,,,,,,,,,,,,,,,,,,,,,,,,,0.0,3.314,210.2,,,,,,,,,,,,,,,,,,,,,""
9029367976,"May 7, 2023, 4:30:21 PM",Morning Run,Run,,2477,8.04,,,false,,,activities/9687076654.fit.gz,,,2477.0,2363.0,8047.6,4.77,3.406,26.2,89.0,13.5,22.8,6.4,0.0,,,95.0,91.0,,,,,385.0,,,,,,,,,,,,,,,,0.0,,1.0,8083.5,,,,,,,,,,,,,,,,,,,,,,,,,,0.0,3.249,6062.8,,,,,,,,,,,,,,,,,,,,,""
9023745042,"May 6, 2023, 8:31:00 PM",Afternoon Elliptical,Elliptical,,2408,0,,,false,,,activities/9681079756.fit.gz,,,2408.0,2408.0,0.0,0.0,0.0,0.0,0.0,,,0.0,0.0,,,80.0,71.0,,,,,164.0,,,,,,,,,,,,,,,,0.0,,1.0,,,,,,,,,,,,,,,,,,,,,,,,,,,0.0,0.0,0.0,,,,,,,,,,,,,,,,,,,,,""
9016871162,"May 5, 2023, 6:06:33 PM",Lunch Run,Run,,2843,8.05,,,false,,,activities/9673809143.fit.gz,,,2843.0,2449.0,8056.4,6.048,3.29,3.7,230.0,14.8,18.6,1.2,0.0,,,94.0,89.0,,,,,368.0,,,,,,,,,,,,,,,,0.0,,1.0,8060.6,,,,,,,,,,,,,,,,,,,,,,,,,,0.0,2.834,0.0,,,,,,,,,,,,,,,,,,,,,""
9010953691,"May 4, 2023, 5:41:28 PM",Morning Run,Run,,1455,3.22,,,false,,,activities/9667559014.fit.gz,,,1455.0,1410.0,3228.1,2.92,2.289,0.0,85.0,14.6,15.8,1.6,0.0,,,92.0,88.0,,,,,166.0,,,,,,,,,,,,,,,,0.0,,1.0,3229.2,,,,,,,,,,,,,,,,,,,,,,,,,,0.0,2.219,0.0,,,,,,,,,,,,,,,,,,,,,""
9010952408,"May 4, 2023, 5:08:13 PM",Morning Run,Run,,1348,3.38,,,false,,,activities/9667557723.fit.gz,,,1348.0,1030.0,3385.3,7.032,3.287,0.0,48.0,15.3,16.1,1.2,0.0,,,108.0,84.0,,,,,194.0,,,,,,,,,,,,,,,,0.0,,1.0,3387.3,,,,,,,,,,,,,,,,,,,,,,,,,,0.0,2.511,0.0,,,,,,,,,,,,,,,,,,,,,""
9010951122,"May 4, 2023, 4:36:07 PM",Morning Run,Run,,968,3.29,,,false,,,activities/9667556353.fit.gz,,,968.0,956.0,3290.2,4.633,3.442,5.0,66.0,13.7,16.8,2.9,0.0,,,95.0,91.0,,,,,156.0,,,,,,,,,,,,,,,,0.0,,1.0,3295.2,,,,,,,,,,,,,,,,,,,,,,,,,,0.0,3.399,0.0,,,,,,,,,,,,,,,,,,,,,""
9004461150,"May 3, 2023, 4:23:53 PM",Morning Run,Run,,3092,9.68,,,false,,,activities/9660723795.fit.gz,,,3092.0,2766.0,9685.0,4.579,3.501,7.3,118.0,13.2,18.4,3.8,0.0,,,99.0,92.0,,,,,446.0,,,,,,,,,,,,,,,,0.0,,1.0,9695.2,,,,,,,,,,,,,,,,,,,,,,,,,,0.0,3.132,1687.2,,,,,,,,,,,,,,,,,,,,,""
8998099339,"May 2, 2023, 6:01:06 PM",Lunch Run,Run,,601,1.62,,,false,,,activities/9654003671.fit.gz,,,601.0,586.0,1622.8,4.394,2.769,0.0,32.0,14.9,15.5,0.8,0.0,,,95.0,90.0,,,,,84.0,,,,,,,,,,,,,,,,0.0,,1.0,1623.4,,,,,,,,,,,,,,,,,,,,,,,,,,0.0,2.7,0.0,,,,,,,,,,,,,,,,,,,,,""
8998098473,"May 2, 2023, 5:35:23 PM",Morning Run,Run,,902,3.69,,,false,,,activities/9654002684.fit.gz,,,902.0,902.0,3692.6,5.666,4.094,0.0,41.0,14.6,16.0,0.7,0.0,,,96.0,91.0,,,,,170.0,,,,,,,,,,,,,,,,0.0,,1.0,3695.0,,,,,,,,,,,,,,,,,,,,,,,,,,0.0,4.094,0.0,,,,,,,,,,,,,,,,,,,,,""
8997739445,"May 2, 2023, 5:07:40 PM",Morning Run,Run,,1108,3.22,,,false,,,activities/9653625471.fit.gz,,,1108.0,1019.0,3224.3,4.053,3.164,5.5,73.0,14.1,17.5,2.4,0.0,,,96.0,91.0,,,,,154.0,,,,,,,,,,,,,,,,0.0,,1.0,3228.5,,,,,,,,,,,,,,,,,,,,,,,,,,0.0,2.91,222.0,,,,,,,,,,,,,,,,,,,,,""
8981155843,"Apr 30, 2023, 1:51:33 AM",Evening Run,Run,,4185,8.76,,,false,,,activities/9635958546.fit.gz,,,4185.0,2873.0,8762.5,3.836,3.05,13.6,205.0,14.2,17.7,6.3,0.0,,,94.0,91.0,,,,,387.0,,,,,,,,,,,,,,,,0.0,,1.0,8776.9,,,,,,,,,,,,,,,,,,,,,,,,,,0.0,2.094,558.6,,,,,,,,,,,,,,,,,,,,,""
8975063273,"Apr 29, 2023, 2:01:58 AM",Evening Run,Run,,824,1.70,,,false,,,activities/9629502447.fit.gz,,,824.0,703.0,1700.1,2.97,2.418,2.0,49.0,13.5,15.6,1.3,0.0,,,93.0,88.0,,,,,88.0,,,,,,,,,,,,,,,,0.0,,1.0,1701.2,,,,,,,,,,,,,,,,,,,,,,,,,,0.0,2.063,0.0,,,,,,,,,,,,,,,,,,,,,""
8967427470,"Apr 27, 2023, 4:24:59 PM",Morning Run,Run,,1553,4.83,,,false,,,activities/9621412304.fit.gz,,,1553.0,1485.0,4832.2,4.135,3.254,6.1,84.0,12.9,17.5,11.6,0.0,,,93.0,90.0,,,,,229.0,,,,,,,,,,,,,,,,0.0,,1.0,4849.3,,,,,,,,,,,,,,,,,,,,,,,,,,0.0,3.112,402.5,,,,,,,,,,,,,,,,,,,,,""
8961418776,"Apr 26, 2023, 4:04:50 PM",Morning Run,Run,,2308,5.77,,,false,,,activities/9615067764.fit.gz,,,2308.0,1946.0,5775.2,3.569,2.968,2.7,109.0,14.5,17.3,3.9,0.0,,,94.0,90.0,,,,,270.0,,,,,,,,,,,,,,,,0.0,,1.0,5779.0,,,,,,,,,,,,,,,,,,,,,,,,,,0.0,2.502,0.0,,,,,,,,,,,,,,,,,,,,,""
8956097776,"Apr 25, 2023, 6:04:02 PM",Lunch Run,Run,,1524,2.62,,,false,,,activities/9609417222.fit.gz,,,1524.0,1146.0,2627.4,3.082,2.293,2.6,51.0,13.2,15.8,1.0,0.0,,,93.0,88.0,,,,,147.0,,,,,,,,,,,,,,,,0.0,,1.0,2629.2,,,,,,,,,,,,,,,,,,,,,,,,,,0.0,1.724,0.0,,,,,,,,,,,,,,,,,,,,,""
8956096496,"Apr 25, 2023, 5:44:27 PM",Morning Run,Run,,634,2.33,,,false,,,activities/9609415866.fit.gz,,,634.0,634.0,2330.1,6.598,3.675,0.0,31.0,15.3,16.1,0.8,0.0,,,100.0,91.0,,,,,105.0,,,,,,,,,,,,,,,,0.0,,1.0,2331.6,,,,,,,,,,,,,,,,,,,,,,,,,,0.0,3.675,0.0,,,,,,,,,,,,,,,,,,,,,""
8955685553,"Apr 25, 2023, 5:15:47 PM",Morning Run,Run,,1034,3.22,,,false,,,activities/9608986384.fit.gz,,,1034.0,1022.0,3223.5,4.128,3.154,3.3,89.0,14.1,17.5,2.4,0.0,,,93.0,90.0,,,,,162.0,,,,,,,,,,,,,,,,0.0,,1.0,3226.9,,,,,,,,,,,,,,,,,,,,,,,,,,0.0,3.118,239.4,,,,,,,,,,,,,,,,,,,,,""
8951655658,"Apr 24, 2023, 7:09:52 PM",Lunch Swim,Swim,,1278,686,,,false,,,activities/9604711035.fit.gz,,,1278.0,878.0,685.8,1.76,0.781,0.0,0.0,,,0.0,0.0,,,,27.0,,,,,108.0,,,,,,,,,,,,,,,,0.0,,1.0,,,,,,,,,,,,,,,,,,,,,,,,,,,0.0,0.537,0.0,,,,,,,,,,,,,,,,,,,,,""
8938055158,"Apr 22, 2023, 4:27:23 PM",Morning Run,Run,,3282,9.66,,,false,,,activities/9589992669.fit.gz,,,3282.0,2957.0,9662.7,4.409,3.268,4.3,70.0,10.5,15.1,8.9,0.0,,,99.0,92.0,,,,,467.0,,,,,,,,,,,,,,,,0.0,,1.0,9667.9,,,,,,,,,,,,,,,,,,,,,,,,,,0.0,2.944,5052.4,,,,,,,,,,,,,,,,,,,,,""
8932137530,"Apr 21, 2023, 5:36:36 PM",Morning Run,Run,,3209,8.06,,,false,,,activities/9583733255.fit.gz,,,3209.0,2480.0,8064.1,4.058,3.252,3.4,158.0,14.9,18.3,3.2,0.0,,,94.0,91.0,,,,,382.0,,,,,,,,,,,,,,,,0.0,,1.0,8073.1,,,,,,,,,,,,,,,,,,,,,,,,,,0.0,2.513,0.0,,,,,,,,,,,,,,,,,,,,,""
8926788064,"Apr 20, 2023, 6:29:34 PM",Lunch Run,Run,,1961,3.26,,,false,,,activities/9578068956.fit.gz,,,1961.0,1566.0,3264.0,3.238,2.084,0.0,77.0,13.5,15.7,2.0,0.0,,,93.0,88.0,,,,,161.0,,,,,,,,,,,,,,,,0.0,,1.0,3265.7,,,,,,,,,,,,,,,,,,,,,,,,,,0.0,1.664,0.0,,,,,,,,,,,,,,,,,,,,,""
8926432863,"Apr 20, 2023, 5:48:25 PM",Morning Run,Run,,1460,3.75,,,false,,,activities/9577695786.fit.gz,,,1460.0,1094.0,3757.5,7.192,3.435,0.0,47.0,15.3,16.1,0.9,0.0,,,104.0,87.0,,,,,213.0,,,,,,,,,,,,,,,,0.0,,1.0,3759.9,,,,,,,,,,,,,,,,,,,,,,,,,,0.0,2.574,0.0,,,,,,,,,,,,,,,,,,,,,""
8926135010,"Apr 20, 2023, 5:16:50 PM",Morning Run,Run,,991,3.22,,,false,,,activities/9577382000.fit.gz,,,991.0,991.0,3223.9,4.113,3.253,6.6,69.0,13.8,17.7,3.3,0.0,,,95.0,92.0,,,,,162.0,,,,,,,,,,,,,,,,0.0,,1.0,3230.5,,,,,,,,,,,,,,,,,,,,,,,,,,0.0,3.253,511.6,,,,,,,,,,,,,,,,,,,,,""
8919804280,"Apr 19, 2023, 3:41:25 PM",Morning Run,Run,,2833,8.22,,,false,,,activities/9570744855.fit.gz,,,2833.0,2564.0,8223.5,4.155,3.207,11.0,164.0,13.2,19.7,3.8,0.0,,,94.0,91.0,,,,,373.0,,,,,,,,,,,,,,,,0.0,,1.0,8236.7,,,,,,,,,,,,,,,,,,,,,,,,,,0.0,2.903,1714.4,,,,,,,,,,,,,,,,,,,,,""
8914795571,"Apr 18, 2023, 6:06:22 PM",Lunch Run,Run,,1527,3.29,,,false,,,activities/9565472324.fit.gz,,,1527.0,1360.0,3295.6,3.38,2.423,0.0,59.0,14.0,15.9,1.6,0.0,,,93.0,87.0,,,,,153.0,,,,,,,,,,,,,,,,0.0,,1.0,3297.7,,,,,,,,,,,,,,,,,,,,,,,,,,0.0,2.158,0.0,,,,,,,,,,,,,,,,,,,,,""
8914278488,"Apr 18, 2023, 5:34:02 PM",Morning Run,Run,,1144,4.32,,,false,,,activities/9564933716.fit.gz,,,1144.0,1144.0,4322.0,6.024,3.778,0.0,29.0,15.0,15.6,0.8,0.0,,,99.0,92.0,,,,,193.0,,,,,,,,,,,,,,,,0.0,,1.0,4324.1,,,,,,,,,,,,,,,,,,,,,,,,,,0.0,3.778,0.0,,,,,,,,,,,,,,,,,,,,,""
8914003914,"Apr 18, 2023, 5:04:19 PM",Morning Run,Run,,1124,3.22,,,false,,,activities/9564646833.fit.gz,,,1124.0,1040.0,3228.9,3.804,3.105,0.0,77.0,15.7,17.5,1.5,0.0,,,108.0,90.0,,,,,152.0,,,,,,,,,,,,,,,,0.0,,1.0,3230.6,,,,,,,,,,,,,,,,,,,,,,,,,,0.0,2.873,0.0,,,,,,,,,,,,,,,,,,,,,""
8904638333,"Apr 17, 2023, 12:25:26 AM",Afternoon Run,Run,,6011,16.10,,,false,,,activities/9554732797.fit.gz,,,6011.0,4600.0,16100.7,4.394,3.5,11.6,251.0,13.3,18.6,3.7,0.0,,,97.0,92.0,,,,,725.0,,,,,,,,,,,,,,,,0.0,,1.0,16116.3,,,,,,,,,,,,,,,,,,,,,,,,,,0.0,2.679,314.2,,,,,,,,,,,,,,,,,,,,,""
8890610600,"Apr 14, 2023, 5:00:46 PM",Morning Run,Run,,4488,11.27,,,false,,,activities/9539786786.fit.gz,,,4488.0,3390.0,11274.6,4.263,3.326,0.0,112.0,13.3,15.5,1.6,0.0,,,105.0,93.0,,,,,518.0,,,,,,,,,,,,,,,,0.0,,1.0,11279.1,,,,,,,,,,,,,,,,,,,,,,,,,,0.0,2.512,7373.2,,,,,,,,,,,,,,,,,,,,,""
8885544913,"Apr 13, 2023, 6:23:14 PM",Lunch Run,Run,,897,1.95,,,false,,,activities/9534412428.fit.gz,,,897.0,772.0,1954.2,3.271,2.531,2.0,47.0,13.7,15.8,1.3,0.0,,,95.0,92.0,,,,,109.0,,,,,,,,,,,,,,,,0.0,,1.0,1955.7,,,,,,,,,,,,,,,,,,,,,,,,,,0.0,2.179,0.0,,,,,,,,,,,,,,,,,,,,,""
8885141832,"Apr 13, 2023, 5:45:50 PM",Morning Run,Run,,1496,3.91,,,false,,,activities/9533992998.fit.gz,,,1496.0,966.0,3909.6,6.498,4.047,0.0,63.0,15.3,16.1,1.4,0.0,,,103.0,89.0,,,,,159.0,,,,,,,,,,,,,,,,0.0,,1.0,3911.9,,,,,,,,,,,,,,,,,,,,,,,,,,0.0,2.613,0.0,,,,,,,,,,,,,,,,,,,,,""
8884852440,"Apr 13, 2023, 5:15:34 PM",Morning Run,Run,,1047,3.23,,,false,,,activities/9533686704.fit.gz,,,1047.0,1039.0,3230.3,4.214,3.109,3.2,75.0,14.1,17.5,3.2,0.0,,,96.0,92.0,,,,,161.0,,,,,,,,,,,,,,,,0.0,,1.0,3233.7,,,,,,,,,,,,,,,,,,,,,,,,,,0.0,3.085,218.2,,,,,,,,,,,,,,,,,,,,,""
8878785042,"Apr 12, 2023, 3:44:48 PM",Morning Run,Run,,3129,8.05,,,false,,,activities/9527248927.fit.gz,,,3129.0,2497.0,8053.4,4.003,3.225,7.0,129.0,14.9,19.7,4.2,0.0,,,98.0,93.0,,,,,377.0,,,,,,,,,,,,,,,,0.0,,1.0,8065.2,,,,,,,,,,,,,,,,,,,,,,,,,,0.0,2.574,1060.8,,,,,,,,,,,,,,,,,,,,,""
8873334814,"Apr 11, 2023, 5:48:57 PM",Morning Run,Run,,1312,3.24,,,false,,,activities/9520960720.fit.gz,,,1312.0,1106.0,3241.6,3.502,2.931,2.5,41.0,13.3,15.9,2.0,0.0,,,94.0,90.0,,,,,161.0,,,,,,,,,,,,,,,,0.0,,1.0,3243.4,,,,,,,,,,,,,,,,,,,,,,,,,,0.0,2.471,0.0,,,,,,,,,,,,,,,,,,,,,""
8873107942,"Apr 11, 2023, 5:17:05 PM",Morning Run,Run,,1301,5.04,,,false,,,activities/9520724776.fit.gz,,,1301.0,1301.0,5046.8,5.984,3.879,0.0,60.0,14.6,15.8,0.7,0.0,,,97.0,91.0,,,,,240.0,,,,,,,,,,,,,,,,0.0,,1.0,5049.5,,,,,,,,,,,,,,,,,,,,,,,,,,0.0,3.879,0.0,,,,,,,,,,,,,,,,,,,,,""
8873098838,"Apr 11, 2023, 4:51:47 PM",Morning Run,Run,,921,3.20,,,false,,,activities/9520715254.fit.gz,,,921.0,921.0,3202.8,4.416,3.478,0.0,69.0,15.6,17.5,1.5,0.0,,,95.0,92.0,,,,,152.0,,,,,,,,,,,,,,,,0.0,,1.0,3204.9,,,,,,,,,,,,,,,,,,,,,,,,,,0.0,3.478,0.0,,,,,,,,,,,,,,,,,,,,,""
8861540510,"Apr 9, 2023, 4:31:08 PM",Morning Run,Run,,2867,9.68,,,false,,,activities/9508467187.fit.gz,,,2867.0,2855.0,9683.4,3.92,3.392,6.4,103.0,10.5,15.1,4.2,0.0,,,95.0,92.0,,,,,487.0,,,,,,,,,,,,,,,,0.0,,1.0,9690.1,,,,,,,,,,,,,,,,,,,,,,,,,,0.0,3.378,5044.4,,,,,,,,,,,,,,,,,,,,,""
8856823990,"Apr 8, 2023, 10:48:42 PM",Afternoon Run,Run,,977,2.43,,,false,,,activities/9503459281.fit.gz,,,977.0,977.0,2430.9,3.25,2.488,22.5,92.0,61.5,84.9,5.6,0.0,,,97.0,90.0,,,,,127.0,,,,,,,,,,,,,,,,0.0,,1.0,2466.8,,,,,,,,,,,,,,,,,,,,,,,,,,0.0,2.488,107.0,,,,,,,,,,,,,,,,,,,,,""
8856678085,"Apr 8, 2023, 8:25:55 PM",Afternoon Run,Run,,1263,1.39,,,false,,,activities/9503305589.fit.gz,,,1263.0,566.0,1390.9,3.353,2.457,13.9,72.0,61.4,76.5,5.6,0.0,,,93.0,89.0,,,,,78.0,,,,,,,,,,,,,,,,0.0,,1.0,1409.6,,,,,,,,,,,,,,,,,,,,,,,,,,0.0,1.101,161.6,,,,,,,,,,,,,,,,,,,,,""
8856244427,"Apr 8, 2023, 7:15:55 PM",Lunch Run,Run,,917,2.79,,,false,,,activities/9502844125.fit.gz,,,917.0,906.0,2791.1,4.275,3.081,32.0,89.0,61.7,94.0,5.8,0.0,,,94.0,90.0,,,,,142.0,,,,,,,,,,,,,,,,0.0,,1.0,2829.1,,,,,,,,,,,,,,,,,,,,,,,,,,0.0,3.044,59.9,,,,,,,,,,,,,,,,,,,,,""
8849495002,"Apr 7, 2023, 4:58:29 PM",Morning Run,Run,,2720,4.93,,,false,,,activities/9495700047.fit.gz,,,2720.0,1578.0,4936.6,6.556,3.128,8.8,121.0,13.3,17.5,3.2,0.0,,,104.0,93.0,,,,,231.0,,,,,,,,,,,,,,,,0.0,,1.0,4946.6,,,,,,,,,,,,,,,,,,,,,,,,,,0.0,1.815,1367.0,,,,,,,,,,,,,,,,,,,,,""
8843730596,"Apr 6, 2023, 5:28:20 PM",Morning Run,Run,,1279,2.42,,,false,,,activities/9489679225.fit.gz,,,1279.0,925.0,2421.9,3.716,2.618,0.0,33.0,14.6,15.7,0.6,0.0,,,94.0,90.0,,,,,113.0,,,,,,,,,,,,,,,,0.0,,1.0,2423.0,,,,,,,,,,,,,,,,,,,,,,,,,,0.0,1.894,0.0,,,,,,,,,,,,,,,,,,,,,""
8843594389,"Apr 6, 2023, 5:14:19 PM",Morning Run,Run,,665,2.72,,,false,,,activities/9489536789.fit.gz,,,665.0,665.0,2720.8,5.723,4.091,0.0,20.0,15.2,16.1,0.7,0.0,,,97.0,93.0,,,,,121.0,,,,,,,,,,,,,,,,0.0,,1.0,2722.3,,,,,,,,,,,,,,,,,,,,,,,,,,0.0,4.091,0.0,,,,,,,,,,,,,,,,,,,,,""
8843482777,"Apr 6, 2023, 4:49:02 PM",Morning Run,Run,,1067,3.23,,,false,,,activities/9489419468.fit.gz,,,1067.0,1067.0,3230.3,3.786,3.027,0.0,60.0,15.6,17.5,1.5,0.0,,,94.0,90.0,,,,,158.0,,,,,,,,,,,,,,,,0.0,,1.0,3231.8,,,,,,,,,,,,,,,,,,,,,,,,,,0.0,3.027,0.0,,,,,,,,,,,,,,,,,,,,,""
8838852466,"Apr 5, 2023, 6:24:02 PM",Lunch Ride,Ride,,2160,0,,,false,,,activities/9484516198.fit.gz,,,2160.0,2160.0,0.0,0.0,0.0,0.0,0.0,,,0.0,0.0,,,,,,,,,91.0,,,,,,,,,,,,,,,,0.0,,1.0,,,,,,,,,,,,,,,,,,,,,,,,,,,0.0,0.0,0.0,,,,,,,,,,,,,,,,,,,,,""
8838454165,"Apr 5, 2023, 5:12:42 PM",Morning Run,Run,,2377,6.48,,,false,,,activities/9484106959.fit.gz,,,2377.0,2056.0,6486.4,3.803,3.155,4.0,65.0,14.6,18.6,4.3,0.0,,,97.0,93.0,,,,,295.0,,,,,,,,,,,,,,,,0.0,,1.0,6492.2,,,,,,,,,,,,,,,,,,,,,,,,,,0.0,2.729,0.0,,,,,,,,,,,,,,,,,,,,,""
8832679524,"Apr 4, 2023, 6:12:26 PM",Lunch Run,Run,,1552,3.37,,,false,,,activities/9478054537.fit.gz,,,1552.0,1324.0,3377.0,3.481,2.551,2.5,53.0,13.1,15.7,2.9,0.0,,,93.0,90.0,,,,,160.0,,,,,,,,,,,,,,,,0.0,,1.0,3379.1,,,,,,,,,,,,,,,,,,,,,,,,,,0.0,2.176,0.0,,,,,,,,,,,,,,,,,,,,,""
8832330798,"Apr 4, 2023, 5:17:30 PM",Morning Run,Run,,2266,7.09,,,false,,,activities/9477691391.fit.gz,,,2266.0,1653.0,7089.9,6.256,4.289,0.0,71.0,15.2,16.0,0.9,0.0,,,123.0,92.0,,,,,322.0,,,,,,,,,,,,,,,,0.0,,1.0,7094.5,,,,,,,,,,,,,,,,,,,,,,,,,,0.0,3.129,0.0,,,,,,,,,,,,,,,,,,,,,""
8831913344,"Apr 4, 2023, 4:51:09 PM",Morning Run,Run,,808,2.44,,,false,,,activities/9477255253.fit.gz,,,808.0,808.0,2447.7,3.904,3.029,0.0,63.0,15.6,17.5,1.4,0.0,,,94.0,91.0,,,,,123.0,,,,,,,,,,,,,,,,0.0,,1.0,2449.4,,,,,,,,,,,,,,,,,,,,,,,,,,0.0,3.029,0.0,,,,,,,,,,,,,,,,,,,,,""
8821645258,"Apr 2, 2023, 4:34:29 PM",Morning Run,Run,,4948,16.10,,,false,,,activities/9466461146.fit.gz,,,4948.0,4452.0,16107.9,4.318,3.618,11.6,147.0,8.3,16.1,5.5,0.0,,,95.0,91.0,,,,,776.0,,,,,,,,,,,,,,,,0.0,,1.0,16117.3,,,,,,,,,,,,,,,,,,,,,,,,,,0.0,3.255,9352.7,,,,,,,,,,,,,,,,,,,,,""
8814862388,"Apr 1, 2023, 4:55:44 PM",Morning Run,Run,,4347,11.27,,,false,,,activities/9459273917.fit.gz,,,4347.0,3532.0,11274.1,3.834,3.192,6.5,141.0,14.3,18.8,2.4,0.0,,,97.0,92.0,,,,,528.0,,,,,,,,,,,,,,,,0.0,,1.0,11283.1,,,,,,,,,,,,,,,,,,,,,,,,,,0.0,2.594,537.9,,,,,,,,,,,,,,,,,,,,,""
8809859797,"Mar 31, 2023, 8:18:18 PM",Afternoon Run,Run,,1713,4.83,,,false,,,activities/9454012994.fit.gz,,,1713.0,1590.0,4838.4,3.63,3.043,31.7,80.0,13.2,29.8,6.2,0.0,,,94.0,91.0,,,,,223.0,,,,,,,,,,,,,,,,0.0,,1.0,4864.0,,,,,,,,,,,,,,,,,,,,,,,,,,0.0,2.825,612.1,,,,,,,,,,,,,,,,,,,,,""
8809538763,"Mar 31, 2023, 6:14:49 PM",Lunch Run,Run,,1904,4.33,,,false,,,activities/9453676575.fit.gz,,,1904.0,1495.0,4331.2,3.6,2.897,45.3,69.0,10.1,29.8,14.6,0.0,,,95.0,91.0,,,,,221.0,,,,,,,,,,,,,,,,0.0,,1.0,4407.1,,,,,,,,,,,,,,,,,,,,,,,,,,0.0,2.275,1169.3,,,,,,,,,,,,,,,,,,,,,""
8809244603,"Mar 31, 2023, 5:04:00 PM",Morning Run,Run,,1322,2.77,,,false,,,activities/9453367745.fit.gz,,,1322.0,910.0,2776.0,4.808,3.051,15.6,61.0,18.9,26.3,11.0,0.0,,,93.0,90.0,,,,,138.0,,,,,,,,,,,,,,,,0.0,,1.0,2799.3,,,,,,,,,,,,,,,,,,,,,,,,,,0.0,2.1,604.8,,,,,,,,,,,,,,,,,,,,,""
8804564414,"Mar 30, 2023, 5:51:40 PM",Morning Run,Run,,3247,5.20,,,false,,,activities/9448452324.fit.gz,,,3247.0,1475.0,5205.4,6.996,3.529,5.9,72.0,12.9,17.5,6.1,0.0,,,108.0,92.0,,,,,234.0,,,,,,,,,,,,,,,,0.0,,1.0,5220.2,,,,,,,,,,,,,,,,,,,,,,,,,,0.0,1.603,0.0,,,,,,,,,,,,,,,,,,,,,""
8798787329,"Mar 29, 2023, 5:01:36 PM",Morning Run,Run,,2705,8.05,,,false,,,activities/9442376242.fit.gz,,,2705.0,2603.0,8050.6,4.514,3.093,3.2,75.0,10.5,13.8,1.2,0.0,,,97.0,92.0,,,,,391.0,,,,,,,,,,,,,,,,0.0,,1.0,8054.5,,,,,,,,,,,,,,,,,,,,,,,,,,0.0,2.976,3934.2,,,,,,,,,,,,,,,,,,,,,""
8787519708,"Mar 27, 2023, 5:48:40 PM",Morning Run,Run,,2282,4.03,,,false,,,activities/9430535300.fit.gz,,,2282.0,1579.0,4031.6,3.373,2.553,2.4,62.0,13.2,15.6,1.0,0.0,,,99.0,92.0,,,,,193.0,,,,,,,,,,,,,,,,0.0,,1.0,4033.7,,,,,,,,,,,,,,,,,,,,,,,,,,0.0,1.767,0.0,,,,,,,,,,,,,,,,,,,,,""
8787518062,"Mar 27, 2023, 5:07:58 PM",Morning Run,Run,,1639,4.49,,,false,,,activities/9430533654.fit.gz,,,1639.0,1170.0,4491.8,6.418,3.839,0.0,78.0,15.3,16.1,1.2,0.0,,,107.0,87.0,,,,,223.0,,,,,,,,,,,,,,,,0.0,,1.0,4495.1,,,,,,,,,,,,,,,,,,,,,,,,,,0.0,2.741,0.0,,,,,,,,,,,,,,,,,,,,,""
8786824127,"Mar 27, 2023, 4:34:14 PM",Morning Run,Run,,1009,3.22,,,false,,,activities/9429814515.fit.gz,,,1009.0,984.0,3220.5,4.078,3.273,0.0,71.0,15.6,17.5,1.8,0.0,,,95.0,91.0,,,,,160.0,,,,,,,,,,,,,,,,0.0,,1.0,3221.9,,,,,,,,,,,,,,,,,,,,,,,,,,0.0,3.192,0.0,,,,,,,,,,,,,,,,,,,,,""
8782178078,"Mar 26, 2023, 4:29:37 PM",Morning Run,Run,,3088,9.92,,,false,,,activities/9424884833.fit.gz,,,3088.0,2907.0,9923.8,4.21,3.414,4.8,120.0,13.3,16.4,3.2,0.0,,,107.0,91.0,,,,,462.0,,,,,,,,,,,,,,,,0.0,,1.0,9929.2,,,,,,,,,,,,,,,,,,,,,,,,,,0.0,3.214,2228.0,,,,,,,,,,,,,,,,,,,,,""
8776434347,"Mar 25, 2023, 5:40:57 PM",Morning Run,Run,,1562,4.09,,,false,,,activities/9418804907.fit.gz,,,1562.0,1506.0,4091.7,3.472,2.717,0.0,70.0,14.7,15.9,1.5,0.0,,,96.0,92.0,,,,,198.0,,,,,,,,,,,,,,,,0.0,,1.0,4093.5,,,,,,,,,,,,,,,,,,,,,,,,,,0.0,2.62,0.0,,,,,,,,,,,,,,,,,,,,,""
8776142761,"Mar 25, 2023, 5:06:29 PM",Morning Run,Run,,1504,5.70,,,false,,,activities/9418496664.fit.gz,,,1504.0,1504.0,5701.3,6.132,3.791,0.0,52.0,15.1,15.9,1.0,0.0,,,99.0,92.0,,,,,263.0,,,,,,,,,,,,,,,,0.0,,1.0,5702.6,,,,,,,,,,,,,,,,,,,,,,,,,,0.0,3.791,5701.3,,,,,,,,,,,,,,,,,,,,,""
8775887851,"Mar 25, 2023, 4:34:44 PM",Morning Run,Run,,1218,3.22,,,false,,,activities/9418226788.fit.gz,,,1218.0,1114.0,3221.1,3.338,2.891,0.0,44.0,15.1,15.9,0.7,0.0,,,97.0,94.0,,,,,151.0,,,,,,,,,,,,,,,,0.0,,1.0,3222.0,,,,,,,,,,,,,,,,,,,,,,,,,,0.0,2.645,3068.9,,,,,,,,,,,,,,,,,,,,,""
8770871644,"Mar 24, 2023, 6:33:57 PM",Lunch Run,Run,,4771,12.08,,,false,,,activities/9412881594.fit.gz,,,4771.0,3499.0,12082.8,5.772,3.453,10.3,172.0,13.1,18.6,3.5,0.0,,,100.0,94.0,,,,,517.0,,,,,,,,,,,,,,,,0.0,,1.0,12091.2,,,,,,,,,,,,,,,,,,,,,,,,,,0.0,2.533,0.0,,,,,,,,,,,,,,,,,,,,,""
8766676229,"Mar 23, 2023, 10:46:23 PM",Afternoon Ride,Ride,,1801,0,,,false,,,activities/9408468750.fit.gz,,,1801.0,1801.0,0.0,0.0,0.0,0.0,0.0,,,0.0,0.0,,,,,,,,,105.0,,,,,,,,,,,,,,,,0.0,,1.0,,,,,,,,,,,,,,,,,,,,,,,,,,,0.0,0.0,0.0,,,,,,,,,,,,,,,,,,,,,""
8766295603,"Mar 23, 2023, 8:50:12 PM",Afternoon Run,Run,,3452,9.70,,,false,,,activities/9408070686.fit.gz,,,3452.0,3038.0,9699.7,4.319,3.193,7.4,230.0,13.5,18.6,3.0,0.0,,,98.0,94.0,,,,,438.0,,,,,,,,,,,,,,,,0.0,,1.0,9707.9,,,,,,,,,,,,,,,,,,,,,,,,,,0.0,2.81,0.0,,,,,,,,,,,,,,,,,,,,,""
8761387600,"Mar 22, 2023, 11:33:58 PM",Afternoon Run,Run,,2752,6.06,,,false,,,activities/9402920213.fit.gz,,,2752.0,2142.0,6063.8,3.742,2.831,2.1,115.0,14.2,17.5,1.6,0.0,,,114.0,93.0,,,,,286.0,,,,,,,,,,,,,,,,0.0,,1.0,6067.0,,,,,,,,,,,,,,,,,,,,,,,,,,0.0,2.203,0.0,,,,,,,,,,,,,,,,,,,,,""
8761142781,"Mar 22, 2023, 10:57:25 PM",Afternoon Run,Run,,1157,3.35,,,false,,,activities/9402668478.fit.gz,,,1157.0,801.0,3349.4,6.84,4.182,0.0,45.0,15.3,16.1,1.3,0.0,,,106.0,91.0,,,,,169.0,,,,,,,,,,,,,,,,0.0,,1.0,3351.8,,,,,,,,,,,,,,,,,,,,,,,,,,0.0,2.895,0.0,,,,,,,,,,,,,,,,,,,,,""
8761012159,"Mar 22, 2023, 10:23:25 PM",Afternoon Run,Run,,1406,3.97,,,false,,,activities/9402533995.fit.gz,,,1406.0,1320.0,3978.7,4.258,3.014,2.2,91.0,15.2,17.5,1.9,0.0,,,96.0,93.0,,,,,187.0,,,,,,,,,,,,,,,,0.0,,1.0,3981.0,,,,,,,,,,,,,,,,,,,,,,,,,,0.0,2.83,0.0,,,,,,,,,,,,,,,,,,,,,""
8754736673,"Mar 21, 2023, 7:48:21 PM",Lunch Run,Run,,3501,8.50,,,false,,,activities/9395968151.fit.gz,,,3501.0,3501.0,8505.1,3.008,2.429,0.0,0.0,,,0.0,0.0,,,94.0,86.0,,,,,410.0,,,,,,,,,,,,,,,,0.0,,1.0,,,,,,,,,,,,,,,,,,,,,,,,,,,0.0,2.429,0.0,,,,,,,,,,,,,,,,,,,,,""
8747692533,"Mar 20, 2023, 4:24:20 PM",Morning Run,Run,,5213,16.10,,,false,,,activities/9388615806.fit.gz,,,5213.0,4487.0,16100.9,4.658,3.588,32.3,148.0,13.2,22.8,15.6,0.0,,,97.0,93.0,,,,,761.0,,,,,,,,,,,,,,,,0.0,,1.0,16168.1,,,,,,,,,,,,,,,,,,,,,,,,,,0.0,3.089,10081.7,,,,,,,,,,,,,,,,,,,,,""
8737602770,"Mar 18, 2023, 7:28:50 PM",Lunch Run,Run,,7555,9.96,,,false,,,activities/9377945583.fit.gz,,,7555.0,3498.0,9960.8,4.134,2.848,22.9,206.0,15.0,28.8,4.5,0.0,,,96.0,92.0,,,,,466.0,,,,,,,,,,,,,,,,0.0,,1.0,9980.2,,,,,,,,,,,,,,,,,,,,,,,,,,0.0,1.318,0.0,,,,,,,,,,,,,,,,,,,,,""
8731976248,"Mar 17, 2023, 10:12:23 PM",Afternoon Run,Run,,4400,5.09,,,false,,,activities/9372000001.fit.gz,,,4400.0,1521.0,5093.2,6.135,3.349,7.0,87.0,13.6,18.6,3.7,0.0,,,101.0,93.0,,,,,237.0,,,,,,,,,,,,,,,,0.0,,1.0,5101.3,,,,,,,,,,,,,,,,,,,,,,,,,,0.0,1.158,0.0,,,,,,,,,,,,,,,,,,,,,""
8726717811,"Mar 16, 2023, 9:54:42 PM",Afternoon Run,Run,,2868,8.04,,,false,,,activities/9366451113.fit.gz,,,2868.0,2539.0,8048.0,4.607,3.17,12.2,133.0,13.2,18.4,3.9,0.0,,,97.0,92.0,,,,,378.0,,,,,,,,,,,,,,,,0.0,,1.0,8060.3,,,,,,,,,,,,,,,,,,,,,,,,,,0.0,2.806,0.0,,,,,,,,,,,,,,,,,,,,,""
8721671514,"Mar 15, 2023, 11:28:01 PM",Afternoon Run,Run,,2516,4.83,,,false,,,activities/9361146726.fit.gz,,,2516.0,1813.0,4835.1,3.45,2.667,2.7,63.0,13.2,16.0,1.8,0.0,,,97.0,91.0,,,,,238.0,,,,,,,,,,,,,,,,0.0,,1.0,4837.9,,,,,,,,,,,,,,,,,,,,,,,,,,0.0,1.922,0.0,,,,,,,,,,,,,,,,,,,,,""
8721345538,"Mar 15, 2023, 10:51:32 PM",Afternoon Run,Run,,1609,3.71,,,false,,,activities/9360804079.fit.gz,,,1609.0,1076.0,3712.6,8.155,3.45,0.0,46.0,15.3,16.1,1.1,0.0,,,113.0,88.0,,,,,215.0,,,,,,,,,,,,,,,,0.0,,1.0,3714.8,,,,,,,,,,,,,,,,,,,,,,,,,,0.0,2.307,0.0,,,,,,,,,,,,,,,,,,,,,""
8721153718,"Mar 15, 2023, 10:15:51 PM",Afternoon Run,Run,,1309,4.06,,,false,,,activities/9360604455.fit.gz,,,1309.0,1278.0,4068.9,4.772,3.184,2.6,84.0,14.8,17.5,1.5,0.0,,,94.0,91.0,,,,,197.0,,,,,,,,,,,,,,,,0.0,,1.0,4071.4,,,,,,,,,,,,,,,,,,,,,,,,,,0.0,3.108,0.0,,,,,,,,,,,,,,,,,,,,,""
8715486306,"Mar 14, 2023, 9:22:06 PM",Afternoon Run,Run,,3758,11.27,,,false,,,activities/9354630723.fit.gz,,,3758.0,3239.0,11273.6,4.57,3.481,5.1,256.0,13.6,16.7,2.9,0.0,,,97.0,91.0,,,,,534.0,,,,,,,,,,,,,,,,0.0,,1.0,11283.3,,,,,,,,,,,,,,,,,,,,,,,,,,0.0,3.0,0.0,,,,,,,,,,,,,,,,,,,,,""
8704160596,"Mar 12, 2023, 4:39:13 PM",Morning Run,Run,,5461,14.49,,,false,,,activities/9342571471.fit.gz,,,5461.0,4308.0,14491.8,4.485,3.364,13.5,93.0,5.3,13.0,13.4,0.0,,,96.0,92.0,,,,,682.0,,,,,,,,,,,,,,,,0.0,,1.0,14519.4,,,,,,,,,,,,,,,,,,,,,,,,,,0.0,2.654,9755.8,,,,,,,,,,,,,,,,,,,,,""
8698712738,"Mar 11, 2023, 8:52:43 PM",Lunch Run,Run,,3197,6.50,,,false,,,activities/9336825708.fit.gz,,,3197.0,2432.0,6508.0,3.819,2.676,3.6,149.0,12.6,16.3,1.4,0.0,,,95.0,91.0,,,,,329.0,,,,,,,,,,,,,,,,0.0,,1.0,6510.6,,,,,,,,,,,,,,,,,,,,,,,,,,0.0,2.036,0.0,,,,,,,,,,,,,,,,,,,,,""
8698327362,"Mar 11, 2023, 7:37:41 PM",Lunch Run,Run,,1219,3.30,,,false,,,activities/9336421537.fit.gz,,,1219.0,1091.0,3299.2,4.31,3.024,2.4,70.0,15.1,17.5,1.7,0.0,,,94.0,91.0,,,,,163.0,,,,,,,,,,,,,,,,0.0,,1.0,3301.6,,,,,,,,,,,,,,,,,,,,,,,,,,0.0,2.707,0.0,,,,,,,,,,,,,,,,,,,,,""
8693297738,"Mar 10, 2023, 10:58:50 PM",Afternoon Run,Run,,3289,6.89,,,false,,,activities/9331139002.fit.gz,,,3289.0,2126.0,6896.4,7.384,3.244,18.0,140.0,13.2,17.9,4.2,0.0,,,106.0,92.0,,,,,316.0,,,,,,,,,,,,,,,,0.0,,1.0,6913.1,,,,,,,,,,,,,,,,,,,,,,,,,,0.0,2.097,1627.3,,,,,,,,,,,,,,,,,,,,,""
8688695818,"Mar 9, 2023, 11:04:56 PM",Afternoon Run,Run,,3327,9.76,,,false,,,activities/9326319309.fit.gz,,,3327.0,2975.0,9767.5,4.098,3.283,6.7,149.0,14.6,18.6,2.8,0.0,,,97.0,92.0,,,,,509.0,,,,,,,,,,,,,,,,0.0,,1.0,9777.0,,,,,,,,,,,,,,,,,,,,,,,,,,0.0,2.936,1631.1,,,,,,,,,,,,,,,,,,,,,""
8683626240,"Mar 8, 2023, 11:43:42 PM",Afternoon Elliptical,Elliptical,,2402,0,,,false,,,activities/9321038390.fit.gz,,,2402.0,2402.0,0.0,0.0,0.0,0.0,0.0,,,0.0,0.0,,,72.0,63.0,,,,,229.0,,,,,,,,,,,,,,,,0.0,,1.0,,,,,,,,,,,,,,,,,,,,,,,,,,,0.0,0.0,0.0,,,,,,,,,,,,,,,,,,,,,""
8683267921,"Mar 8, 2023, 10:01:23 PM",Afternoon Run,Run,,2747,8.05,,,false,,,activities/9320668951.fit.gz,,,2747.0,2463.0,8054.0,3.944,3.27,11.6,144.0,13.2,18.4,3.6,0.0,,,123.0,92.0,,,,,370.0,,,,,,,,,,,,,,,,0.0,,1.0,8066.7,,,,,,,,,,,,,,,,,,,,,,,,,,0.0,2.932,0.0,,,,,,,,,,,,,,,,,,,,,""
8678593253,"Mar 8, 2023, 1:25:54 AM",Afternoon Elliptical,Elliptical,,905,0,,,false,,,activities/9315766115.fit.gz,,,905.0,905.0,0.0,0.0,0.0,0.0,0.0,,,0.0,0.0,,,53.0,49.0,,,,,89.0,,,,,,,,,,,,,,,,0.0,,1.0,,,,,,,,,,,,,,,,,,,,,,,,,,,0.0,0.0,0.0,,,,,,,,,,,,,,,,,,,,,""
8678461641,"Mar 8, 2023, 12:04:11 AM",Afternoon Run,Run,,2084,4.20,,,false,,,activities/9315628972.fit.gz,,,2084.0,1692.0,4208.3,3.198,2.487,2.9,87.0,13.3,16.3,1.6,0.0,,,95.0,91.0,,,,,216.0,,,,,,,,,,,,,,,,0.0,,1.0,4211.5,,,,,,,,,,,,,,,,,,,,,,,,,,0.0,2.019,0.0,,,,,,,,,,,,,,,,,,,,,""
8678212323,"Mar 7, 2023, 11:25:56 PM",Afternoon Run,Run,,1325,3.40,,,false,,,activities/9315371003.fit.gz,,,1325.0,899.0,3399.1,7.212,3.781,0.0,49.0,15.3,16.0,1.3,0.0,,,107.0,92.0,,,,,158.0,,,,,,,,,,,,,,,,0.0,,1.0,3400.9,,,,,,,,,,,,,,,,,,,,,,,,,,0.0,2.565,0.0,,,,,,,,,,,,,,,,,,,,,""
8678017349,"Mar 7, 2023, 10:44:40 PM",Afternoon Run,Run,,1284,4.04,,,false,,,activities/9315170290.fit.gz,,,1284.0,1270.0,4041.0,4.29,3.182,2.3,95.0,15.1,17.5,1.5,0.0,,,94.0,91.0,,,,,198.0,,,,,,,,,,,,,,,,0.0,,1.0,4043.1,,,,,,,,,,,,,,,,,,,,,,,,,,0.0,3.147,0.0,,,,,,,,,,,,,,,,,,,,,""
8666399804,"Mar 5, 2023, 5:40:47 PM",Morning Run,Run,,5144,16.10,,,false,,,activities/9302974508.fit.gz,,,5144.0,4341.0,16102.7,4.587,3.709,42.1,165.0,12.8,24.2,6.4,0.0,,,114.0,92.0,,,,,756.0,,,,,,,,,,,,,,,,0.0,,1.0,16143.9,,,,,,,,,,,,,,,,,,,,,,,,,,0.0,3.13,8.3,,,,,,,,,,,,,,,,,,,,,""
8659745432,"Mar 4, 2023, 5:01:39 PM",Morning Run,Run,,3633,11.27,,,false,,,activities/9295786405.fit.gz,,,3633.0,3318.0,11275.7,4.24,3.398,7.0,149.0,13.2,18.4,3.7,0.0,,,97.0,93.0,,,,,516.0,,,,,,,,,,,,,,,,0.0,,1.0,11285.4,,,,,,,,,,,,,,,,,,,,,,,,,,0.0,3.104,2267.2,,,,,,,,,,,,,,,,,,,,,""
8655271883,"Mar 3, 2023, 11:54:24 PM",Afternoon Run,Run,,2305,5.14,,,false,,,activities/9290746574.fit.gz,,,2305.0,1971.0,5145.9,3.427,2.611,2.6,45.0,9.8,12.5,0.9,0.0,,,93.0,89.0,,,,,246.0,,,,,,,,,,,,,,,,0.0,,1.0,5149.7,,,,,,,,,,,,,,,,,,,,,,,,,,0.0,2.232,5019.4,,,,,,,,,,,,,,,,,,,,,""
8655215240,"Mar 3, 2023, 11:25:39 PM",Afternoon Run,Run,,1501,6.14,,,false,,,activities/9290688433.fit.gz,,,1501.0,1501.0,6143.6,5.74,4.093,0.0,41.0,8.3,12.4,1.3,0.0,,,95.0,92.0,,,,,278.0,,,,,,,,,,,,,,,,0.0,,1.0,6142.9,,,,,,,,,,,,,,,,,,,,,,,,,,0.0,4.093,6143.6,,,,,,,,,,,,,,,,,,,,,""
8655039148,"Mar 3, 2023, 10:57:25 PM",Afternoon Run,Run,,1253,3.23,,,false,,,activities/9290506279.fit.gz,,,1253.0,960.0,3229.2,4.155,3.364,3.9,32.0,11.9,16.0,2.4,0.0,,,93.0,90.0,,,,,144.0,,,,,,,,,,,,,,,,0.0,,1.0,3231.4,,,,,,,,,,,,,,,,,,,,,,,,,,0.0,2.577,3231.4,,,,,,,,,,,,,,,,,,,,,""
8650348408,"Mar 2, 2023, 11:01:12 PM",Afternoon Run,Run,,4655,12.19,,,false,,,activities/9285590652.fit.gz,,,4655.0,3658.0,12198.4,7.175,3.335,14.2,220.0,13.2,18.4,4.3,0.0,,,110.0,92.0,,,,,538.0,,,,,,,,,,,,,,,,0.0,,1.0,12211.2,,,,,,,,,,,,,,,,,,,,,,,,,,0.0,2.62,2027.0,,,,,,,,,,,,,,,,,,,,,""
8644568268,"Mar 1, 2023, 10:18:52 PM",Afternoon Ride,Ride,,2509,0,,,false,,,activities/9279554705.fit.gz,,,2509.0,2509.0,0.0,0.0,0.0,0.0,0.0,,,0.0,0.0,,,,,,,,,130.0,,,,,,,,,,,,,,,,0.0,,1.0,,,,,,,,,,,,,,,,,,,,,,,,,,,0.0,0.0,0.0,,,,,,,,,,,,,,,,,,,,,""
8644388656,"Mar 1, 2023, 9:20:04 PM",Afternoon Run,Run,,3071,7.24,,,false,,,activities/9279366059.fit.gz,,,3071.0,3071.0,7243.1,2.99,2.359,0.0,0.0,,,0.0,0.0,,,92.0,89.0,,,,,359.0,,,,,,,,,,,,,,,,0.0,,1.0,,,,,,,,,,,,,,,,,,,,,,,,,,,0.0,2.359,0.0,,,,,,,,,,,,,,,,,,,,,""
8639383035,"Mar 1, 2023, 12:10:49 AM",Afternoon Run,Run,,2477,5.63,,,false,,,activities/9274123882.fit.gz,,,2477.0,1970.0,5635.3,3.997,2.861,3.1,71.0,13.1,16.3,1.9,0.0,,,97.0,91.0,,,,,285.0,,,,,,,,,,,,,,,,0.0,,1.0,5638.0,,,,,,,,,,,,,,,,,,,,,,,,,,0.0,2.275,0.0,,,,,,,,,,,,,,,,,,,,,""
8639187685,"Feb 28, 2023, 11:21:12 PM",Afternoon Run,Run,,1870,6.04,,,false,,,activities/9273922412.fit.gz,,,1870.0,1555.0,6041.7,6.469,3.885,0.0,88.0,15.2,16.1,0.9,0.0,,,106.0,90.0,,,,,262.0,,,,,,,,,,,,,,,,0.0,,1.0,6044.9,,,,,,,,,,,,,,,,,,,,,,,,,,0.0,3.231,0.0,,,,,,,,,,,,,,,,,,,,,""
8639186443,"Feb 28, 2023, 10:42:45 PM",Afternoon Run,Run,,1302,4.04,,,false,,,activities/9273921170.fit.gz,,,1302.0,1282.0,4042.4,4.313,3.153,2.2,71.0,15.1,17.5,1.9,0.0,,,94.0,91.0,,,,,196.0,,,,,,,,,,,,,,,,0.0,,1.0,4045.4,,,,,,,,,,,,,,,,,,,,,,,,,,0.0,3.105,0.0,,,,,,,,,,,,,,,,,,,,,""
8627685704,"Feb 26, 2023, 5:30:50 PM",Morning Run,Run,,6515,19.32,,,false,,,activities/9261879606.fit.gz,,,6515.0,5567.0,19319.5,4.378,3.47,39.0,158.0,13.5,22.8,6.4,0.0,,,118.0,93.0,,,,,918.0,,,,,,,,,,,,,,,,0.0,,1.0,19370.1,,,,,,,,,,,,,,,,,,,,,,,,,,0.0,2.965,13661.4,,,,,,,,,,,,,,,,,,,,,""
8622338993,"Feb 25, 2023, 10:13:04 PM",Afternoon Ride,Ride,,1825,0,,,false,,,activities/9256207678.fit.gz,,,1825.0,1825.0,0.0,0.0,0.0,0.0,0.0,,,0.0,0.0,,,,,,,,,125.0,,,,,,,,,,,,,,,,0.0,,1.0,,,,,,,,,,,,,,,,,,,,,,,,,,,0.0,0.0,0.0,,,,,,,,,,,,,,,,,,,,,""
8621655330,"Feb 25, 2023, 6:40:31 PM",Morning Run,Run,,1925,4.86,,,false,,,activities/9255478764.fit.gz,,,1925.0,1759.0,4868.1,3.772,2.768,3.1,80.0,13.1,16.2,3.0,0.0,,,93.0,89.0,,,,,233.0,,,,,,,,,,,,,,,,0.0,,1.0,4870.8,,,,,,,,,,,,,,,,,,,,,,,,,,0.0,2.529,0.0,,,,,,,,,,,,,,,,,,,,,""
8621394807,"Feb 25, 2023, 5:27:33 PM",Morning Run,Run,,1280,3.99,,,false,,,activities/9255197398.fit.gz,,,1280.0,1233.0,3998.1,5.271,3.243,8.1,102.0,14.1,17.5,3.2,0.0,,,95.0,92.0,,,,,202.0,,,,,,,,,,,,,,,,0.0,,1.0,4004.2,,,,,,,,,,,,,,,,,,,,,,,,,,0.0,3.124,219.4,,,,,,,,,,,,,,,,,,,,,""
8616120687,"Feb 24, 2023, 7:24:18 PM",Lunch Run,Run,,3412,7.28,,,false,,,activities/9249642008.fit.gz,,,3412.0,2200.0,7288.6,7.286,3.313,10.9,128.0,13.2,18.4,3.8,0.0,,,103.0,92.0,,,,,338.0,,,,,,,,,,,,,,,,0.0,,1.0,7298.4,,,,,,,,,,,,,,,,,,,,,,,,,,0.0,2.136,0.0,,,,,,,,,,,,,,,,,,,,,""
8612167928,"Feb 23, 2023, 11:01:34 PM",Afternoon Run,Run,,3264,9.67,,,false,,,activities/9245468259.fit.gz,,,3264.0,2917.0,9676.8,4.174,3.317,7.1,225.0,13.6,18.7,3.1,0.0,,,95.0,92.0,,,,,457.0,,,,,,,,,,,,,,,,0.0,,1.0,9684.5,,,,,,,,,,,,,,,,,,,,,,,,,,0.0,2.965,0.0,,,,,,,,,,,,,,,,,,,,,""
8606705304,"Feb 22, 2023, 10:46:07 PM",Afternoon Run,Run,,2630,8.05,,,false,,,activities/9239722605.fit.gz,,,2630.0,2428.0,8056.6,4.598,3.318,10.2,88.0,11.2,15.5,9.5,0.0,,,94.0,91.0,,,,,360.0,,,,,,,,,,,,,,,,0.0,,1.0,8073.7,,,,,,,,,,,,,,,,,,,,,,,,,,0.0,3.063,44.1,,,,,,,,,,,,,,,,,,,,,""
8601494977,"Feb 21, 2023, 11:52:47 PM",Afternoon Run,Run,,1594,4.04,,,false,,,activities/9234234303.fit.gz,,,1594.0,1463.0,4044.4,3.498,2.764,3.1,75.0,13.1,16.3,1.7,0.0,,,95.0,91.0,,,,,197.0,,,,,,,,,,,,,,,,0.0,,1.0,4046.5,,,,,,,,,,,,,,,,,,,,,,,,,,0.0,2.537,0.0,,,,,,,,,,,,,,,,,,,,,""
8601397196,"Feb 21, 2023, 11:19:38 PM",Afternoon Run,Run,,1455,4.17,,,false,,,activities/9234132490.fit.gz,,,1455.0,1106.0,4172.3,6.39,3.772,0.0,78.0,15.3,16.1,0.7,0.0,,,102.0,90.0,,,,,151.0,,,,,,,,,,,,,,,,0.0,,1.0,4174.8,,,,,,,,,,,,,,,,,,,,,,,,,,0.0,2.868,0.0,,,,,,,,,,,,,,,,,,,,,""
8601224441,"Feb 21, 2023, 10:43:16 PM",Afternoon Run,Run,,1294,4.03,,,false,,,activities/9233953236.fit.gz,,,1294.0,1225.0,4036.9,4.319,3.295,0.0,83.0,15.7,17.5,1.5,0.0,,,95.0,91.0,,,,,192.0,,,,,,,,,,,,,,,,0.0,,1.0,4038.8,,,,,,,,,,,,,,,,,,,,,,,,,,0.0,3.12,0.0,,,,,,,,,,,,,,,,,,,,,""
8589276990,"Feb 19, 2023, 5:12:49 PM",Morning Run,Run,,5166,14.48,,,false,,,activities/9221269971.fit.gz,,,5166.0,4498.0,14485.6,5.136,3.22,96.2,280.0,38.6,61.0,21.7,0.0,,,124.0,91.0,,,,,709.0,,,,,,,,,,,,,,,,0.0,,1.0,14657.8,,,,,,,,,,,,,,,,,,,,,,,,,,0.0,2.804,4217.1,,,,,,,,,,,,,,,,,,,,,""
8583849166,"Feb 18, 2023, 9:00:07 PM",Afternoon Run,Run,,3816,9.66,,,false,,,activities/9215405730.fit.gz,,,3816.0,2985.0,9662.7,3.792,3.237,56.8,105.0,44.1,87.0,4.9,-0.1,,,101.0,92.0,,,,,424.0,,,,,,,,,,,,,,,,0.0,,1.0,9719.2,,,,,,,,,,,,,,,,,,,,,,,,,,0.0,2.532,1332.6,,,,,,,,,,,,,,,,,,,,,""
8578508745,"Feb 17, 2023, 11:48:06 PM",Afternoon Run,Run,,1265,3.22,,,false,,,activities/9209658483.fit.gz,,,1265.0,1071.0,3228.3,3.695,3.014,0.0,68.0,13.9,15.9,1.5,0.0,,,94.0,92.0,,,,,148.0,,,,,,,,,,,,,,,,0.0,,1.0,3229.8,,,,,,,,,,,,,,,,,,,,,,,,,,0.0,2.552,1254.6,,,,,,,,,,,,,,,,,,,,,""
8578508394,"Feb 17, 2023, 11:11:00 PM",Afternoon Run,Run,,1801,7.11,,,false,,,activities/9209658083.fit.gz,,,1801.0,1801.0,7117.2,4.715,3.952,5.4,53.0,11.6,14.7,0.6,0.0,,,96.0,92.0,,,,,320.0,,,,,,,,,,,,,,,,0.0,,1.0,7119.5,,,,,,,,,,,,,,,,,,,,,,,,,,0.0,3.952,2455.0,,,,,,,,,,,,,,,,,,,,,""
8578482279,"Feb 17, 2023, 10:54:17 PM",Afternoon Run,Run,,482,1.61,,,false,,,activities/9209629962.fit.gz,,,482.0,482.0,1616.7,3.87,3.354,0.0,21.0,13.9,15.1,0.9,0.0,,,94.0,92.0,,,,,73.0,,,,,,,,,,,,,,,,0.0,,1.0,1618.7,,,,,,,,,,,,,,,,,,,,,,,,,,0.0,3.354,0.0,,,,,,,,,,,,,,,,,,,,,""
8573719199,"Feb 16, 2023, 10:58:19 PM",Afternoon Run,Run,,3189,9.77,,,false,,,activities/9204409563.fit.gz,,,3189.0,2893.0,9774.3,5.315,3.379,21.0,178.0,11.4,17.0,14.8,0.0,,,95.0,92.0,,,,,435.0,,,,,,,,,,,,,,,,0.0,,1.0,9797.2,,,,,,,,,,,,,,,,,,,,,,,,,,0.0,3.065,0.0,,,,,,,,,,,,,,,,,,,,,""
8568360342,"Feb 15, 2023, 10:34:40 PM",Afternoon Run,Run,,3898,10.47,,,false,,,activities/9198483956.fit.gz,,,3898.0,3205.0,10472.9,4.257,3.268,6.5,184.0,14.4,18.7,3.4,0.0,,,117.0,92.0,,,,,486.0,,,,,,,,,,,,,,,,0.0,,1.0,10480.8,,,,,,,,,,,,,,,,,,,,,,,,,,0.0,2.687,0.0,,,,,,,,,,,,,,,,,,,,,""
8562809848,"Feb 14, 2023, 11:50:00 PM",Afternoon Run,Run,,1796,4.03,,,false,,,activities/9192357052.fit.gz,,,1796.0,1444.0,4038.1,3.593,2.796,2.9,103.0,13.3,16.3,2.1,0.0,,,94.0,90.0,,,,,195.0,,,,,,,,,,,,,,,,0.0,,1.0,4041.0,,,,,,,,,,,,,,,,,,,,,,,,,,0.0,2.248,0.0,,,,,,,,,,,,,,,,,,,,,""
8562683531,"Feb 14, 2023, 11:23:03 PM",Afternoon Run,Run,,1232,3.98,,,false,,,activities/9192218937.fit.gz,,,1232.0,963.0,3983.2,6.744,4.136,0.0,57.0,15.3,16.1,0.8,0.0,,,101.0,90.0,,,,,177.0,,,,,,,,,,,,,,,,0.0,,1.0,3986.2,,,,,,,,,,,,,,,,,,,,,,,,,,0.0,3.233,0.0,,,,,,,,,,,,,,,,,,,,,""
8562534437,"Feb 14, 2023, 10:47:19 PM",Afternoon Run,Run,,1006,3.22,,,false,,,activities/9192056350.fit.gz,,,1006.0,990.0,3225.6,4.19,3.258,0.0,62.0,15.6,17.5,1.5,0.0,,,95.0,92.0,,,,,156.0,,,,,,,,,,,,,,,,0.0,,1.0,3227.2,,,,,,,,,,,,,,,,,,,,,,,,,,0.0,3.206,0.0,,,,,,,,,,,,,,,,,,,,,""
8557256280,"Feb 14, 2023, 12:27:53 AM",Afternoon Run,Run,,2015,6.44,,,false,,,activities/9186203381.fit.gz,,,2015.0,1906.0,6445.2,4.278,3.382,2.7,154.0,14.9,17.6,1.0,0.0,,,93.0,90.0,,,,,285.0,,,,,,,,,,,,,,,,0.0,,1.0,6448.7,,,,,,,,,,,,,,,,,,,,,,,,,,0.0,3.199,0.0,,,,,,,,,,,,,,,,,,,,,""
8551013972,"Feb 12, 2023, 5:37:01 PM",Morning Run,Run,,5617,19.36,,,false,,,activities/9179216675.fit.gz,,,5617.0,5261.0,19367.8,4.361,3.681,18.0,141.0,5.0,13.0,9.4,0.0,,,96.0,92.0,,,,,887.0,,,,,,,,,,,,,,,,0.0,,1.0,19396.2,,,,,,,,,,,,,,,,,,,,,,,,,,0.0,3.448,10901.9,,,,,,,,,,,,,,,,,,,,,""
8545406095,"Feb 11, 2023, 9:34:23 PM",Afternoon Run,Run,,3159,8.05,,,false,,,activities/9172896693.fit.gz,,,3159.0,2508.0,8054.9,3.837,3.212,4.0,99.0,14.6,18.6,3.8,0.0,,,97.0,92.0,,,,,344.0,,,,,,,,,,,,,,,,0.0,,1.0,8061.0,,,,,,,,,,,,,,,,,,,,,,,,,,0.0,2.55,0.0,,,,,,,,,,,,,,,,,,,,,""
8539833858,"Feb 10, 2023, 11:54:03 PM",Afternoon Run,Run,,1569,4.11,,,false,,,activities/9166682251.fit.gz,,,1569.0,1424.0,4115.3,3.354,2.89,3.3,36.0,11.6,15.1,6.3,0.0,,,94.0,91.0,,,,,201.0,,,,,,,,,,,,,,,,0.0,,1.0,4120.4,,,,,,,,,,,,,,,,,,,,,,,,,,0.0,2.623,1080.2,,,,,,,,,,,,,,,,,,,,,""
8539832252,"Feb 10, 2023, 11:49:43 PM",Afternoon Run,Run,,32,0.06,,,false,,,activities/9166680492.fit.gz,,,32.0,27.0,59.0,2.826,2.185,0.0,5.0,12.4,12.5,0.3,0.2,,,92.0,89.0,,,,,4.0,,,,,,,,,,,,,,,,0.0,,1.0,59.1,,,,,,,,,,,,,,,,,,,,,,,,,,0.0,1.844,0.0,,,,,,,,,,,,,,,,,,,,,""
8539832166,"Feb 10, 2023, 11:21:19 PM",Afternoon Run,Run,,1633,5.89,,,false,,,activities/9166680362.fit.gz,,,1633.0,1518.0,5890.7,6.203,3.881,4.2,61.0,11.6,14.4,1.7,0.0,,,102.0,91.0,,,,,271.0,,,,,,,,,,,,,,,,0.0,,1.0,5893.2,,,,,,,,,,,,,,,,,,,,,,,,,,0.0,3.607,0.0,,,,,,,,,,,,,,,,,,,,,""
8539831064,"Feb 10, 2023, 10:53:30 PM",Afternoon Run,Run,,982,3.22,,,false,,,activities/9166679210.fit.gz,,,982.0,958.0,3221.5,4.003,3.363,0.0,58.0,13.6,15.0,1.7,0.0,,,95.0,90.0,,,,,153.0,,,,,,,,,,,,,,,,0.0,,1.0,3222.1,,,,,,,,,,,,,,,,,,,,,,,,,,0.0,3.281,149.0,,,,,,,,,,,,,,,,,,,,,""
8534933351,"Feb 9, 2023, 10:58:43 PM",Afternoon Run,Run,,4306,11.33,,,false,,,activities/9161233063.fit.gz,,,4306.0,3262.0,11332.5,6.638,3.474,9.4,184.0,13.5,18.7,3.0,0.0,,,101.0,90.0,,,,,478.0,,,,,,,,,,,,,,,,0.0,,1.0,11342.9,,,,,,,,,,,,,,,,,,,,,,,,,,0.0,2.632,0.0,,,,,,,,,,,,,,,,,,,,,""
8533526208,"Feb 8, 2023, 8:40:40 PM",Lunch Run,Run,,2756,8.40,,,false,,,activities/9159692605.fit.gz,,,2756.0,2489.0,8407.5,4.195,3.378,7.0,100.0,14.6,18.6,3.7,0.0,,,97.0,91.0,,,,,370.0,,,,,,,,,,,,,,,,0.0,,1.0,8413.3,,,,,,,,,,,,,,,,,,,,,,,,,,0.0,3.051,0.0,,,,,,,,,,,,,,,,,,,,,""
8523863690,"Feb 8, 2023, 12:00:14 AM",Afternoon Run,Run,,1779,4.02,,,false,,,activities/9149007817.fit.gz,,,1779.0,1577.0,4025.1,3.279,2.552,0.0,84.0,14.0,15.8,1.0,0.0,,,92.0,87.0,,,,,196.0,,,,,,,,,,,,,,,,0.0,,1.0,4027.4,,,,,,,,,,,,,,,,,,,,,,,,,,0.0,2.263,0.0,,,,,,,,,,,,,,,,,,,,,""
8523718058,"Feb 7, 2023, 11:16:13 PM",Afternoon Run,Run,,2118,5.54,,,false,,,activities/9148848488.fit.gz,,,2118.0,1187.0,5545.8,7.667,4.672,0.0,76.0,15.2,16.1,1.0,0.0,,,106.0,92.0,,,,,228.0,,,,,,,,,,,,,,,,0.0,,1.0,5549.1,,,,,,,,,,,,,,,,,,,,,,,,,,0.0,2.618,0.0,,,,,,,,,,,,,,,,,,,,,""
8523519792,"Feb 7, 2023, 10:47:45 PM",Afternoon Run,Run,,991,3.29,,,false,,,activities/9148632424.fit.gz,,,991.0,991.0,3295.3,4.24,3.325,0.0,73.0,15.6,17.5,1.5,0.0,,,94.0,89.0,,,,,160.0,,,,,,,,,,,,,,,,0.0,,1.0,3297.4,,,,,,,,,,,,,,,,,,,,,,,,,,0.0,3.325,0.0,,,,,,,,,,,,,,,,,,,,,""
8511556768,"Feb 5, 2023, 6:34:39 PM",Morning Run,Run,,115,0.35,,,false,,,activities/9135368087.fit.gz,,,115.0,115.0,354.1,3.47,3.079,0.0,7.0,13.9,14.5,0.9,0.0,,,93.0,92.0,,,,,16.0,,,,,,,,,,,,,,,,0.0,,1.0,354.4,,,,,,,,,,,,,,,,,,,,,,,,,,0.0,3.079,0.0,,,,,,,,,,,,,,,,,,,,,""
8511555542,"Feb 5, 2023, 5:03:16 PM",Morning Run,Run,,5375,17.71,,,false,,,activities/9135366732.fit.gz,,,5375.0,4799.0,17713.6,7.31,3.691,15.5,185.0,12.3,18.6,3.7,0.0,,,95.0,91.0,,,,,798.0,,,,,,,,,,,,,,,,0.0,,1.0,17728.6,,,,,,,,,,,,,,,,,,,,,,,,,,0.0,3.296,1091.0,,,,,,,,,,,,,,,,,,,,,""
8505592489,"Feb 4, 2023, 6:40:20 PM",Morning Run,Run,,4463,11.27,,,false,,,activities/9128617862.fit.gz,,,4463.0,3535.0,11271.2,4.547,3.188,8.4,126.0,13.5,21.4,3.7,0.0,,,94.0,91.0,,,,,530.0,,,,,,,,,,,,,,,,0.0,,1.0,11279.9,,,,,,,,,,,,,,,,,,,,,,,,,,0.0,2.525,1392.4,,,,,,,,,,,,,,,,,,,,,""
8500638511,"Feb 3, 2023, 11:40:38 PM",Afternoon Run,Run,,1658,4.83,,,false,,,activities/9123065303.fit.gz,,,1658.0,1640.0,4834.8,3.561,2.948,0.0,77.0,11.5,13.2,1.9,0.0,,,93.0,89.0,,,,,240.0,,,,,,,,,,,,,,,,0.0,,1.0,4836.9,,,,,,,,,,,,,,,,,,,,,,,,,,0.0,2.916,403.0,,,,,,,,,,,,,,,,,,,,,""
8500636741,"Feb 3, 2023, 11:04:10 PM",Afternoon Run,Run,,1767,6.46,,,false,,,activities/9123063377.fit.gz,,,1767.0,1652.0,6459.3,5.258,3.91,0.0,46.0,10.5,12.0,1.4,0.0,,,97.0,92.0,,,,,294.0,,,,,,,,,,,,,,,,0.0,,1.0,6463.0,,,,,,,,,,,,,,,,,,,,,,,,,,0.0,3.656,6459.3,,,,,,,,,,,,,,,,,,,,,""
8500636163,"Feb 3, 2023, 10:43:38 PM",Afternoon Run,Run,,967,3.22,,,false,,,activities/9123062735.fit.gz,,,967.0,967.0,3225.1,3.822,3.335,0.0,33.0,11.0,13.2,1.3,0.0,,,94.0,91.0,,,,,156.0,,,,,,,,,,,,,,,,0.0,,1.0,3226.0,,,,,,,,,,,,,,,,,,,,,,,,,,0.0,3.335,486.4,,,,,,,,,,,,,,,,,,,,,""
8495874984,"Feb 2, 2023, 10:58:32 PM",Afternoon Run,Run,,4803,11.27,,,false,,,activities/9117779824.fit.gz,,,4803.0,3337.0,11276.7,6.757,3.379,13.1,194.0,13.3,17.8,4.5,0.0,,,108.0,91.0,,,,,508.0,,,,,,,,,,,,,,,,0.0,,1.0,11292.6,,,,,,,,,,,,,,,,,,,,,,,,,,0.0,2.348,2133.9,,,,,,,,,,,,,,,,,,,,,""
8490305284,"Feb 1, 2023, 10:42:22 PM",Afternoon Ride,Ride,,1804,0,,,false,,,activities/9111613940.fit.gz,,,1804.0,1804.0,0.0,0.0,0.0,0.0,0.0,,,0.0,0.0,,,,,,,,,71.0,,,,,,,,,,,,,,,,0.0,,1.0,,,,,,,,,,,,,,,,,,,,,,,,,,,0.0,0.0,0.0,,,,,,,,,,,,,,,,,,,,,""
8489633394,"Feb 1, 2023, 7:40:21 PM",Lunch Run,Run,,2865,8.05,,,false,,,activities/9110862913.fit.gz,,,2865.0,2455.0,8050.9,4.056,3.279,4.9,60.0,14.6,19.5,2.8,0.0,,,95.0,91.0,,,,,370.0,,,,,,,,,,,,,,,,0.0,,1.0,8056.9,,,,,,,,,,,,,,,,,,,,,,,,,,0.0,2.81,0.0,,,,,,,,,,,,,,,,,,,,,""
8485085905,"Jan 31, 2023, 11:55:14 PM",Afternoon Run,Run,,1881,4.83,,,false,,,activities/9104728127.fit.gz,,,1881.0,1761.0,4837.2,3.454,2.747,2.7,79.0,13.2,16.0,1.1,0.0,,,94.0,90.0,,,,,256.0,,,,,,,,,,,,,,,,0.0,,1.0,4839.7,,,,,,,,,,,,,,,,,,,,,,,,,,0.0,2.572,0.0,,,,,,,,,,,,,,,,,,,,,""
8484927697,"Jan 31, 2023, 11:15:45 PM",Afternoon Run,Run,,1611,4.61,,,false,,,activities/9104556191.fit.gz,,,1611.0,962.0,4616.3,6.653,4.799,0.0,67.0,15.3,16.0,1.7,0.0,,,102.0,94.0,,,,,210.0,,,,,,,,,,,,,,,,0.0,,1.0,4618.9,,,,,,,,,,,,,,,,,,,,,,,,,,0.0,2.866,0.0,,,,,,,,,,,,,,,,,,,,,""
8484766541,"Jan 31, 2023, 10:46:41 PM",Afternoon Run,Run,,980,3.23,,,false,,,activities/9104381426.fit.gz,,,980.0,980.0,3235.4,3.923,3.301,0.0,70.0,15.7,17.5,1.5,0.0,,,95.0,91.0,,,,,161.0,,,,,,,,,,,,,,,,0.0,,1.0,3237.4,,,,,,,,,,,,,,,,,,,,,,,,,,0.0,3.301,0.0,,,,,,,,,,,,,,,,,,,,,""
8473415334,"Jan 29, 2023, 5:32:14 PM",Morning Run,Run,,5850,19.32,,,false,,,activities/9091815991.fit.gz,,,5850.0,5449.0,19325.1,7.78,3.547,40.0,270.0,10.0,21.1,5.1,0.0,,,98.0,92.0,,,,,887.0,,,,,,,,,,,,,,,,0.0,,1.0,19367.4,,,,,,,,,,,,,,,,,,,,,,,,,,0.0,3.303,3787.6,,,,,,,,,,,,,,,,,,,,,""
8467773225,"Jan 28, 2023, 8:13:56 PM",Lunch Run,Run,,3340,9.69,,,false,,,activities/9085469864.fit.gz,,,3340.0,2953.0,9694.6,4.854,3.283,7.3,137.0,13.5,18.6,2.8,0.0,,,114.0,90.0,,,,,443.0,,,,,,,,,,,,,,,,0.0,,1.0,9703.2,,,,,,,,,,,,,,,,,,,,,,,,,,0.0,2.903,0.0,,,,,,,,,,,,,,,,,,,,,""
8462639929,"Jan 28, 2023, 12:04:35 AM",Afternoon Run,Run,,1290,3.22,,,false,,,activities/9079723424.fit.gz,,,1290.0,1094.0,3226.5,4.046,2.949,2.0,53.0,13.3,15.6,1.9,0.0,,,97.0,92.0,,,,,152.0,,,,,,,,,,,,,,,,0.0,,1.0,3229.2,,,,,,,,,,,,,,,,,,,,,,,,,,0.0,2.501,0.0,,,,,,,,,,,,,,,,,,,,,""
8462559794,"Jan 27, 2023, 11:18:35 PM",Afternoon Run,Run,,2282,8.46,,,false,,,activities/9079636157.fit.gz,,,2282.0,2075.0,8460.0,5.301,4.077,0.0,73.0,15.3,16.1,0.8,0.0,,,97.0,92.0,,,,,393.0,,,,,,,,,,,,,,,,0.0,,1.0,8465.3,,,,,,,,,,,,,,,,,,,,,,,,,,0.0,3.707,0.0,,,,,,,,,,,,,,,,,,,,,""
8462384378,"Jan 27, 2023, 10:49:22 PM",Afternoon Run,Run,,984,3.22,,,false,,,activities/9079443373.fit.gz,,,984.0,984.0,3225.4,4.08,3.278,0.0,89.0,15.7,17.5,1.8,0.0,,,95.0,92.0,,,,,151.0,,,,,,,,,,,,,,,,0.0,,1.0,3227.0,,,,,,,,,,,,,,,,,,,,,,,,,,0.0,3.278,20.1,,,,,,,,,,,,,,,,,,,,,""
8457874628,"Jan 26, 2023, 10:56:54 PM",Afternoon Run,Run,,4616,11.94,,,false,,,activities/9074456261.fit.gz,,,4616.0,3427.0,11948.2,6.281,3.486,6.7,145.0,14.6,21.4,3.6,0.0,,,101.0,92.0,,,,,511.0,,,,,,,,,,,,,,,,0.0,,1.0,11955.9,,,,,,,,,,,,,,,,,,,,,,,,,,0.0,2.588,1375.2,,,,,,,,,,,,,,,,,,,,,""
8452352594,"Jan 25, 2023, 9:37:16 PM",Afternoon Ride,Ride,,2792,0,,,false,,,activities/9068372550.fit.gz,,,2792.0,2792.0,0.0,0.0,0.0,0.0,0.0,,,0.0,0.0,,,,,,,,,95.0,,,,,,,,,,,,,,,,0.0,,1.0,,,,,,,,,,,,,,,,,,,,,,,,,,,0.0,0.0,0.0,,,,,,,,,,,,,,,,,,,,,""
8451824108,"Jan 25, 2023, 8:18:29 PM",Lunch Run,Run,,2443,6.45,,,false,,,activities/9067794119.fit.gz,,,2443.0,1919.0,6450.1,7.434,3.361,7.0,90.0,13.7,18.6,3.6,0.0,,,97.0,92.0,,,,,289.0,,,,,,,,,,,,,,,,0.0,,1.0,6459.8,,,,,,,,,,,,,,,,,,,,,,,,,,0.0,2.64,0.0,,,,,,,,,,,,,,,,,,,,,""
8447128615,"Jan 24, 2023, 11:48:33 PM",Afternoon Run,Run,,1282,3.22,,,false,,,activities/9062631699.fit.gz,,,1282.0,1112.0,3229.0,3.827,2.904,2.3,57.0,13.2,15.6,1.7,0.0,,,95.0,91.0,,,,,155.0,,,,,,,,,,,,,,,,0.0,,1.0,3230.1,,,,,,,,,,,,,,,,,,,,,,,,,,0.0,2.519,0.0,,,,,,,,,,,,,,,,,,,,,""
8447018489,"Jan 24, 2023, 11:16:40 PM",Afternoon Run,Run,,1359,4.09,,,false,,,activities/9062511770.fit.gz,,,1359.0,985.0,4090.2,6.985,4.153,0.0,46.0,15.3,16.1,1.1,0.0,,,105.0,92.0,,,,,204.0,,,,,,,,,,,,,,,,0.0,,1.0,4093.2,,,,,,,,,,,,,,,,,,,,,,,,,,0.0,3.01,0.0,,,,,,,,,,,,,,,,,,,,,""
8446866740,"Jan 24, 2023, 10:47:17 PM",Afternoon Run,Run,,987,3.22,,,false,,,activities/9062347074.fit.gz,,,987.0,984.0,3228.9,4.152,3.281,0.0,64.0,15.7,17.5,1.8,0.0,,,94.0,91.0,,,,,160.0,,,,,,,,,,,,,,,,0.0,,1.0,3230.5,,,,,,,,,,,,,,,,,,,,,,,,,,0.0,3.271,0.0,,,,,,,,,,,,,,,,,,,,,""
8435674911,"Jan 22, 2023, 5:28:57 PM",Morning Run,Run,,6372,19.35,,,false,,,activities/9049984178.fit.gz,,,6372.0,5638.0,19350.4,4.287,3.432,39.4,178.0,13.5,22.8,6.6,0.0,,,96.0,93.0,,,,,885.0,,,,,,,,,,,,,,,,0.0,,1.0,19402.9,,,,,,,,,,,,,,,,,,,,,,,,,,0.0,3.037,11029.4,,,,,,,,,,,,,,,,,,,,,""
8429698677,"Jan 21, 2023, 6:35:02 PM",Morning Run,Run,,2682,8.06,,,false,,,activities/9043275023.fit.gz,,,2682.0,2431.0,8062.6,5.612,3.317,5.8,121.0,13.6,19.6,3.0,0.0,,,95.0,92.0,,,,,357.0,,,,,,,,,,,,,,,,0.0,,1.0,8069.3,,,,,,,,,,,,,,,,,,,,,,,,,,0.0,3.006,0.0,,,,,,,,,,,,,,,,,,,,,""
8424892029,"Jan 20, 2023, 11:45:44 PM",Afternoon Run,Run,,1075,3.22,,,false,,,activities/9037940010.fit.gz,,,1075.0,1019.0,3228.6,3.584,3.168,4.4,34.0,13.6,18.0,2.6,0.0,,,93.0,91.0,,,,,148.0,,,,,,,,,,,,,,,,0.0,,1.0,3231.2,,,,,,,,,,,,,,,,,,,,,,,,,,0.0,3.003,91.4,,,,,,,,,,,,,,,,,,,,,""
8424891534,"Jan 20, 2023, 11:14:44 PM",Afternoon Run,Run,,1637,6.44,,,false,,,activities/9037939428.fit.gz,,,1637.0,1632.0,6447.4,5.063,3.951,3.2,43.0,14.3,17.7,1.8,0.0,,,95.0,92.0,,,,,295.0,,,,,,,,,,,,,,,,0.0,,1.0,6449.4,,,,,,,,,,,,,,,,,,,,,,,,,,0.0,3.939,6447.4,,,,,,,,,,,,,,,,,,,,,""
8424890760,"Jan 20, 2023, 10:49:14 PM",Afternoon Run,Run,,946,3.22,,,false,,,activities/9037938582.fit.gz,,,946.0,942.0,3223.4,3.98,3.422,0.0,31.0,16.1,17.8,1.3,0.0,,,99.0,92.0,,,,,150.0,,,,,,,,,,,,,,,,0.0,,1.0,3224.5,,,,,,,,,,,,,,,,,,,,,,,,,,0.0,3.407,3223.4,,,,,,,,,,,,,,,,,,,,,""
8420107424,"Jan 19, 2023, 10:50:58 PM",Afternoon Run,Run,,4722,12.50,,,false,,,activities/9032628663.fit.gz,,,4722.0,3742.0,12501.6,5.056,3.341,25.5,172.0,13.3,20.8,8.8,0.0,,,96.0,92.0,,,,,585.0,,,,,,,,,,,,,,,,0.0,,1.0,12533.5,,,,,,,,,,,,,,,,,,,,,,,,,,0.0,2.648,3287.5,,,,,,,,,,,,,,,,,,,,,""
8414863773,"Jan 18, 2023, 10:35:21 PM",Afternoon Run,Run,,4534,0.21,,,false,,,activities/9026852121.fit.gz,,,4534.0,46.0,214.6,1.833,4.665,0.0,64.0,16.4,16.6,0.8,0.0,,,79.0,0.0,,,,,245.0,,,,,,,,,,,,,,,,0.0,,1.0,214.4,,,,,,,,,,,,,,,,,,,,,,,,,,0.0,0.047,0.0,,,,,,,,,,,,,,,,,,,,,""
8409541499,"Jan 17, 2023, 11:52:21 PM",Afternoon Run,Run,,1838,5.03,,,false,,,activities/9020979133.fit.gz,,,1838.0,1598.0,5030.3,4.396,3.148,7.3,88.0,13.2,18.4,4.3,0.0,,,96.0,92.0,,,,,246.0,,,,,,,,,,,,,,,,0.0,,1.0,5038.2,,,,,,,,,,,,,,,,,,,,,,,,,,0.0,2.737,0.0,,,,,,,,,,,,,,,,,,,,,""
8409416541,"Jan 17, 2023, 11:16:43 PM",Afternoon Run,Run,,1671,6.12,,,false,,,activities/9020842939.fit.gz,,,1671.0,1512.0,6119.3,6.828,4.047,0.0,69.0,15.2,16.1,0.9,0.0,,,100.0,92.0,,,,,265.0,,,,,,,,,,,,,,,,0.0,,1.0,6123.3,,,,,,,,,,,,,,,,,,,,,,,,,,0.0,3.662,0.0,,,,,,,,,,,,,,,,,,,,,""
8409231529,"Jan 17, 2023, 10:41:08 PM",Afternoon Run,Run,,1420,4.84,,,false,,,activities/9020641074.fit.gz,,,1420.0,1420.0,4848.8,4.358,3.415,6.2,96.0,13.3,17.9,10.9,0.0,,,95.0,91.0,,,,,232.0,,,,,,,,,,,,,,,,0.0,,1.0,4855.4,,,,,,,,,,,,,,,,,,,,,,,,,,0.0,3.415,567.7,,,,,,,,,,,,,,,,,,,,,""
8402318503,"Jan 16, 2023, 5:54:32 PM",Morning Run,Run,,1602,4.83,,,false,,,activities/9013053194.fit.gz,,,1602.0,1498.0,4835.1,4.24,3.228,2.7,85.0,14.9,17.8,2.0,0.0,,,94.0,91.0,,,,,220.0,,,,,,,,,,,,,,,,0.0,,1.0,4838.7,,,,,,,,,,,,,,,,,,,,,,,,,,0.0,3.018,0.0,,,,,,,,,,,,,,,,,,,,,""
8398039756,"Jan 15, 2023, 5:28:01 PM",Morning Run,Run,,6257,19.31,,,false,,,activities/9008255816.fit.gz,,,6257.0,5457.0,19312.2,4.318,3.539,29.4,119.0,5.3,13.0,7.5,0.0,,,102.0,92.0,,,,,906.0,,,,,,,,,,,,,,,,0.0,,1.0,19348.3,,,,,,,,,,,,,,,,,,,,,,,,,,0.0,3.086,9485.7,,,,,,,,,,,,,,,,,,,,,""
8392333635,"Jan 14, 2023, 7:14:38 PM",Lunch Run,Run,,3216,8.84,,,false,,,activities/9001821494.fit.gz,,,3216.0,2724.0,8848.7,5.51,3.248,7.3,138.0,13.5,18.6,4.0,0.0,,,116.0,91.0,,,,,400.0,,,,,,,,,,,,,,,,0.0,,1.0,8858.3,,,,,,,,,,,,,,,,,,,,,,,,,,0.0,2.751,0.0,,,,,,,,,,,,,,,,,,,,,""
8387578336,"Jan 13, 2023, 11:47:32 PM",Afternoon Run,Run,,2174,4.03,,,false,,,activities/8996524470.fit.gz,,,2174.0,1371.0,4029.2,3.654,2.939,2.1,54.0,13.2,15.5,2.0,0.0,,,96.0,91.0,,,,,194.0,,,,,,,,,,,,,,,,0.0,,1.0,4031.9,,,,,,,,,,,,,,,,,,,,,,,,,,0.0,1.853,0.0,,,,,,,,,,,,,,,,,,,,,""
8387471062,"Jan 13, 2023, 11:15:10 PM",Afternoon Run,Run,,1757,6.90,,,false,,,activities/8996404433.fit.gz,,,1757.0,1707.0,6903.4,5.976,4.044,0.0,49.0,14.6,15.4,0.7,0.0,,,96.0,89.0,,,,,315.0,,,,,,,,,,,,,,,,0.0,,1.0,6907.3,,,,,,,,,,,,,,,,,,,,,,,,,,0.0,3.929,0.0,,,,,,,,,,,,,,,,,,,,,""
8387291851,"Jan 13, 2023, 10:33:24 PM",Afternoon Run,Run,,1232,4.02,,,false,,,activities/8996206142.fit.gz,,,1232.0,1232.0,4025.9,4.275,3.268,2.3,105.0,15.1,17.5,1.6,0.0,,,93.0,89.0,,,,,197.0,,,,,,,,,,,,,,,,0.0,,1.0,4028.3,,,,,,,,,,,,,,,,,,,,,,,,,,0.0,3.268,0.0,,,,,,,,,,,,,,,,,,,,,""
8382740295,"Jan 12, 2023, 10:52:00 PM",Afternoon Run,Run,,4564,12.88,,,false,,,activities/8991162453.fit.gz,,,4564.0,3614.0,12879.4,6.54,3.564,8.3,152.0,14.6,22.9,2.5,0.0,,,102.0,92.0,,,,,546.0,,,,,,,,,,,,,,,,0.0,,1.0,12887.8,,,,,,,,,,,,,,,,,,,,,,,,,,0.0,2.822,0.0,,,,,,,,,,,,,,,,,,,,,""
8377464799,"Jan 11, 2023, 10:39:25 PM",Afternoon Ride,Ride,,4216,0,,,false,,,activities/8985350452.fit.gz,,,4216.0,4216.0,0.0,0.0,0.0,0.0,0.0,,,0.0,0.0,,,,,,,,,226.0,,,,,,,,,,,,,,,,0.0,,1.0,,,,,,,,,,,,,,,,,,,,,,,,,,,0.0,0.0,0.0,,,,,,,,,,,,,,,,,,,,,""
8372164782,"Jan 11, 2023, 12:09:45 AM",Afternoon Run,Run,,1160,3.23,,,false,,,activities/8979493593.fit.gz,,,1160.0,1078.0,3233.4,3.68,2.999,2.6,45.0,13.3,16.0,1.1,0.0,,,96.0,92.0,,,,,163.0,,,,,,,,,,,,,,,,0.0,,1.0,3235.4,,,,,,,,,,,,,,,,,,,,,,,,,,0.0,2.787,0.0,,,,,,,,,,,,,,,,,,,,,""
8371967449,"Jan 10, 2023, 11:16:31 PM",Afternoon Run,Run,,2637,8.72,,,false,,,activities/8979276931.fit.gz,,,2637.0,1972.0,8720.2,5.951,4.422,0.0,94.0,15.3,16.1,2.5,0.0,,,99.0,91.0,,,,,407.0,,,,,,,,,,,,,,,,0.0,,1.0,8725.6,,,,,,,,,,,,,,,,,,,,,,,,,,0.0,3.307,0.0,,,,,,,,,,,,,,,,,,,,,""
8371707579,"Jan 10, 2023, 10:41:45 PM",Afternoon Run,Run,,987,3.27,,,false,,,activities/8978993667.fit.gz,,,987.0,984.0,3278.6,4.027,3.332,0.0,66.0,15.6,17.5,1.8,0.0,,,96.0,90.0,,,,,160.0,,,,,,,,,,,,,,,,0.0,,1.0,3280.4,,,,,,,,,,,,,,,,,,,,,,,,,,0.0,3.322,0.0,,,,,,,,,,,,,,,,,,,,,""
8360566620,"Jan 8, 2023, 6:35:16 PM",Morning Run,Run,,5689,16.10,,,false,,,activities/8966645087.fit.gz,,,5689.0,4397.0,16107.8,5.232,3.663,20.6,169.0,15.4,22.8,7.1,0.0,,,99.0,92.0,,,,,752.0,,,,,,,,,,,,,,,,0.0,,1.0,16136.8,,,,,,,,,,,,,,,,,,,,,,,,,,0.0,2.831,5686.0,,,,,,,,,,,,,,,,,,,,,""
8355544181,"Jan 7, 2023, 11:33:44 PM",Afternoon Run,Run,,3439,9.37,,,false,,,activities/8960957568.fit.gz,,,3439.0,2748.0,9378.4,5.701,3.413,7.2,137.0,13.5,18.6,2.3,0.0,,,99.0,92.0,,,,,406.0,,,,,,,,,,,,,,,,0.0,,1.0,9386.7,,,,,,,,,,,,,,,,,,,,,,,,,,0.0,2.727,0.0,,,,,,,,,,,,,,,,,,,,,""
8349037205,"Jan 6, 2023, 8:13:09 PM",Lunch Run,Run,,1323,3.23,,,false,,,activities/8953657473.fit.gz,,,1323.0,1078.0,3231.5,3.806,2.998,23.8,51.0,359.9,380.5,6.0,0.0,,,95.0,91.0,,,,,152.0,,,,,,,,,,,,,,,,0.0,,1.0,3258.3,,,,,,,,,,,,,,,,,,,,,,,,,,0.0,2.443,0.0,,,,,,,,,,,,,,,,,,,,,""
8348924911,"Jan 6, 2023, 7:30:24 PM",Lunch Run,Run,,1753,6.72,,,false,,,activities/8953529968.fit.gz,,,1753.0,1621.0,6724.7,5.9,4.148,35.6,120.0,374.3,377.7,3.8,0.0,,,95.0,90.0,,,,,308.0,,,,,,,,,,,,,,,,0.0,,1.0,6754.1,,,,,,,,,,,,,,,,,,,,,,,,,,0.0,3.836,0.0,,,,,,,,,,,,,,,,,,,,,""
8348765222,"Jan 6, 2023, 6:54:54 PM",Morning Run,Run,,1090,3.23,,,false,,,activities/8953349679.fit.gz,,,1090.0,1003.0,3229.2,4.186,3.22,24.1,49.0,357.8,380.4,5.4,0.0,,,97.0,91.0,,,,,151.0,,,,,,,,,,,,,,,,0.0,,1.0,3251.6,,,,,,,,,,,,,,,,,,,,,,,,,,0.0,2.963,0.0,,,,,,,,,,,,,,,,,,,,,""
8344084647,"Jan 5, 2023, 8:19:06 PM",Lunch Run,Run,,2436,8.09,,,false,,,activities/8948124719.fit.gz,,,2436.0,2436.0,8091.9,3.678,3.322,0.0,0.0,,,0.0,0.0,,,92.0,87.0,,,,,311.0,,,,,,,,,,,,,,,,0.0,,1.0,,,,,,,,,,,,,,,,,,,,,,,,,,,0.0,3.322,0.0,,,,,,,,,,,,,,,,,,,,,""
8338567507,"Jan 4, 2023, 6:45:46 PM",Morning Run,Run,,4109,11.28,,,false,,,activities/8941971148.fit.gz,,,4109.0,3268.0,11279.2,4.13,3.451,57.4,129.0,372.8,405.8,3.8,0.0,,,95.0,90.0,,,,,523.0,,,,,,,,,,,,,,,,0.0,,1.0,11328.5,,,,,,,,,,,,,,,,,,,,,,,,,,0.0,2.745,1434.9,,,,,,,,,,,,,,,,,,,,,""
8333330737,"Jan 3, 2023, 8:12:22 PM",Lunch Run,Run,,1211,3.22,,,false,,,activities/8936122562.fit.gz,,,1211.0,1079.0,3227.2,3.616,2.991,27.3,52.0,359.6,380.5,3.9,0.0,,,99.0,90.0,,,,,157.0,,,,,,,,,,,,,,,,0.0,,1.0,3255.7,,,,,,,,,,,,,,,,,,,,,,,,,,0.0,2.665,0.0,,,,,,,,,,,,,,,,,,,,,""
8333330019,"Jan 3, 2023, 7:35:19 PM",Lunch Run,Run,,1994,7.14,,,false,,,activities/8936121701.fit.gz,,,1994.0,1760.0,7144.4,6.648,4.059,75.0,64.0,364.1,369.6,4.7,0.0,,,100.0,90.0,,,,,318.0,,,,,,,,,,,,,,,,0.0,,1.0,7225.7,,,,,,,,,,,,,,,,,,,,,,,,,,0.0,3.583,0.0,,,,,,,,,,,,,,,,,,,,,""
8333328648,"Jan 3, 2023, 7:01:46 PM",Lunch Run,Run,,1113,3.22,,,false,,,activities/8936120272.fit.gz,,,1113.0,1020.0,3225.8,3.751,3.163,23.6,57.0,356.4,380.5,4.5,0.0,,,93.0,91.0,,,,,150.0,,,,,,,,,,,,,,,,0.0,,1.0,3245.5,,,,,,,,,,,,,,,,,,,,,,,,,,0.0,2.898,0.0,,,,,,,,,,,,,,,,,,,,,""
8327707298,"Jan 2, 2023, 6:37:29 PM",Morning Run,Run,,4782,3.98,,,false,,,activities/8929703684.fit.gz,,,4782.0,3320.0,3982.4,5.086,1.2,161.1,266.0,580.8,746.5,49.6,-0.1,,,122.0,54.0,,,,,181.0,,,,,,,,,,,,,,,,0.0,,1.0,4457.3,,,,,,,,,,,,,,,,,,,,,,,,,,0.0,0.833,3045.9,,,,,,,,,,,,,,,,,,,,,""
8322648446,"Jan 1, 2023, 7:26:37 PM",Lunch Run,Run,,5509,16.10,,,false,,,activities/8923667761.fit.gz,,,5509.0,4434.0,16102.5,4.711,3.632,38.8,130.0,378.9,417.9,2.7,0.0,,,96.0,91.0,,,,,740.0,,,,,,,,,,,,,,,,0.0,,1.0,16124.1,,,,,,,,,,,,,,,,,,,,,,,,,,0.0,2.923,5822.6,,,,,,,,,,,,,,,,,,,,,""
8318118546,"Dec 31, 2022, 5:18:09 PM",Morning Run,Run,,3378,8.45,,,false,,,activities/8918438059.fit.gz,,,3378.0,2595.0,8454.4,4.15,3.258,104.1,166.0,399.8,504.5,5.6,0.0,,,96.0,92.0,,,,,397.0,,,,,,,,,,,,,,,,0.0,,1.0,8572.4,,,,,,,,,,,,,,,,,,,,,,,,,,0.0,2.503,457.2,,,,,,,,,,,,,,,,,,,,,""
8312740390,"Dec 30, 2022, 6:22:36 PM",Morning Run,Run,,1511,3.23,,,false,,,activities/8912357909.fit.gz,,,1511.0,1143.0,3231.8,4.917,2.827,23.7,81.0,360.0,380.5,4.4,0.0,,,98.0,90.0,,,,,155.0,,,,,,,,,,,,,,,,0.0,,1.0,3254.9,,,,,,,,,,,,,,,,,,,,,,,,,,0.0,2.139,0.0,,,,,,,,,,,,,,,,,,,,,""
8312593400,"Dec 30, 2022, 5:40:28 PM",Morning Run,Run,,1731,6.44,,,false,,,activities/8912192578.fit.gz,,,1731.0,1544.0,6447.1,5.578,4.176,33.4,105.0,375.7,378.6,3.1,0.0,,,96.0,90.0,,,,,275.0,,,,,,,,,,,,,,,,0.0,,1.0,6471.1,,,,,,,,,,,,,,,,,,,,,,,,,,0.0,3.725,0.0,,,,,,,,,,,,,,,,,,,,,""
8312399011,"Dec 30, 2022, 5:05:27 PM",Morning Run,Run,,1229,3.22,,,false,,,activities/8911977187.fit.gz,,,1229.0,1019.0,3223.2,4.772,3.163,22.1,56.0,360.1,380.8,3.9,0.0,,,94.0,91.0,,,,,145.0,,,,,,,,,,,,,,,,0.0,,1.0,3247.4,,,,,,,,,,,,,,,,,,,,,,,,,,0.0,2.623,0.0,,,,,,,,,,,,,,,,,,,,,""
8308154150,"Dec 29, 2022, 5:08:20 PM",Morning Run,Run,,3817,8.41,,,false,,,activities/8907192277.fit.gz,,,3817.0,2514.0,8416.6,5.522,3.348,82.5,110.0,395.0,476.7,5.7,-0.1,,,99.0,92.0,,,,,379.0,,,,,,,,,,,,,,,,0.0,,1.0,8493.4,,,,,,,,,,,,,,,,,,,,,,,,,,0.0,2.205,0.0,,,,,,,,,,,,,,,,,,,,,""
8303639826,"Dec 28, 2022, 5:49:09 PM",Morning Run,Run,,4002,11.27,,,false,,,activities/8902104162.fit.gz,,,4002.0,3517.0,11278.2,4.236,3.207,100.0,195.0,467.9,489.4,22.5,0.0,,,94.0,90.0,,,,,527.0,,,,,,,,,,,,,,,,0.0,,1.0,11487.6,,,,,,,,,,,,,,,,,,,,,,,,,,0.0,2.818,7471.4,,,,,,,,,,,,,,,,,,,,,""
8299066364,"Dec 27, 2022, 6:20:03 PM",Morning Run,Run,,1124,3.27,,,false,,,activities/8896949923.fit.gz,,,1124.0,1124.0,3271.1,3.585,2.91,21.5,97.0,366.4,378.6,4.1,0.0,,,97.0,92.0,,,,,158.0,,,,,,,,,,,,,,,,0.0,,1.0,3289.4,,,,,,,,,,,,,,,,,,,,,,,,,,0.0,2.91,0.0,,,,,,,,,,,,,,,,,,,,,""
8298952791,"Dec 27, 2022, 5:36:12 PM",Morning Run,Run,,2036,7.19,,,false,,,activities/8896821511.fit.gz,,,2036.0,1775.0,7191.2,5.902,4.051,36.6,120.0,375.4,378.4,3.8,0.0,,,108.0,89.0,,,,,337.0,,,,,,,,,,,,,,,,0.0,,1.0,7228.6,,,,,,,,,,,,,,,,,,,,,,,,,,0.0,3.532,0.0,,,,,,,,,,,,,,,,,,,,,""
8298724614,"Dec 27, 2022, 4:57:41 PM",Morning Run,Run,,1059,3.22,,,false,,,activities/8896562991.fit.gz,,,1059.0,1012.0,3225.1,3.764,3.187,20.3,126.0,366.3,377.0,4.6,0.1,,,94.0,91.0,,,,,145.0,,,,,,,,,,,,,,,,0.0,,1.0,3246.7,,,,,,,,,,,,,,,,,,,,,,,,,,0.0,3.045,0.0,,,,,,,,,,,,,,,,,,,,,""
8290301271,"Dec 25, 2022, 3:45:48 PM",Morning Run,Run,,5534,16.10,,,false,,,activities/8886974112.fit.gz,,,5534.0,4602.0,16104.5,4.531,3.499,43.2,187.0,384.2,417.9,5.2,0.0,,,97.0,92.0,,,,,722.0,,,,,,,,,,,,,,,,0.0,,1.0,16135.4,,,,,,,,,,,,,,,,,,,,,,,,,,0.0,2.91,8055.3,,,,,,,,,,,,,,,,,,,,,""
8287415240,"Dec 24, 2022, 6:53:12 PM",Morning Run,Run,,2345,5.26,,,false,,,activities/8883654801.fit.gz,,,2345.0,1565.0,5264.9,6.298,3.364,28.0,86.0,372.8,398.5,10.5,0.0,,,100.0,90.0,,,,,227.0,,,,,,,,,,,,,,,,0.0,,1.0,5294.8,,,,,,,,,,,,,,,,,,,,,,,,,,0.0,2.245,0.0,,,,,,,,,,,,,,,,,,,,,""
8282961805,"Dec 23, 2022, 6:00:03 PM",Morning Run,Run,,1190,3.50,,,false,,,activities/8878642970.fit.gz,,,1190.0,1190.0,3508.6,3.399,2.948,31.0,66.0,395.6,425.6,5.5,0.0,,,94.0,91.0,,,,,181.0,,,,,,,,,,,,,,,,0.0,,1.0,3542.8,,,,,,,,,,,,,,,,,,,,,,,,,,0.0,2.948,0.0,,,,,,,,,,,,,,,,,,,,,""
8282890838,"Dec 23, 2022, 5:19:54 PM",Morning Run,Run,,2149,8.23,,,false,,,activities/8878564637.fit.gz,,,2149.0,2149.0,8234.3,5.135,3.832,0.0,66.0,394.4,395.0,1.6,0.0,,,96.0,90.0,,,,,385.0,,,,,,,,,,,,,,,,0.0,,1.0,8238.8,,,,,,,,,,,,,,,,,,,,,,,,,,0.0,3.832,8234.7,,,,,,,,,,,,,,,,,,,,,""
8282753598,"Dec 23, 2022, 4:51:02 PM",Morning Run,Run,,566,1.81,,,false,,,activities/8878411755.fit.gz,,,566.0,566.0,1815.3,3.84,3.207,14.5,46.0,395.6,410.7,5.6,0.0,,,96.0,91.0,,,,,83.0,,,,,,,,,,,,,,,,0.0,,1.0,1831.9,,,,,,,,,,,,,,,,,,,,,,,,,,0.0,3.207,0.0,,,,,,,,,,,,,,,,,,,,,""
8279159517,"Dec 22, 2022, 4:38:39 PM",Morning Run,Run,,2583,8.13,,,false,,,activities/8874396484.fit.gz,,,2583.0,2528.0,8138.0,4.01,3.219,129.4,167.0,400.0,530.6,9.5,0.0,,,94.0,90.0,,,,,388.0,,,,,,,,,,,,,,,,0.0,,1.0,8308.4,,,,,,,,,,,,,,,,,,,,,,,,,,0.0,3.151,0.0,,,,,,,,,,,,,,,,,,,,,""
8276220364,"Dec 21, 2022, 8:19:25 PM",Lunch Run,Run,,4351,11.27,,,false,,,activities/8871106151.fit.gz,,,4351.0,3415.0,11274.1,4.181,3.301,60.9,107.0,372.8,408.7,5.8,0.0,,,94.0,91.0,,,,,518.0,,,,,,,,,,,,,,,,0.0,,1.0,11328.2,,,,,,,,,,,,,,,,,,,,,,,,,,0.0,2.591,1808.5,,,,,,,,,,,,,,,,,,,,,""
8271436315,"Dec 20, 2022, 4:46:44 PM",Morning Run,Run,,4504,12.91,,,false,,,activities/8865785292.fit.gz,,,4504.0,3654.0,12909.0,4.676,3.533,127.2,207.0,363.9,403.0,30.5,0.0,,,94.0,90.0,,,,,591.0,,,,,,,,,,,,,,,,0.0,,1.0,13021.6,,,,,,,,,,,,,,,,,,,,,,,,,,0.0,2.866,0.0,,,,,,,,,,,,,,,,,,,,,""
8264299600,"Dec 18, 2022, 5:27:03 PM",Morning Run,Run,,4881,14.49,,,false,,,activities/8857763608.fit.gz,,,4881.0,4242.0,14498.9,4.441,3.418,145.0,351.0,287.6,330.9,22.2,-0.2,,,116.0,92.0,,,,,686.0,,,,,,,,,,,,,,,,0.0,,1.0,14694.5,,,,,,,,,,,,,,,,,,,,,,,,,,0.0,2.97,11445.2,,,,,,,,,,,,,,,,,,,,,""
8260499921,"Dec 17, 2022, 8:43:58 PM",Lunch Run,Run,,3377,8.19,,,false,,,activities/8853421446.fit.gz,,,3377.0,2411.0,8189.2,5.317,3.397,61.5,90.0,354.9,380.7,9.7,0.0,,,99.0,91.0,,,,,353.0,,,,,,,,,,,,,,,,0.0,,1.0,8262.1,,,,,,,,,,,,,,,,,,,,,,,,,,0.0,2.425,0.0,,,,,,,,,,,,,,,,,,,,,""
8256172153,"Dec 16, 2022, 7:01:35 PM",Lunch Run,Run,,3919,9.67,,,false,,,activities/8848511316.fit.gz,,,3919.0,3142.0,9673.9,5.114,3.079,146.8,145.0,467.6,487.4,24.5,0.0,,,98.0,92.0,,,,,447.0,,,,,,,,,,,,,,,,0.0,,1.0,10602.3,,,,,,,,,,,,,,,,,,,,,,,,,,0.0,2.468,7689.0,,,,,,,,,,,,,,,,,,,,,""
8252923278,"Dec 15, 2022, 8:49:15 PM",Lunch Run,Run,,3235,9.66,,,false,,,activities/8844834987.fit.gz,,,3235.0,3022.0,9666.7,3.99,3.199,75.5,185.0,358.9,376.1,5.0,-0.1,,,94.0,90.0,,,,,476.0,,,,,,,,,,,,,,,,0.0,,1.0,9720.7,,,,,,,,,,,,,,,,,,,,,,,,,,0.0,2.988,0.0,,,,,,,,,,,,,,,,,,,,,""
8248340682,"Dec 14, 2022, 4:35:33 PM",Morning Run,Run,,3486,11.28,,,false,,,activities/8839730438.fit.gz,,,3486.0,3287.0,11279.4,4.758,3.432,112.9,239.0,350.0,437.9,5.9,0.0,,,95.0,91.0,,,,,545.0,,,,,,,,,,,,,,,,0.0,,1.0,11372.5,,,,,,,,,,,,,,,,,,,,,,,,,,0.0,3.236,0.0,,,,,,,,,,,,,,,,,,,,,""
8244457559,"Dec 13, 2022, 5:01:56 PM",Morning Run,Run,,3623,9.66,,,false,,,activities/8835389981.fit.gz,,,3623.0,3068.0,9662.7,4.064,3.149,94.0,282.0,358.9,383.8,7.6,0.0,,,94.0,91.0,,,,,463.0,,,,,,,,,,,,,,,,0.0,,1.0,9751.6,,,,,,,,,,,,,,,,,,,,,,,,,,0.0,2.667,0.0,,,,,,,,,,,,,,,,,,,,,""
8237429519,"Dec 11, 2022, 5:27:29 PM",Morning Run,Run,,3889,8.13,,,false,,,activities/8827485824.fit.gz,,,3889.0,2603.0,8138.2,3.854,3.126,31.1,124.0,12.8,24.0,11.0,0.0,,,121.0,90.0,,,,,374.0,,,,,,,,,,,,,,,,0.0,,1.0,8168.4,,,,,,,,,,,,,,,,,,,,,,,,,,0.0,2.093,27.1,,,,,,,,,,,,,,,,,,,,,""
8233045099,"Dec 10, 2022, 8:03:09 PM",Lunch Run,Run,,1057,3.23,,,false,,,activities/8822491406.fit.gz,,,1057.0,1014.0,3237.5,4.74,3.193,2.2,108.0,16.5,18.8,1.9,0.0,,,96.0,90.0,,,,,150.0,,,,,,,,,,,,,,,,0.0,,1.0,3239.8,,,,,,,,,,,,,,,,,,,,,,,,,,0.0,3.063,0.0,,,,,,,,,,,,,,,,,,,,,""
8228495386,"Dec 9, 2022, 6:27:47 PM",Morning Run,Run,,1193,3.22,,,false,,,activities/8817364499.fit.gz,,,1193.0,1158.0,3227.2,6.094,2.787,5.0,60.0,13.6,16.4,3.1,0.0,,,94.0,89.0,,,,,165.0,,,,,,,,,,,,,,,,0.0,,1.0,3231.5,,,,,,,,,,,,,,,,,,,,,,,,,,0.0,2.705,0.0,,,,,,,,,,,,,,,,,,,,,""
8228414579,"Dec 9, 2022, 5:52:39 PM",Morning Run,Run,,1790,6.69,,,false,,,activities/8817273937.fit.gz,,,1790.0,1639.0,6689.8,5.558,4.082,0.0,93.0,15.2,16.1,1.0,0.0,,,95.0,88.0,,,,,307.0,,,,,,,,,,,,,,,,0.0,,1.0,6694.2,,,,,,,,,,,,,,,,,,,,,,,,,,0.0,3.737,0.0,,,,,,,,,,,,,,,,,,,,,""
8228296011,"Dec 9, 2022, 5:26:47 PM",Morning Run,Run,,972,3.20,,,false,,,activities/8817140938.fit.gz,,,972.0,972.0,3204.0,4.677,3.296,3.1,110.0,13.9,17.3,3.0,0.0,,,95.0,90.0,,,,,152.0,,,,,,,,,,,,,,,,0.0,,1.0,3208.7,,,,,,,,,,,,,,,,,,,,,,,,,,0.0,3.296,171.6,,,,,,,,,,,,,,,,,,,,,""
8224660850,"Dec 8, 2022, 5:50:13 PM",Morning Run,Run,,4148,11.47,,,false,,,activities/8812661162.fit.gz,,,4148.0,3482.0,11476.6,5.41,3.296,14.6,196.0,12.6,18.4,4.8,0.0,,,102.0,89.0,,,,,541.0,,,,,,,,,,,,,,,,0.0,,1.0,11498.0,,,,,,,,,,,,,,,,,,,,,,,,,,0.0,2.767,1117.8,,,,,,,,,,,,,,,,,,,,,""
8221015656,"Dec 7, 2022, 8:36:08 PM",Lunch Elliptical,Elliptical,,3771,0,,,false,,,activities/8808425408.fit.gz,,,3771.0,3771.0,0.0,0.0,0.0,0.0,0.0,,,0.0,0.0,,,77.0,69.0,,,,,387.0,,,,,,,,,,,,,,,,0.0,,1.0,,,,,,,,,,,,,,,,,,,,,,,,,,,0.0,0.0,0.0,,,,,,,,,,,,,,,,,,,,,""
8215791645,"Dec 6, 2022, 5:25:23 PM",Morning Run,Run,,2933,9.52,,,false,,,activities/8802607277.fit.gz,,,2933.0,2617.0,9522.2,5.01,3.639,10.9,200.0,14.3,18.0,3.4,0.0,,,93.0,89.0,,,,,441.0,,,,,,,,,,,,,,,,0.0,,1.0,9532.2,,,,,,,,,,,,,,,,,,,,,,,,,,0.0,3.247,289.9,,,,,,,,,,,,,,,,,,,,,""
8207962123,"Dec 4, 2022, 6:13:40 PM",Morning Run,Run,,3887,11.27,,,false,,,activities/8793771606.fit.gz,,,3887.0,3216.0,11271.7,4.746,3.505,18.0,178.0,15.7,22.6,6.6,0.0,,,94.0,90.0,,,,,528.0,,,,,,,,,,,,,,,,0.0,,1.0,11299.8,,,,,,,,,,,,,,,,,,,,,,,,,,0.0,2.9,2884.8,,,,,,,,,,,,,,,,,,,,,""
8203477250,"Dec 3, 2022, 8:23:49 PM",Lunch Run,Run,,2681,7.46,,,false,,,activities/8788642697.fit.gz,,,2681.0,2179.0,7459.6,5.782,3.423,4.1,117.0,14.4,18.6,2.7,0.0,,,99.0,89.0,,,,,336.0,,,,,,,,,,,,,,,,0.0,,1.0,7467.2,,,,,,,,,,,,,,,,,,,,,,,,,,0.0,2.782,0.0,,,,,,,,,,,,,,,,,,,,,""
8198976801,"Dec 2, 2022, 7:55:20 PM",Lunch Run,Run,,2634,8.06,,,false,,,activities/8783566402.fit.gz,,,2634.0,2382.0,8066.8,5.209,3.387,5.0,164.0,13.6,18.8,2.7,0.0,,,93.0,88.0,,,,,389.0,,,,,,,,,,,,,,,,0.0,,1.0,8075.3,,,,,,,,,,,,,,,,,,,,,,,,,,0.0,3.063,0.0,,,,,,,,,,,,,,,,,,,,,""
8195161449,"Dec 1, 2022, 8:10:47 PM",Lunch Run,Run,,2858,8.07,,,false,,,activities/8779279618.fit.gz,,,2858.0,2409.0,8070.8,4.134,3.35,4.2,130.0,14.4,18.7,2.3,0.0,,,91.0,88.0,,,,,373.0,,,,,,,,,,,,,,,,0.0,,1.0,8077.3,,,,,,,,,,,,,,,,,,,,,,,,,,0.0,2.824,0.0,,,,,,,,,,,,,,,,,,,,,""
8190850988,"Nov 30, 2022, 8:25:30 PM",Lunch Run,Run,,1718,4.85,,,false,,,activities/8774481987.fit.gz,,,1718.0,1505.0,4856.4,3.856,3.227,2.3,111.0,15.4,17.8,1.2,0.0,,,93.0,88.0,,,,,232.0,,,,,,,,,,,,,,,,0.0,,1.0,4858.3,,,,,,,,,,,,,,,,,,,,,,,,,,0.0,2.827,0.0,,,,,,,,,,,,,,,,,,,,,""
8186480990,"Nov 29, 2022, 8:55:22 PM",Lunch Run,Run,,1183,3.26,,,false,,,activities/8769599422.fit.gz,,,1183.0,987.0,3267.4,6.112,3.31,3.8,93.0,13.4,17.2,5.1,0.0,,,90.0,88.0,,,,,156.0,,,,,,,,,,,,,,,,0.0,,1.0,3273.9,,,,,,,,,,,,,,,,,,,,,,,,,,0.0,2.762,298.1,,,,,,,,,,,,,,,,,,,,,""
8186376395,"Nov 19, 2022, 3:31:11 PM",Morning Run,Run,,939,2.70,,,false,,,activities/8769482711.fit.gz,,,939.0,869.0,2708.4,4.154,3.117,0.0,54.0,14.2,16.2,3.4,0.0,,,95.0,90.0,,,,,126.0,,,,,,,,,,,,,,,,0.0,,1.0,2709.7,,,,,,,,,,,,,,,,,,,,,,,,,,0.0,2.884,0.0,,,,,,,,,,,,,,,,,,,,,""
8135974897,"Nov 18, 2022, 5:27:08 PM",Morning Run,Run,,2138,5.08,,,false,,,activities/8712557403.fit.gz,,,2138.0,1584.0,5088.1,6.684,3.212,9.9,102.0,13.0,17.5,5.2,0.0,,,101.0,90.0,,,,,231.0,,,,,,,,,,,,,,,,0.0,,1.0,5101.3,1668790784.0,1.0,9.9,7.5,1.1,0.54,1019.7,4.9,9.4,351.0,0.0,1668783232.0,1668819200.0,0.83,,,0.0,,0.1,16093.0,1.0,309.3,,,,0.0,2.38,147.2,,,,,,,,,,,,,,,,,,,,,""
8131784586,"Nov 17, 2022, 5:54:40 PM",Morning Run,Run,,2350,7.24,,,false,,,activities/8707844308.fit.gz,,,2350.0,2163.0,7242.8,4.72,3.349,21.9,257.0,13.1,17.9,24.6,0.0,,,94.0,89.0,,,,,337.0,,,,,,,,,,,,,,,,0.0,,1.0,7276.9,1668704384.0,2.0,6.7,5.6,1.6,0.7,1026.7,1.8,3.0,343.0,0.0,1668696832.0,1668732800.0,0.8,,,0.0,,0.42,16093.0,1.0,290.5,,,,0.0,3.082,869.1,,,,,,,,,,,,,,,,,,,,,""
8127231360,"Nov 16, 2022, 5:24:02 PM",Morning Run,Run,,2519,7.79,,,false,,,activities/8702746507.fit.gz,,,2519.0,2389.0,7794.5,9.186,3.263,18.4,261.0,11.3,17.7,13.2,0.0,,,94.0,90.0,,,,,377.0,,,,,,,,,,,,,,,,0.0,,1.0,7822.7,1668617984.0,1.0,9.2,8.1,-2.6,0.43,1029.5,2.3,3.1,355.0,0.0,1668610304.0,1668646528.0,0.77,,,0.0,,0.0,16093.0,1.0,272.2,,,,0.0,3.094,170.1,,,,,,,,,,,,,,,,,,,,,""
8122606923,"Nov 15, 2022, 5:44:22 PM",Morning Run,Run,,1190,2.99,,,false,,,activities/8697544456.fit.gz,,,1190.0,1041.0,2997.8,3.757,2.88,2.0,54.0,13.4,15.5,1.8,0.0,,,95.0,90.0,,,,,146.0,,,,,,,,,,,,,,,,0.0,,1.0,2999.4,1668531584.0,1.0,9.0,6.2,-0.4,0.52,1023.9,5.3,9.1,349.0,0.0,1668523904.0,1668560128.0,0.74,,,0.0,,0.0,16093.0,1.0,291.4,,,,0.0,2.519,0.0,,,,,,,,,,,,,,,,,,,,,""
8122422756,"Nov 15, 2022, 5:17:12 PM",Morning Run,Run,,978,3.85,,,false,,,activities/8697340854.fit.gz,,,978.0,950.0,3853.5,6.824,4.056,0.0,39.0,15.3,16.1,1.1,0.0,,,98.0,91.0,,,,,164.0,,,,,,,,,,,,,,,,0.0,,1.0,3856.0,1668531584.0,1.0,9.0,6.2,-0.4,0.52,1023.9,5.3,9.1,349.0,0.0,1668523904.0,1668560128.0,0.74,,,0.0,,0.0,16093.0,1.0,291.4,,,,0.0,3.94,0.0,,,,,,,,,,,,,,,,,,,,,""
8122235132,"Nov 15, 2022, 4:49:04 PM",Morning Run,Run,,936,3.02,,,false,,,activities/8697130105.fit.gz,,,936.0,914.0,3029.0,4.112,3.314,0.0,104.0,15.7,17.6,1.0,0.0,,,94.0,92.0,,,,,147.0,,,,,,,,,,,,,,,,0.0,,1.0,3029.8,1668528000.0,1.0,4.8,1.8,0.1,0.71,1023.6,3.8,6.8,347.0,0.0,1668523776.0,1668560128.0,0.74,,,0.0,,0.01,16093.0,0.0,291.0,,,,0.0,3.236,16.8,,,,,,,,,,,,,,,,,,,,,""
8114562458,"Nov 13, 2022, 9:15:49 PM",Afternoon Run,Run,,4100,14.49,,,false,,,activities/8688431622.fit.gz,,,4100.0,4058.0,14496.6,4.484,3.572,18.0,213.0,15.7,22.6,7.2,0.0,,,95.0,92.0,,,,,685.0,,,,,,,,,,,,,,,,0.0,,1.0,14523.0,1668373248.0,1.0,15.8,15.8,-0.6,0.33,1020.9,6.2,8.1,342.0,0.0,1668350976.0,1668387456.0,0.68,,,0.0,,0.0,16093.0,3.0,281.2,,,,0.0,3.536,4323.4,,,,,,,,,,,,,,,,,,,,,""
8109227347,"Nov 12, 2022, 11:15:32 PM",Afternoon Run,Run,,3216,9.66,,,false,,,activities/8682299507.fit.gz,,,3216.0,2842.0,9663.4,4.362,3.4,7.3,133.0,13.6,19.3,3.4,0.0,,,94.0,90.0,,,,,472.0,,,,,,,,,,,,,,,,0.0,,1.0,9671.7,1668294016.0,1.0,14.6,14.6,5.8,0.55,1019.1,2.5,4.2,1.0,0.0,1668264448.0,1668301056.0,0.65,,,0.0,,0.15,16093.0,1.0,314.8,,,,0.0,3.005,131.4,,,,,,,,,,,,,,,,,,,,,""
8103287457,"Nov 11, 2022, 7:19:22 PM",Lunch Run,Run,,3616,10.75,,,false,,,activities/8675497782.fit.gz,,,3616.0,3155.0,10756.5,5.69,3.409,9.7,196.0,13.5,18.6,3.4,0.0,,,95.0,90.0,,,,,519.0,,,,,,,,,,,,,,,,0.0,,1.0,10767.6,1668193152.0,2.0,10.3,10.3,4.4,0.67,1022.6,1.3,1.6,0.0,0.0,1668177920.0,1668214656.0,0.62,,,0.0,,0.77,16093.0,2.0,293.6,,,,0.0,2.975,0.0,,,,,,,,,,,,,,,,,,,,,""
8097977834,"Nov 10, 2022, 5:46:43 PM",Morning Run,Run,,1207,2.99,,,false,,,activities/8669513047.fit.gz,,,1207.0,1025.0,2989.1,4.137,2.916,2.3,57.0,13.6,16.4,2.8,0.0,,,94.0,89.0,,,,,152.0,,,,,,,,,,,,,,,,0.0,,1.0,2991.9,1668099584.0,1.0,7.5,5.1,4.0,0.78,1026.6,3.7,6.1,348.0,0.0,1668091520.0,1668128384.0,0.59,,,0.0,,0.13,16093.0,1.0,301.5,,,,0.0,2.477,0.0,,,,,,,,,,,,,,,,,,,,,""
8097862324,"Nov 10, 2022, 5:07:53 PM",Morning Run,Run,,2043,7.55,,,false,,,activities/8669384743.fit.gz,,,2043.0,2043.0,7558.9,5.254,3.7,0.0,76.0,15.0,15.8,1.1,0.0,,,97.0,90.0,,,,,341.0,,,,,,,,,,,,,,,,0.0,,1.0,7563.7,1668099584.0,1.0,7.5,5.1,4.0,0.78,1026.6,3.7,6.1,348.0,0.0,1668091520.0,1668128384.0,0.59,,,0.0,,0.13,16093.0,1.0,301.5,,,,0.0,3.7,0.0,,,,,,,,,,,,,,,,,,,,,""
8097860832,"Nov 10, 2022, 4:41:51 PM",Morning Run,Run,,917,2.77,,,false,,,activities/8669383079.fit.gz,,,917.0,908.0,2769.6,3.99,3.05,0.0,62.0,15.4,17.1,2.9,0.0,,,94.0,90.0,,,,,138.0,,,,,,,,,,,,,,,,0.0,,1.0,2772.9,1668096000.0,1.0,5.4,3.0,2.9,0.84,1026.4,3.0,5.9,342.0,0.0,1668091520.0,1668128384.0,0.59,,,0.0,,0.11,16093.0,0.0,303.0,,,,0.0,3.02,0.0,,,,,,,,,,,,,,,,,,,,,""
8094167320,"Nov 9, 2022, 5:24:46 PM",Morning Run,Run,,2751,9.43,,,false,,,activities/8665236174.fit.gz,,,2751.0,2706.0,9437.1,6.806,3.487,15.3,315.0,14.1,19.0,5.5,0.0,,,95.0,90.0,,,,,455.0,,,,,,,,,,,,,,,,0.0,,1.0,9457.2,1668013184.0,1.0,8.6,7.8,7.0,0.89,1018.7,1.8,1.8,181.0,0.0,1668004992.0,1668041984.0,0.56,,,0.0,,0.24,16093.0,1.0,349.5,,,,0.0,3.43,2728.8,,,,,,,,,,,,,,,,,,,,,""
8083204921,"Nov 7, 2022, 5:38:28 PM",Morning Run,Run,,1039,2.91,,,false,,,activities/8652997188.fit.gz,,,1039.0,960.0,2911.5,4.117,3.033,2.1,54.0,13.6,15.7,0.9,0.0,,,91.0,87.0,,,,,148.0,,,,,,,,,,,,,,,,0.0,,1.0,2914.2,1667840384.0,1.0,10.8,10.8,7.9,0.82,1012.2,4.3,5.8,195.0,0.0,1667832064.0,1667869312.0,0.49,,,0.0,,0.08,16093.0,1.0,322.2,,,,0.0,2.802,0.0,,,,,,,,,,,,,,,,,,,,,""
8083203936,"Nov 7, 2022, 5:12:24 PM",Morning Run,Run,,1346,4.58,,,false,,,activities/8652996102.fit.gz,,,1346.0,1101.0,4583.4,6.17,4.163,0.0,105.0,15.2,16.1,2.9,0.0,,,100.0,90.0,,,,,183.0,,,,,,,,,,,,,,,,0.0,,1.0,4586.5,1667840384.0,1.0,10.8,10.8,7.9,0.82,1012.2,4.3,5.8,195.0,0.0,1667832064.0,1667869312.0,0.49,,,0.0,,0.08,16093.0,1.0,322.2,,,,0.0,3.405,0.0,,,,,,,,,,,,,,,,,,,,,""
8083202685,"Nov 7, 2022, 4:48:48 PM",Morning Run,Run,,901,3.09,,,false,,,activities/8652994737.fit.gz,,,901.0,901.0,3098.1,5.167,3.439,0.0,90.0,15.7,17.6,1.7,0.0,,,95.0,89.0,,,,,146.0,,,,,,,,,,,,,,,,0.0,,1.0,3099.8,1667836800.0,1.0,8.0,5.9,6.4,0.9,1012.0,3.3,5.8,189.0,0.0,1667832064.0,1667869312.0,0.49,,,0.0,,0.11,16093.0,0.0,322.1,,,,0.0,3.439,0.0,,,,,,,,,,,,,,,,,,,,,""
8078813362,"Nov 6, 2022, 4:28:59 PM",Morning Run,Run,,3639,12.66,,,false,,,activities/8647964802.fit.gz,,,3639.0,3615.0,12661.4,4.142,3.502,13.9,102.0,10.8,16.7,4.7,0.0,,,97.0,91.0,,,,,628.0,,,,,,,,,,,,,,,,0.0,,1.0,12673.0,1667750400.0,2.0,9.9,8.5,8.1,0.88,1012.8,2.8,3.9,190.0,0.0,1667745664.0,1667783040.0,0.46,,,0.0,,0.79,16093.0,0.0,274.1,,,,0.0,3.479,0.0,,,,,,,,,,,,,,,,,,,,,""
8073619298,"Nov 5, 2022, 6:00:03 PM",Lunch Run,Run,,3323,10.04,,,false,,,activities/8641977206.fit.gz,,,3323.0,3042.0,10047.0,4.212,3.303,7.8,189.0,13.1,18.4,3.6,0.0,,,93.0,89.0,,,,,471.0,,,,,,,,,,,,,,,,0.0,,1.0,10058.0,1667671168.0,3.0,13.4,13.4,11.3,0.87,1021.4,5.1,6.8,167.0,0.0,1667659264.0,1667696640.0,0.42,,,0.0,,0.93,16093.0,2.0,257.2,,,,0.0,3.023,0.0,,,,,,,,,,,,,,,,,,,,,""
8067994180,"Nov 4, 2022, 5:07:54 PM",Morning Run,Run,,972,2.11,,,false,,,activities/8635607293.fit.gz,,,972.0,903.0,2113.4,2.977,2.34,0.0,30.0,13.6,15.5,1.2,0.0,,,90.0,85.0,,,,,117.0,,,,,,,,,,,,,,,,0.0,,1.0,2114.4,1667581184.0,2.0,8.7,8.7,2.7,0.66,1028.1,1.1,2.5,114.0,0.0,1667572736.0,1667610240.0,0.39,,,0.0,,0.41,16093.0,1.0,266.3,,,,0.0,2.174,0.0,,,,,,,,,,,,,,,,,,,,,""
8067993681,"Nov 4, 2022, 4:22:49 PM",Morning Run,Run,,2073,6.57,,,false,,,activities/8635606744.fit.gz,,,2073.0,1648.0,6574.6,7.093,3.989,0.0,60.0,15.3,16.1,1.6,0.0,,,106.0,90.0,,,,,271.0,,,,,,,,,,,,,,,,0.0,,1.0,6578.4,1667577600.0,2.0,5.9,5.9,1.5,0.74,1027.8,0.7,2.1,66.0,0.0,1667572736.0,1667610240.0,0.39,,,0.0,,0.32,16093.0,0.0,266.9,,,,0.0,3.172,0.0,,,,,,,,,,,,,,,,,,,,,""
8067656230,"Nov 4, 2022, 3:54:30 PM",Morning Run,Run,,937,2.96,,,false,,,activities/8635226562.fit.gz,,,937.0,913.0,2968.9,4.143,3.252,3.0,90.0,14.1,17.3,3.0,0.0,,,95.0,90.0,,,,,145.0,,,,,,,,,,,,,,,,0.0,,1.0,2973.1,1667574016.0,1.0,2.9,2.9,0.0,0.82,1027.1,1.0,2.7,331.0,0.0,1667572736.0,1667610240.0,0.39,,,0.0,,0.25,16093.0,0.0,267.5,,,,0.0,3.169,132.7,,,,,,,,,,,,,,,,,,,,,""
8064008682,"Nov 3, 2022, 6:39:44 PM",Lunch Run,Run,,3305,10.47,,,false,,,activities/8631113275.fit.gz,,,3305.0,3091.0,10477.3,4.132,3.39,7.4,227.0,13.5,18.6,2.6,0.0,,,94.0,89.0,,,,,491.0,,,,,,,,,,,,,,,,0.0,,1.0,10486.3,1667498368.0,1.0,11.1,11.1,2.0,0.53,1022.3,6.6,9.9,344.0,0.0,1667486208.0,1667523968.0,0.35,,,0.0,,0.1,16093.0,2.0,301.4,,,,0.0,3.17,0.0,,,,,,,,,,,,,,,,,,,,,""
8058642674,"Nov 2, 2022, 4:24:10 PM",Morning Run,Run,,3149,10.24,,,false,,,activities/8625082987.fit.gz,,,3149.0,3006.0,10244.0,4.19,3.408,11.6,169.0,13.1,18.4,3.8,0.0,,,94.0,90.0,,,,,485.0,,,,,,,,,,,,,,,,0.0,,1.0,10255.8,1667404800.0,1.0,8.4,7.0,5.6,0.82,1018.0,2.5,4.4,196.0,0.0,1667399808.0,1667437568.0,0.32,,,0.0,,0.31,16093.0,0.0,333.9,,,,0.0,3.253,0.0,,,,,,,,,,,,,,,,,,,,,""
8053692393,"Nov 1, 2022, 4:57:25 PM",Morning Run,Run,,923,2.40,,,false,,,activities/8619501251.fit.gz,,,923.0,923.0,2400.6,3.24,2.601,2.4,38.0,10.7,13.2,1.5,0.0,,,90.0,87.0,,,,,123.0,,,,,,,,,,,,,,,,0.0,,1.0,2402.1,1667318400.0,3.0,12.9,12.9,10.8,0.87,1008.6,5.7,9.4,159.0,0.0,1667313280.0,1667351296.0,0.28,,,0.0,,0.91,16093.0,0.0,283.3,,,,0.0,2.601,1792.7,,,,,,,,,,,,,,,,,,,,,""
8053578695,"Nov 1, 2022, 4:19:33 PM",Morning Run,Run,,1761,5.80,,,false,,,activities/8619372199.fit.gz,,,1761.0,1600.0,5806.4,5.612,3.629,0.0,80.0,10.8,13.2,6.6,0.0,,,101.0,86.0,,,,,285.0,,,,,,,,,,,,,,,,0.0,,1.0,5820.2,1667318400.0,3.0,12.9,12.9,10.8,0.87,1008.6,5.7,9.4,159.0,0.0,1667313280.0,1667351296.0,0.28,,,0.0,,0.91,16093.0,0.0,283.3,,,,0.0,3.297,0.0,,,,,,,,,,,,,,,,,,,,,""
8053339521,"Nov 1, 2022, 3:50:43 PM",Morning Run,Run,,902,2.99,,,false,,,activities/8619101571.fit.gz,,,902.0,902.0,2992.4,3.879,3.317,2.9,42.0,10.6,13.5,2.2,0.0,,,94.0,90.0,,,,,146.0,,,,,,,,,,,,,,,,0.0,,1.0,2995.4,1667314816.0,2.0,12.1,12.1,10.5,0.9,1008.5,4.1,7.8,168.0,0.0,1667313280.0,1667351296.0,0.28,,,0.0,,0.81,16093.0,0.0,279.9,,,,0.0,3.317,2520.9,,,,,,,,,,,,,,,,,,,,,""
8044819330,"Oct 30, 2022, 3:31:43 PM",Morning Run,Run,,846,2.27,,,false,,,activities/8609374573.fit.gz,,,846.0,835.0,2272.3,3.444,2.721,0.0,47.0,39.1,41.9,1.6,0.0,,,92.0,89.0,,,,,112.0,,,,,,,,,,,,,,,,0.0,,1.0,2273.3,1667142016.0,1.0,9.3,8.3,4.2,0.71,1020.9,2.0,2.8,286.0,0.0,1667140480.0,1667178752.0,0.21,,,0.0,,0.03,16093.0,0.0,293.1,,,,0.0,2.686,0.0,,,,,,,,,,,,,,,,,,,,,""
8044818619,"Oct 30, 2022, 3:00:26 PM",Morning Run,Run,,1293,5.01,,,false,,,activities/8609373804.fit.gz,,,1293.0,1293.0,5013.7,4.957,3.878,11.3,86.0,32.1,43.1,4.0,0.0,,,95.0,90.0,,,,,228.0,,,,,,,,,,,,,,,,0.0,,1.0,5027.7,1667142016.0,1.0,9.3,8.3,4.2,0.71,1020.9,2.0,2.8,286.0,0.0,1667140480.0,1667178752.0,0.21,,,0.0,,0.03,16093.0,0.0,293.1,,,,0.0,3.878,0.0,,,,,,,,,,,,,,,,,,,,,""
8037312601,"Oct 28, 2022, 5:30:20 PM",Morning Run,Run,,446,1.34,,,false,,,activities/8600702600.fit.gz,,,446.0,446.0,1339.9,4.351,3.004,2.4,37.0,13.4,16.7,1.9,0.0,,,92.0,89.0,,,,,60.0,,,,,,,,,,,,,,,,0.0,,1.0,1341.7,,,,,,,,,,,,,,,,,,,,,,,,,,0.0,3.004,264.5,,,,,,,,,,,,,,,,,,,,,""
8028290744,"Oct 27, 2022, 4:26:45 PM",Morning Run,Run,,2916,9.20,,,false,,,activities/8590506633.fit.gz,,,2916.0,2698.0,9199.0,5.044,3.41,7.3,152.0,13.5,18.6,2.4,0.0,,,93.0,88.0,,,,,426.0,,,,,,,,,,,,,,,,0.0,,1.0,9205.8,,,,,,,,,,,,,,,,,,,,,,,,,,0.0,3.155,0.0,,,,,,,,,,,,,,,,,,,,,""
8023331776,"Oct 26, 2022, 4:22:00 PM",Morning Run,Run,,3349,10.10,,,false,,,activities/8584908082.fit.gz,,,3349.0,2997.0,10108.1,4.335,3.373,7.4,147.0,13.5,18.6,3.9,0.0,,,97.0,88.0,,,,,462.0,,,,,,,,,,,,,,,,0.0,,1.0,10118.6,,,,,,,,,,,,,,,,,,,,,,,,,,0.0,3.018,0.0,,,,,,,,,,,,,,,,,,,,,""
8018137428,"Oct 25, 2022, 4:48:21 PM",Morning Run,Run,,906,2.29,,,false,,,activities/8579061631.fit.gz,,,906.0,906.0,2291.6,2.908,2.529,0.0,32.0,11.4,13.2,5.8,0.0,,,90.0,87.0,,,,,121.0,,,,,,,,,,,,,,,,0.0,,1.0,2298.0,,,,,,,,,,,,,,,,,,,,,,,,,,0.0,2.529,0.0,,,,,,,,,,,,,,,,,,,,,""
8017812079,"Oct 25, 2022, 4:19:50 PM",Morning Run,Run,,1235,3.86,,,false,,,activities/8578701386.fit.gz,,,1235.0,1030.0,3860.8,7.233,3.748,2.3,40.0,10.8,13.2,7.5,0.0,,,101.0,88.0,,,,,167.0,,,,,,,,,,,,,,,,0.0,,1.0,3872.5,,,,,,,,,,,,,,,,,,,,,,,,,,0.0,3.126,0.0,,,,,,,,,,,,,,,,,,,,,""
8017598724,"Oct 25, 2022, 3:49:53 PM",Morning Run,Run,,903,2.84,,,false,,,activities/8578463902.fit.gz,,,903.0,903.0,2845.9,3.932,3.152,2.4,47.0,10.7,13.2,1.3,0.0,,,93.0,90.0,,,,,138.0,,,,,,,,,,,,,,,,0.0,,1.0,2848.1,,,,,,,,,,,,,,,,,,,,,,,,,,0.0,3.152,2097.1,,,,,,,,,,,,,,,,,,,,,""
8008601638,"Oct 23, 2022, 4:03:57 PM",Morning Run,Run,,1641,5.19,,,false,,,activities/8568218359.fit.gz,,,1641.0,1518.0,5189.0,3.921,3.418,3.8,77.0,11.9,15.9,5.1,0.0,,,94.0,91.0,,,,,237.0,,,,,,,,,,,,,,,,0.0,,1.0,5194.7,,,,,,,,,,,,,,,,,,,,,,,,,,0.0,3.162,4505.6,,,,,,,,,,,,,,,,,,,,,""
8003726426,"Oct 22, 2022, 7:05:44 PM",Lunch Run,Run,,111,0.32,,,false,,,activities/8562629691.fit.gz,,,111.0,111.0,324.7,3.26,2.925,0.0,6.0,15.9,16.5,1.9,0.1,,,92.0,89.0,,,,,15.0,,,,,,,,,,,,,,,,0.0,,1.0,325.1,,,,,,,,,,,,,,,,,,,,,,,,,,0.0,2.925,0.0,,,,,,,,,,,,,,,,,,,,,""
7997900351,"Oct 21, 2022, 4:56:56 PM",Morning Run,Run,,1563,5.13,,,false,,,activities/8556029943.fit.gz,,,1563.0,1557.0,5129.7,3.889,3.295,2.3,74.0,11.7,14.1,2.0,0.0,,,93.0,90.0,,,,,246.0,,,,,,,,,,,,,,,,0.0,,1.0,5134.9,,,,,,,,,,,,,,,,,,,,,,,,,,0.0,3.282,896.7,,,,,,,,,,,,,,,,,,,,,""
7997758784,"Oct 21, 2022, 4:19:17 PM",Morning Run,Run,,1825,5.65,,,false,,,activities/8555872459.fit.gz,,,1825.0,1491.0,5650.0,6.416,3.789,0.0,87.0,10.9,13.2,8.0,0.0,,,99.0,89.0,,,,,231.0,,,,,,,,,,,,,,,,0.0,,1.0,5667.9,,,,,,,,,,,,,,,,,,,,,,,,,,0.0,3.096,0.0,,,,,,,,,,,,,,,,,,,,,""
7997561942,"Oct 21, 2022, 3:51:56 PM",Morning Run,Run,,903,2.91,,,false,,,activities/8555652512.fit.gz,,,903.0,903.0,2916.0,3.662,3.229,2.5,43.0,10.6,13.2,1.4,0.0,,,92.0,90.0,,,,,132.0,,,,,,,,,,,,,,,,0.0,,1.0,2917.6,,,,,,,,,,,,,,,,,,,,,,,,,,0.0,3.229,2294.0,,,,,,,,,,,,,,,,,,,,,""
7994252533,"Oct 20, 2022, 7:57:50 PM",Lunch Run,Run,,2097,6.85,,,false,,,activities/8551922429.fit.gz,,,2097.0,2034.0,6855.3,9.594,3.37,24.9,211.0,13.1,17.9,5.9,0.0,,,92.0,88.0,,,,,297.0,,,,,,,,,,,,,,,,0.0,,1.0,6883.2,,,,,,,,,,,,,,,,,,,,,,,,,,0.0,3.269,1063.5,,,,,,,,,,,,,,,,,,,,,""
7988603296,"Oct 19, 2022, 4:24:16 PM",Morning Run,Run,,3265,9.89,,,false,,,activities/8545591260.fit.gz,,,3265.0,2998.0,9898.4,4.132,3.302,4.7,200.0,14.4,19.2,2.2,0.0,,,96.0,89.0,,,,,450.0,,,,,,,,,,,,,,,,0.0,,1.0,9904.7,,,,,,,,,,,,,,,,,,,,,,,,,,0.0,3.032,0.0,,,,,,,,,,,,,,,,,,,,,""
7983349121,"Oct 18, 2022, 4:47:23 PM",Morning Run,Run,,1607,2.82,,,false,,,activities/8539673914.fit.gz,,,1607.0,1086.0,2822.8,3.306,2.599,0.0,49.0,13.4,14.7,3.4,0.0,,,91.0,86.0,,,,,132.0,,,,,,,,,,,,,,,,0.0,,1.0,2828.3,,,,,,,,,,,,,,,,,,,,,,,,,,0.0,1.757,0.0,,,,,,,,,,,,,,,,,,,,,""
7983270606,"Oct 18, 2022, 4:20:08 PM",Morning Run,Run,,1383,5.25,,,false,,,activities/8539587341.fit.gz,,,1383.0,1383.0,5258.9,5.313,3.803,5.1,59.0,11.9,14.8,1.3,0.0,,,96.0,89.0,,,,,237.0,,,,,,,,,,,,,,,,0.0,,1.0,5263.7,,,,,,,,,,,,,,,,,,,,,,,,,,0.0,3.803,0.0,,,,,,,,,,,,,,,,,,,,,""
7983269717,"Oct 18, 2022, 3:53:50 PM",Morning Run,Run,,925,2.96,,,false,,,activities/8539586281.fit.gz,,,925.0,905.0,2968.6,3.8,3.28,0.0,50.0,13.9,15.4,1.1,0.0,,,94.0,89.0,,,,,135.0,,,,,,,,,,,,,,,,0.0,,1.0,2970.1,,,,,,,,,,,,,,,,,,,,,,,,,,0.0,3.209,2522.3,,,,,,,,,,,,,,,,,,,,,""
7973740677,"Oct 16, 2022, 4:01:25 PM",Morning Run,Run,,4192,13.44,,,false,,,activities/8528719217.fit.gz,,,4192.0,3918.0,13443.6,4.347,3.431,35.8,187.0,13.6,22.8,6.5,0.0,,,93.0,89.0,,,,,623.0,,,,,,,,,,,,,,,,0.0,,1.0,13494.3,,,,,,,,,,,,,,,,,,,,,,,,,,0.0,3.207,8942.7,,,,,,,,,,,,,,,,,,,,,""
7969860163,"Oct 15, 2022, 6:42:55 PM",Lunch Run,Run,,940,2.02,,,false,,,activities/8523401715.fit.gz,,,940.0,842.0,2028.4,3.165,2.409,2.2,37.0,0.3,2.8,2.4,0.0,,,91.0,86.0,,,,,95.0,,,,,,,,,,,,,,,,0.0,,1.0,2031.7,,,,,,,,,,,,,,,,,,,,,,,,,,0.0,2.158,912.7,,,,,,,,,,,,,,,,,,,,,""
7967968579,"Oct 15, 2022, 5:20:32 PM",Morning Run,Run,,1086,2.97,,,false,,,activities/8521220548.fit.gz,,,1086.0,904.0,2978.7,3.904,3.295,4.5,54.0,0.0,4.6,4.0,0.0,,,95.0,89.0,,,,,134.0,,,,,,,,,,,,,,,,0.0,,1.0,2984.7,,,,,,,,,,,,,,,,,,,,,,,,,,0.0,2.743,233.2,,,,,,,,,,,,,,,,,,,,,""
7962968148,"Oct 14, 2022, 4:35:12 PM",Morning Run,Run,,2443,5.24,,,false,,,activities/8515602417.fit.gz,,,2443.0,1577.0,5240.8,6.514,3.323,8.8,123.0,13.3,17.3,4.4,0.0,,,106.0,89.0,,,,,233.0,,,,,,,,,,,,,,,,0.0,,1.0,5249.7,,,,,,,,,,,,,,,,,,,,,,,,,,0.0,2.145,153.3,,,,,,,,,,,,,,,,,,,,,""
7958047365,"Oct 13, 2022, 4:49:20 PM",Morning Run,Run,,2863,8.39,,,false,,,activities/8510068991.fit.gz,,,2863.0,2514.0,8393.3,4.178,3.339,7.1,188.0,14.4,18.8,3.1,0.0,,,94.0,89.0,,,,,384.0,,,,,,,,,,,,,,,,0.0,,1.0,8400.9,,,,,,,,,,,,,,,,,,,,,,,,,,0.0,2.932,0.0,,,,,,,,,,,,,,,,,,,,,""
7952857328,"Oct 12, 2022, 3:50:34 PM",Morning Run,Run,,3241,9.01,,,false,,,activities/8504216060.fit.gz,,,3241.0,2700.0,9013.6,4.22,3.338,7.0,165.0,14.0,17.9,3.3,0.0,,,106.0,88.0,,,,,435.0,,,,,,,,,,,,,,,,0.0,,1.0,9018.1,,,,,,,,,,,,,,,,,,,,,,,,,,0.0,2.781,1354.0,,,,,,,,,,,,,,,,,,,,,""
7947393542,"Oct 11, 2022, 4:28:41 PM",Morning Run,Run,,1231,3.31,,,false,,,activities/8498096696.fit.gz,,,1231.0,1200.0,3313.8,3.79,2.762,5.0,29.0,11.3,14.1,1.7,0.0,,,90.0,87.0,,,,,160.0,,,,,,,,,,,,,,,,0.0,,1.0,3316.7,,,,,,,,,,,,,,,,,,,,,,,,,,0.0,2.692,857.4,,,,,,,,,,,,,,,,,,,,,""
7947177888,"Oct 11, 2022, 4:04:15 PM",Morning Run,Run,,906,3.43,,,false,,,activities/8497858521.fit.gz,,,906.0,822.0,3436.6,6.148,4.181,2.1,47.0,11.0,13.2,5.4,0.0,,,120.0,89.0,,,,,149.0,,,,,,,,,,,,,,,,0.0,,1.0,3448.1,,,,,,,,,,,,,,,,,,,,,,,,,,0.0,3.793,0.0,,,,,,,,,,,,,,,,,,,,,""
7946976839,"Oct 11, 2022, 3:35:28 PM",Morning Run,Run,,900,2.97,,,false,,,activities/8497633460.fit.gz,,,900.0,900.0,2974.3,4.314,3.305,2.5,48.0,10.6,13.1,1.6,0.0,,,92.0,88.0,,,,,140.0,,,,,,,,,,,,,,,,0.0,,1.0,2976.3,,,,,,,,,,,,,,,,,,,,,,,,,,0.0,3.305,2429.8,,,,,,,,,,,,,,,,,,,,,""
7937839435,"Oct 9, 2022, 4:01:59 PM",Morning Run,Run,,4451,12.95,,,false,,,activities/8487260440.fit.gz,,,4451.0,3730.0,12956.1,4.34,3.473,38.3,218.0,12.8,24.0,14.0,0.0,,,119.0,88.0,,,,,607.0,,,,,,,,,,,,,,,,0.0,,1.0,13005.1,,,,,,,,,,,,,,,,,,,,,,,,,,0.0,2.911,38.4,,,,,,,,,,,,,,,,,,,,,""
7932143537,"Oct 8, 2022, 4:50:15 PM",Morning Run,Run,,3445,9.66,,,false,,,activities/8480750899.fit.gz,,,3445.0,3071.0,9663.0,4.305,3.147,4.8,160.0,14.4,19.3,2.4,0.0,,,91.0,87.0,,,,,442.0,,,,,,,,,,,,,,,,0.0,,1.0,9671.3,,,,,,,,,,,,,,,,,,,,,,,,,,0.0,2.805,96.5,,,,,,,,,,,,,,,,,,,,,""
7927027334,"Oct 7, 2022, 5:02:11 PM",Morning Run,Run,,936,2.51,,,false,,,activities/8474982713.fit.gz,,,936.0,930.0,2514.0,3.313,2.703,2.5,43.0,10.2,13.3,6.5,0.1,,,89.0,87.0,,,,,123.0,,,,,,,,,,,,,,,,0.0,,1.0,2522.7,,,,,,,,,,,,,,,,,,,,,,,,,,0.0,2.686,2.6,,,,,,,,,,,,,,,,,,,,,""
7927027121,"Oct 7, 2022, 4:21:20 PM",Morning Run,Run,,2049,7.26,,,false,,,activities/8474982461.fit.gz,,,2049.0,1832.0,7262.3,5.681,3.964,0.0,99.0,10.9,13.2,7.5,0.0,,,96.0,89.0,,,,,318.0,,,,,,,,,,,,,,,,0.0,,1.0,7281.2,,,,,,,,,,,,,,,,,,,,,,,,,,0.0,3.544,0.0,,,,,,,,,,,,,,,,,,,,,""
7927025826,"Oct 7, 2022, 3:49:26 PM",Morning Run,Run,,900,2.94,,,false,,,activities/8474981023.fit.gz,,,900.0,900.0,2945.9,3.656,3.273,2.5,33.0,10.6,13.2,2.0,0.0,,,92.0,89.0,,,,,143.0,,,,,,,,,,,,,,,,0.0,,1.0,2947.5,,,,,,,,,,,,,,,,,,,,,,,,,,0.0,3.273,2513.0,,,,,,,,,,,,,,,,,,,,,""
7921598664,"Oct 6, 2022, 4:25:47 PM",Morning Run,Run,,3106,9.97,,,false,,,activities/8468788264.fit.gz,,,3106.0,3003.0,9978.6,5.33,3.323,27.3,219.0,13.6,19.0,5.5,0.0,,,94.0,88.0,,,,,467.0,,,,,,,,,,,,,,,,0.0,,1.0,10012.9,,,,,,,,,,,,,,,,,,,,,,,,,,0.0,3.213,2998.5,,,,,,,,,,,,,,,,,,,,,""
7901440545,"Oct 2, 2022, 3:35:19 PM",Morning Run,Run,,4511,15.39,,,false,,,activities/8446157820.fit.gz,,,4511.0,4258.0,15394.7,4.211,3.615,12.6,135.0,2.7,6.8,2.9,0.0,,,106.0,90.0,,,,,721.0,,,,,,,,,,,,,,,,0.0,,1.0,15405.6,,,,,,,,,,,,,,,,,,,,,,,,,,0.0,3.413,5801.3,,,,,,,,,,,,,,,,,,,,,""
7895995198,"Oct 1, 2022, 5:31:13 PM",Morning Run,Run,,1986,4.83,,,false,,,activities/8439964628.fit.gz,,,1986.0,1732.0,4835.3,3.602,2.792,2.6,106.0,14.4,17.1,2.7,0.0,,,91.0,88.0,,,,,232.0,,,,,,,,,,,,,,,,0.0,,1.0,4839.1,,,,,,,,,,,,,,,,,,,,,,,,,,0.0,2.435,0.0,,,,,,,,,,,,,,,,,,,,,""
7892222873,"Oct 1, 2022, 1:54:58 AM",Evening Run,Run,,1479,2.52,,,false,,,activities/8435714458.fit.gz,,,1479.0,1112.0,2525.0,3.021,2.271,0.0,27.0,10.6,12.0,1.6,0.0,,,93.0,85.0,,,,,125.0,,,,,,,,,,,,,,,,0.0,,1.0,2525.4,,,,,,,,,,,,,,,,,,,,,,,,,,0.0,1.707,0.0,,,,,,,,,,,,,,,,,,,,,""
7892070200,"Oct 1, 2022, 1:14:52 AM",Evening Run,Run,,1552,6.11,,,false,,,activities/8435543912.fit.gz,,,1552.0,1507.0,6114.2,6.658,4.057,0.0,68.0,10.5,12.0,2.6,0.0,,,113.0,89.0,,,,,286.0,,,,,,,,,,,,,,,,0.0,,1.0,6116.5,,,,,,,,,,,,,,,,,,,,,,,,,,0.0,3.94,0.0,,,,,,,,,,,,,,,,,,,,,""
7891943816,"Oct 1, 2022, 12:35:23 AM",Afternoon Run,Run,,1131,2.97,,,false,,,activities/8435402284.fit.gz,,,1131.0,912.0,2972.8,3.98,3.26,0.0,36.0,10.4,12.0,3.3,0.0,,,89.0,87.0,,,,,147.0,,,,,,,,,,,,,,,,0.0,,1.0,2972.9,,,,,,,,,,,,,,,,,,,,,,,,,,0.0,2.628,0.0,,,,,,,,,,,,,,,,,,,,,""
7885953323,"Sep 29, 2022, 4:25:52 PM",Morning Run,Run,,3488,5.54,,,false,,,activities/8428675288.fit.gz,,,3488.0,1757.0,5541.6,5.956,3.154,11.5,126.0,13.3,17.8,4.4,0.0,,,98.0,88.0,,,,,258.0,,,,,,,,,,,,,,,,0.0,,1.0,5558.0,,,,,,,,,,,,,,,,,,,,,,,,,,0.0,1.589,1344.1,,,,,,,,,,,,,,,,,,,,,""
7880825248,"Sep 28, 2022, 3:54:12 PM",Morning Run,Run,,3305,9.96,,,false,,,activities/8422932340.fit.gz,,,3305.0,2989.0,9966.5,4.243,3.334,7.1,180.0,14.4,18.6,3.2,0.0,,,93.0,88.0,,,,,453.0,,,,,,,,,,,,,,,,0.0,,1.0,9974.0,,,,,,,,,,,,,,,,,,,,,,,,,,0.0,3.016,851.3,,,,,,,,,,,,,,,,,,,,,""
7875743307,"Sep 27, 2022, 4:48:00 PM",Morning Run,Run,,960,2.35,,,false,,,activities/8417292942.fit.gz,,,960.0,919.0,2355.9,3.047,2.564,0.0,43.0,13.8,14.7,1.1,0.0,,,94.0,88.0,,,,,119.0,,,,,,,,,,,,,,,,0.0,,1.0,2356.7,,,,,,,,,,,,,,,,,,,,,,,,,,0.0,2.454,0.0,,,,,,,,,,,,,,,,,,,,,""
7875739470,"Sep 27, 2022, 4:15:04 PM",Morning Run,Run,,1794,6.53,,,false,,,activities/8417288727.fit.gz,,,1794.0,1647.0,6535.9,5.162,3.968,5.7,49.0,11.9,14.8,1.0,0.0,,,94.0,88.0,,,,,309.0,,,,,,,,,,,,,,,,0.0,,1.0,6539.3,,,,,,,,,,,,,,,,,,,,,,,,,,0.0,3.643,0.0,,,,,,,,,,,,,,,,,,,,,""
7875736388,"Sep 27, 2022, 3:49:16 PM",Morning Run,Run,,957,2.83,,,false,,,activities/8417285292.fit.gz,,,957.0,926.0,2838.0,3.687,3.065,0.0,40.0,13.5,14.7,2.2,0.0,,,90.0,88.0,,,,,138.0,,,,,,,,,,,,,,,,0.0,,1.0,2839.9,,,,,,,,,,,,,,,,,,,,,,,,,,0.0,2.965,0.0,,,,,,,,,,,,,,,,,,,,,""
7866395212,"Sep 25, 2022, 3:36:13 PM",Morning Run,Run,,4326,13.37,,,false,,,activities/8406686473.fit.gz,,,4326.0,3964.0,13376.9,4.473,3.375,13.4,108.0,11.3,16.7,5.4,0.0,,,92.0,88.0,,,,,630.0,,,,,,,,,,,,,,,,0.0,,1.0,13388.8,,,,,,,,,,,,,,,,,,,,,,,,,,0.0,3.092,1436.9,,,,,,,,,,,,,,,,,,,,,""
7860620615,"Sep 24, 2022, 4:08:46 PM",Morning Run,Run,,3192,9.98,,,false,,,activities/8400082588.fit.gz,,,3192.0,3000.0,9982.0,4.48,3.327,4.7,144.0,14.4,19.2,3.7,0.0,,,91.0,87.0,,,,,469.0,,,,,,,,,,,,,,,,0.0,,1.0,9990.2,,,,,,,,,,,,,,,,,,,,,,,,,,0.0,3.127,0.0,,,,,,,,,,,,,,,,,,,,,""
7855119908,"Sep 23, 2022, 4:25:39 PM",Morning Run,Run,,952,2.48,,,false,,,activities/8393891887.fit.gz,,,952.0,898.0,2480.5,3.314,2.762,2.3,34.0,13.6,16.1,0.8,0.0,,,90.0,87.0,,,,,129.0,,,,,,,,,,,,,,,,0.0,,1.0,2482.1,,,,,,,,,,,,,,,,,,,,,,,,,,0.0,2.606,0.0,,,,,,,,,,,,,,,,,,,,,""
7855012931,"Sep 23, 2022, 3:46:49 PM",Morning Run,Run,,1862,6.74,,,false,,,activities/8393773270.fit.gz,,,1862.0,1799.0,6743.8,5.653,3.749,0.0,88.0,15.0,16.1,1.1,0.0,,,94.0,87.0,,,,,316.0,,,,,,,,,,,,,,,,0.0,,1.0,6747.5,,,,,,,,,,,,,,,,,,,,,,,,,,0.0,3.622,0.0,,,,,,,,,,,,,,,,,,,,,""
7854797415,"Sep 23, 2022, 3:19:23 PM",Morning Run,Run,,912,2.89,,,false,,,activities/8393532336.fit.gz,,,912.0,912.0,2895.1,4.615,3.174,2.8,102.0,14.2,17.3,3.9,0.0,,,91.0,88.0,,,,,140.0,,,,,,,,,,,,,,,,0.0,,1.0,2898.3,,,,,,,,,,,,,,,,,,,,,,,,,,0.0,3.174,163.8,,,,,,,,,,,,,,,,,,,,,""
7850294133,"Sep 22, 2022, 4:17:29 PM",Morning Run,Run,,2927,9.20,,,false,,,activities/8388481954.fit.gz,,,2927.0,2700.0,9205.1,5.616,3.409,24.4,199.0,13.1,18.2,4.9,0.0,,,92.0,88.0,,,,,433.0,,,,,,,,,,,,,,,,0.0,,1.0,9232.4,,,,,,,,,,,,,,,,,,,,,,,,,,0.0,3.145,804.6,,,,,,,,,,,,,,,,,,,,,""
7845013662,"Sep 21, 2022, 4:09:46 PM",Morning Run,Run,,3620,11.28,,,false,,,activities/8382570167.fit.gz,,,3620.0,3390.0,11279.2,5.73,3.327,23.6,200.0,9.7,17.1,6.1,0.0,,,91.0,88.0,,,,,539.0,,,,,,,,,,,,,,,,0.0,,1.0,11301.6,,,,,,,,,,,,,,,,,,,,,,,,,,0.0,3.116,0.0,,,,,,,,,,,,,,,,,,,,,""
7839406215,"Sep 20, 2022, 4:28:32 PM",Morning Run,Run,,1220,3.74,,,false,,,activities/8376304987.fit.gz,,,1220.0,1204.0,3743.8,3.808,3.109,0.0,91.0,14.7,16.0,0.7,0.0,,,89.0,87.0,,,,,191.0,,,,,,,,,,,,,,,,0.0,,1.0,3746.2,,,,,,,,,,,,,,,,,,,,,,,,,,0.0,3.069,0.0,,,,,,,,,,,,,,,,,,,,,""
7839087820,"Sep 20, 2022, 4:03:26 PM",Morning Run,Run,,1202,4.74,,,false,,,activities/8375949515.fit.gz,,,1202.0,1202.0,4746.9,4.673,3.949,0.0,63.0,15.0,15.9,0.7,0.0,,,89.0,87.0,,,,,215.0,,,,,,,,,,,,,,,,0.0,,1.0,4749.9,,,,,,,,,,,,,,,,,,,,,,,,,,0.0,3.949,0.0,,,,,,,,,,,,,,,,,,,,,""
7838874613,"Sep 20, 2022, 3:31:24 PM",Morning Run,Run,,905,2.78,,,false,,,activities/8375710715.fit.gz,,,905.0,905.0,2782.1,4.218,3.074,0.0,80.0,15.0,16.9,1.0,0.0,,,92.0,87.0,,,,,134.0,,,,,,,,,,,,,,,,0.0,,1.0,2783.3,,,,,,,,,,,,,,,,,,,,,,,,,,0.0,3.074,0.0,,,,,,,,,,,,,,,,,,,,,""
7822977806,"Sep 17, 2022, 2:46:55 PM",Morning Run,Run,,991,2.84,,,false,,,activities/8357706171.fit.gz,,,991.0,902.0,2843.3,4.613,3.152,33.5,71.0,311.8,333.6,9.9,0.1,,,91.0,88.0,,,,,135.0,,,,,,,,,,,,,,,,0.0,,1.0,2895.6,,,,,,,,,,,,,,,,,,,,,,,,,,0.0,2.869,0.0,,,,,,,,,,,,,,,,,,,,,""
7819455859,"Sep 16, 2022, 10:26:02 PM",Afternoon Run,Run,,1747,5.03,,,false,,,activities/8353749293.fit.gz,,,1747.0,1545.0,5032.8,3.943,3.257,44.1,69.0,298.2,323.9,13.0,0.0,,,91.0,87.0,,,,,239.0,,,,,,,,,,,,,,,,0.0,,1.0,5126.9,,,,,,,,,,,,,,,,,,,,,,,,,,0.0,2.881,0.0,,,,,,,,,,,,,,,,,,,,,""
7815040826,"Sep 15, 2022, 11:46:33 PM",Afternoon Run,Run,,1018,3.23,,,false,,,activities/8348779505.fit.gz,,,1018.0,1018.0,3233.7,3.609,3.176,0.0,39.0,14.8,15.7,0.6,0.0,,,87.0,85.0,,,,,152.0,,,,,,,,,,,,,,,,0.0,,1.0,3234.7,,,,,,,,,,,,,,,,,,,,,,,,,,0.0,3.176,0.0,,,,,,,,,,,,,,,,,,,,,""
7814798601,"Sep 15, 2022, 10:27:11 PM",Afternoon Swim,Swim,,1644,869,,,false,,,activities/8348514917.fit.gz,,,1644.0,1247.0,868.7,1.634,0.697,0.0,0.0,,,0.0,0.0,,,,27.0,,,,,122.0,,,,,,,,,,,,,,,,0.0,,1.0,,,,,,,,,,,,,,,,,,,,,,,,,,,0.0,0.528,0.0,,,,,,,,,,,,,,,,,,,,,""
7809335233,"Sep 14, 2022, 8:12:27 PM",Afternoon Swim,Swim,,3895,"1,989",,,false,,,activities/8342403109.fit.gz,,,3895.0,3520.0,1988.8,3.81,0.565,0.0,0.0,,,0.0,0.0,,,,30.0,,,,,275.0,,,,,,,,,,,,,,,,0.0,,1.0,,,,,,,,,,,,,,,,,,,,,,,,,,,0.0,0.511,0.0,,,,,,,,,,,,,,,,,,,,,""
7802092690,"Sep 13, 2022, 3:35:31 PM",Morning Run,Run,,1235,3.03,,,false,,,activities/8334313992.fit.gz,,,1235.0,1060.0,3037.3,3.574,2.865,0.0,47.0,13.8,15.1,1.0,0.0,,,93.0,89.0,,,,,148.0,,,,,,,,,,,,,,,,0.0,,1.0,3037.8,,,,,,,,,,,,,,,,,,,,,,,,,,0.0,2.459,608.6,,,,,,,,,,,,,,,,,,,,,""
7802022653,"Sep 13, 2022, 3:01:50 PM",Morning Run,Run,,1592,5.50,,,false,,,activities/8334236308.fit.gz,,,1592.0,1393.0,5501.4,5.44,3.949,0.0,65.0,14.7,15.4,1.1,0.0,,,114.0,91.0,,,,,255.0,,,,,,,,,,,,,,,,0.0,,1.0,5503.0,,,,,,,,,,,,,,,,,,,,,,,,,,0.0,3.456,5501.4,,,,,,,,,,,,,,,,,,,,,""
7802021645,"Sep 13, 2022, 2:37:18 PM",Morning Run,Run,,1024,3.12,,,false,,,activities/8334235210.fit.gz,,,1024.0,941.0,3126.1,4.029,3.322,0.0,55.0,13.8,15.0,2.8,0.0,,,92.0,89.0,,,,,147.0,,,,,,,,,,,,,,,,0.0,,1.0,3128.6,,,,,,,,,,,,,,,,,,,,,,,,,,0.0,3.053,0.0,,,,,,,,,,,,,,,,,,,,,""
7793062622,"Sep 11, 2022, 4:49:12 PM",Morning Run,Run,,4749,16.11,,,false,,,activities/8324141005.fit.gz,,,4749.0,4636.0,16110.2,5.022,3.475,19.6,374.0,95.3,100.7,3.3,0.0,,,93.0,88.0,,,,,772.0,,,,,,,,,,,,,,,,0.0,,1.0,16139.5,,,,,,,,,,,,,,,,,,,,,,,,,,0.0,3.392,0.0,,,,,,,,,,,,,,,,,,,,,""
7787035077,"Sep 10, 2022, 6:56:56 PM",Lunch Ride,Ride,,2732,0,,,false,,,activities/8317251743.fit.gz,,,2732.0,2732.0,0.0,0.0,0.0,0.0,0.0,,,0.0,0.0,,,,,,,,,194.0,,,,,,,,,,,,,,,,0.0,,1.0,,,,,,,,,,,,,,,,,,,,,,,,,,,0.0,0.0,0.0,,,,,,,,,,,,,,,,,,,,,""
7781418721,"Sep 9, 2022, 3:42:09 PM",Morning Run,Run,,969,2.41,,,false,,,activities/8310920466.fit.gz,,,969.0,969.0,2412.9,3.118,2.49,0.0,42.0,11.4,13.1,5.2,0.0,,,89.0,87.0,,,,,125.0,,,,,,,,,,,,,,,,0.0,,1.0,2423.7,,,,,,,,,,,,,,,,,,,,,,,,,,0.0,2.49,0.0,,,,,,,,,,,,,,,,,,,,,""
7781418297,"Sep 9, 2022, 3:03:50 PM",Morning Run,Run,,1859,5.04,,,false,,,activities/8310920142.fit.gz,,,1859.0,1079.0,5041.9,6.546,4.673,0.0,51.0,10.8,13.2,12.9,0.0,,,106.0,93.0,,,,,180.0,,,,,,,,,,,,,,,,0.0,,1.0,5058.7,,,,,,,,,,,,,,,,,,,,,,,,,,0.0,2.712,0.0,,,,,,,,,,,,,,,,,,,,,""
7781417501,"Sep 9, 2022, 2:38:27 PM",Morning Run,Run,,913,2.91,,,false,,,activities/8310919426.fit.gz,,,913.0,906.0,2910.3,3.776,3.212,2.5,50.0,10.6,13.2,1.6,0.0,,,93.0,88.0,,,,,143.0,,,,,,,,,,,,,,,,0.0,,1.0,2913.3,,,,,,,,,,,,,,,,,,,,,,,,,,0.0,3.188,2449.0,,,,,,,,,,,,,,,,,,,,,""
7776849699,"Sep 8, 2022, 8:22:22 PM",Afternoon Swim,Swim,,1149,549,,,false,,,activities/8305737791.fit.gz,,,1149.0,882.0,548.6,1.906,0.622,0.0,0.0,,,0.0,0.0,,,,24.0,,,,,91.0,,,,,,,,,,,,,,,,0.0,,1.0,,,,,,,,,,,,,,,,,,,,,,,,,,,0.0,0.477,0.0,,,,,,,,,,,,,,,,,,,,,""
7775353090,"Sep 8, 2022, 2:42:42 PM",Morning Run,Run,,2704,8.78,,,false,,,activities/8304070284.fit.gz,,,2704.0,2704.0,8781.4,5.855,3.248,13.5,153.0,13.9,18.1,4.3,0.0,,,92.0,87.0,,,,,416.0,,,,,,,,,,,,,,,,0.0,,1.0,8797.8,,,,,,,,,,,,,,,,,,,,,,,,,,0.0,3.248,1063.5,,,,,,,,,,,,,,,,,,,,,""
7770191220,"Sep 7, 2022, 2:57:52 PM",Morning Run,Run,,3821,10.32,,,false,,,activities/8298244562.fit.gz,,,3821.0,3300.0,10321.8,3.977,3.128,6.9,164.0,13.2,18.6,3.1,0.0,,,93.0,89.0,,,,,455.0,,,,,,,,,,,,,,,,0.0,,1.0,10330.9,,,,,,,,,,,,,,,,,,,,,,,,,,0.0,2.701,0.0,,,,,,,,,,,,,,,,,,,,,""
7764283582,"Sep 6, 2022, 3:04:03 PM",Morning Run,Run,,1149,2.52,,,false,,,activities/8291616090.fit.gz,,,1149.0,903.0,2525.5,3.56,2.797,0.0,36.0,13.9,14.7,1.2,0.0,,,95.0,89.0,,,,,128.0,,,,,,,,,,,,,,,,0.0,,1.0,2526.4,,,,,,,,,,,,,,,,,,,,,,,,,,0.0,2.198,0.0,,,,,,,,,,,,,,,,,,,,,""
7764278374,"Sep 6, 2022, 2:16:59 PM",Morning Run,Run,,1985,7.32,,,false,,,activities/8291610193.fit.gz,,,1985.0,1802.0,7325.6,5.518,4.065,4.9,72.0,11.9,14.8,1.2,0.0,,,96.0,91.0,,,,,330.0,,,,,,,,,,,,,,,,0.0,,1.0,7329.0,,,,,,,,,,,,,,,,,,,,,,,,,,0.0,3.69,0.0,,,,,,,,,,,,,,,,,,,,,""
7764199889,"Sep 6, 2022, 1:54:57 PM",Morning Run,Run,,962,3.01,,,false,,,activities/8291521899.fit.gz,,,962.0,918.0,3011.7,3.924,3.281,0.0,115.0,13.9,14.9,2.1,0.0,,,93.0,90.0,,,,,127.0,,,,,,,,,,,,,,,,0.0,,1.0,3014.1,,,,,,,,,,,,,,,,,,,,,,,,,,0.0,3.131,0.0,,,,,,,,,,,,,,,,,,,,,""
7754264948,"Sep 4, 2022, 2:15:47 PM",Morning Run,Run,,4624,15.06,,,false,,,activities/8280284190.fit.gz,,,4624.0,4423.0,15060.8,5.761,3.405,10.6,180.0,10.0,15.9,4.1,0.0,,,93.0,88.0,,,,,738.0,,,,,,,,,,,,,,,,0.0,,1.0,15074.7,,,,,,,,,,,,,,,,,,,,,,,,,,0.0,3.257,10960.3,,,,,,,,,,,,,,,,,,,,,""
7749267570,"Sep 3, 2022, 6:30:06 PM",Lunch Run,Run,,2115,3.45,,,false,,,activities/8274578283.fit.gz,,,2115.0,1252.0,3457.8,3.456,2.762,12.8,44.0,43.6,53.2,4.4,0.1,,,90.0,86.0,,,,,156.0,,,,,,,,,,,,,,,,0.0,,1.0,3494.7,,,,,,,,,,,,,,,,,,,,,,,,,,0.0,1.635,372.5,,,,,,,,,,,,,,,,,,,,,""
7749265953,"Sep 3, 2022, 5:07:02 PM",Morning Run,Run,,919,3.04,,,false,,,activities/8274576331.fit.gz,,,919.0,919.0,3043.2,3.606,3.311,0.0,0.0,,,0.0,0.0,,,92.0,88.0,,,,,141.0,,,,,,,,,,,,,,,,0.0,,1.0,,,,,,,,,,,,,,,,,,,,,,,,,,,0.0,3.311,0.0,,,,,,,,,,,,,,,,,,,,,""
7742683673,"Sep 2, 2022, 3:34:31 PM",Morning Run,Run,,1519,4.96,,,false,,,activities/8267030740.fit.gz,,,1519.0,1519.0,4959.8,4.47,3.265,8.8,103.0,13.3,17.3,3.7,0.0,,,93.0,88.0,,,,,233.0,,,,,,,,,,,,,,,,0.0,,1.0,4968.3,,,,,,,,,,,,,,,,,,,,,,,,,,0.0,3.265,162.0,,,,,,,,,,,,,,,,,,,,,""
7737411000,"Sep 1, 2022, 4:21:01 PM",Morning Run,Run,,2970,8.64,,,false,,,activities/8261123616.fit.gz,,,2970.0,2696.0,8647.9,6.74,3.208,27.4,96.0,13.6,22.9,6.6,0.0,,,94.0,89.0,,,,,400.0,,,,,,,,,,,,,,,,0.0,,1.0,8690.9,,,,,,,,,,,,,,,,,,,,,,,,,,0.0,2.912,6464.4,,,,,,,,,,,,,,,,,,,,,""
7731981197,"Aug 31, 2022, 3:43:10 PM",Morning Run,Run,,892,2.27,,,false,,,activities/8255045763.fit.gz,,,892.0,870.0,2276.2,3.408,2.616,2.3,26.0,11.7,14.1,2.4,0.0,,,92.0,87.0,,,,,116.0,,,,,,,,,,,,,,,,0.0,,1.0,2278.1,,,,,,,,,,,,,,,,,,,,,,,,,,0.0,2.552,917.6,,,,,,,,,,,,,,,,,,,,,""
7731630151,"Aug 31, 2022, 3:02:36 PM",Morning Run,Run,,1664,5.94,,,false,,,activities/8254654011.fit.gz,,,1664.0,1358.0,5942.4,6.045,4.376,0.0,52.0,10.8,13.2,4.7,0.0,,,99.0,91.0,,,,,251.0,,,,,,,,,,,,,,,,0.0,,1.0,5957.0,,,,,,,,,,,,,,,,,,,,,,,,,,0.0,3.571,0.0,,,,,,,,,,,,,,,,,,,,,""
7731410651,"Aug 31, 2022, 2:34:01 PM",Morning Run,Run,,1005,2.97,,,false,,,activities/8254407559.fit.gz,,,1005.0,901.0,2975.2,3.991,3.302,2.5,40.0,10.6,13.2,1.4,0.0,,,91.0,89.0,,,,,149.0,,,,,,,,,,,,,,,,0.0,,1.0,2977.2,,,,,,,,,,,,,,,,,,,,,,,,,,0.0,2.96,2357.9,,,,,,,,,,,,,,,,,,,,,""
7726147556,"Aug 30, 2022, 3:27:59 PM",Morning Run,Run,,3090,10.27,,,false,,,activities/8248531487.fit.gz,,,3090.0,3002.0,10276.2,4.448,3.423,5.3,107.0,10.6,15.9,2.4,0.0,,,92.0,88.0,,,,,492.0,,,,,,,,,,,,,,,,0.0,,1.0,10282.0,,,,,,,,,,,,,,,,,,,,,,,,,,0.0,3.326,5474.8,,,,,,,,,,,,,,,,,,,,,""
7715763208,"Aug 28, 2022, 2:40:13 PM",Morning Run,Run,,4864,15.88,,,false,,,activities/8236831821.fit.gz,,,4864.0,4508.0,15881.2,4.34,3.523,12.7,135.0,2.7,6.8,2.1,0.0,,,93.0,89.0,,,,,761.0,,,,,,,,,,,,,,,,0.0,,1.0,15892.4,,,,,,,,,,,,,,,,,,,,,,,,,,0.0,3.265,5657.6,,,,,,,,,,,,,,,,,,,,,""
7710268246,"Aug 27, 2022, 4:47:01 PM",Morning Run,Run,,3024,8.55,,,false,,,activities/8230562046.fit.gz,,,3024.0,2709.0,8557.6,4.047,3.159,3.8,152.0,14.8,18.8,1.5,0.0,,,90.0,88.0,,,,,399.0,,,,,,,,,,,,,,,,0.0,,1.0,8562.4,,,,,,,,,,,,,,,,,,,,,,,,,,0.0,2.83,0.0,,,,,,,,,,,,,,,,,,,,,""
7704047715,"Aug 26, 2022, 3:43:29 PM",Morning Run,Run,,903,2.34,,,false,,,activities/8223582403.fit.gz,,,903.0,903.0,2346.8,3.112,2.599,0.0,33.0,11.4,13.1,3.8,0.0,,,89.0,85.0,,,,,138.0,,,,,,,,,,,,,,,,0.0,,1.0,2355.3,,,,,,,,,,,,,,,,,,,,,,,,,,0.0,2.599,0.0,,,,,,,,,,,,,,,,,,,,,""
7703892833,"Aug 26, 2022, 3:04:01 PM",Morning Run,Run,,1676,6.44,,,false,,,activities/8223405969.fit.gz,,,1676.0,1676.0,6448.4,5.24,3.848,0.0,83.0,11.4,13.1,6.1,0.0,,,95.0,88.0,,,,,299.0,,,,,,,,,,,,,,,,0.0,,1.0,6470.7,,,,,,,,,,,,,,,,,,,,,,,,,,0.0,3.848,0.0,,,,,,,,,,,,,,,,,,,,,""
7703649153,"Aug 26, 2022, 2:33:40 PM",Morning Run,Run,,904,2.93,,,false,,,activities/8223129369.fit.gz,,,904.0,904.0,2933.5,4.24,3.245,2.5,46.0,10.6,13.2,1.4,0.0,,,94.0,89.0,,,,,143.0,,,,,,,,,,,,,,,,0.0,,1.0,2936.2,,,,,,,,,,,,,,,,,,,,,,,,,,0.0,3.245,2567.5,,,,,,,,,,,,,,,,,,,,,""
7698825324,"Aug 25, 2022, 3:48:04 PM",Morning Run,Run,,3438,10.20,,,false,,,activities/8217502926.fit.gz,,,3438.0,2995.0,10201.1,5.568,3.406,22.8,190.0,10.0,16.6,4.8,0.0,,,96.0,89.0,,,,,455.0,,,,,,,,,,,,,,,,0.0,,1.0,10220.3,,,,,,,,,,,,,,,,,,,,,,,,,,0.0,2.967,0.0,,,,,,,,,,,,,,,,,,,,,""
7692881304,"Aug 24, 2022, 2:45:53 PM",Morning Run,Run,,3413,9.21,,,false,,,activities/8210847993.fit.gz,,,3413.0,3042.0,9214.8,4.19,3.029,137.0,370.0,2069.3,2136.8,35.3,-0.1,,,96.0,88.0,,,,,384.0,,,,,,,,,,,,,,,,0.0,,1.0,9502.0,,,,,,,,,,,,,,,,,,,,,,,,,,0.0,2.7,6946.0,,,,,,,,,,,,,,,,,,,,,""
7687887534,"Aug 23, 2022, 5:04:19 PM",Morning Run,Run,,1611,2.64,,,false,,,activities/8205266059.fit.gz,,,1611.0,1037.0,2644.2,3.482,2.55,20.7,66.0,2100.6,2128.4,31.7,-0.4,,,111.0,87.0,,,,,141.0,,,,,,,,,,,,,,,,0.0,,1.0,2699.1,,,,,,,,,,,,,,,,,,,,,,,,,,0.0,1.641,1233.6,,,,,,,,,,,,,,,,,,,,,""
7687886081,"Aug 23, 2022, 4:22:09 PM",Morning Run,Run,,1520,4.88,,,false,,,activities/8205264534.fit.gz,,,1520.0,1520.0,4883.1,4.488,3.213,120.0,82.0,2016.1,2128.8,13.2,2.2,,,94.0,89.0,,,,,247.0,,,,,,,,,,,,,,,,0.0,,1.0,5304.3,,,,,,,,,,,,,,,,,,,,,,,,,,0.0,3.213,4883.1,,,,,,,,,,,,,,,,,,,,,""
7687882029,"Aug 23, 2022, 3:38:41 PM",Morning Run,Run,,726,2.33,,,false,,,activities/8205260079.fit.gz,,,726.0,726.0,2329.8,4.206,3.209,29.2,153.0,2106.3,2130.4,8.0,-0.1,,,93.0,89.0,,,,,108.0,,,,,,,,,,,,,,,,0.0,,1.0,2383.6,,,,,,,,,,,,,,,,,,,,,,,,,,0.0,3.209,844.0,,,,,,,,,,,,,,,,,,,,,""
7684436560,"Aug 22, 2022, 4:02:22 PM",Morning Run,Run,,2603,4.83,,,false,,,activities/8201404419.fit.gz,,,2603.0,1897.0,4832.4,4.49,2.547,54.6,171.0,2069.8,2102.6,40.0,0.0,,,93.0,82.0,,,,,228.0,,,,,,,,,,,,,,,,0.0,,1.0,4967.0,,,,,,,,,,,,,,,,,,,,,,,,,,0.0,1.856,4832.4,,,,,,,,,,,,,,,,,,,,,""
7677364445,"Aug 21, 2022, 4:10:09 PM",Morning Run,Run,,4783,15.12,,,false,,,activities/8193427066.fit.gz,,,4783.0,4511.0,15122.8,4.393,3.352,187.2,370.0,1751.1,1821.7,8.4,0.0,,,93.0,89.0,,,,,727.0,,,,,,,,,,,,,,,,0.0,,1.0,15396.9,,,,,,,,,,,,,,,,,,,,,,,,,,0.0,3.162,15122.8,,,,,,,,,,,,,,,,,,,,,""
7670547800,"Aug 20, 2022, 3:07:02 PM",Morning Run,Run,,3085,10.12,,,false,,,activities/8185654428.fit.gz,,,3085.0,3005.0,10121.9,4.318,3.368,3.8,183.0,14.9,18.8,1.6,0.0,,,92.0,88.0,,,,,482.0,,,,,,,,,,,,,,,,0.0,,1.0,10127.6,,,,,,,,,,,,,,,,,,,,,,,,,,0.0,3.281,0.0,,,,,,,,,,,,,,,,,,,,,""
7665006578,"Aug 19, 2022, 3:37:16 PM",Morning Run,Run,,1034,2.34,,,false,,,activities/8179418538.fit.gz,,,1034.0,955.0,2340.6,2.991,2.451,0.0,48.0,11.4,13.1,16.0,0.0,,,92.0,87.0,,,,,117.0,,,,,,,,,,,,,,,,0.0,,1.0,2347.0,,,,,,,,,,,,,,,,,,,,,,,,,,0.0,2.264,0.0,,,,,,,,,,,,,,,,,,,,,""
7665006104,"Aug 19, 2022, 3:03:10 PM",Morning Run,Run,,1382,5.42,,,false,,,activities/8179417950.fit.gz,,,1382.0,1382.0,5424.7,5.122,3.925,0.0,81.0,11.4,13.1,4.4,0.0,,,98.0,89.0,,,,,240.0,,,,,,,,,,,,,,,,0.0,,1.0,5440.8,,,,,,,,,,,,,,,,,,,,,,,,,,0.0,3.925,0.0,,,,,,,,,,,,,,,,,,,,,""
7664628354,"Aug 19, 2022, 2:35:55 PM",Morning Run,Run,,908,3.04,,,false,,,activities/8178992571.fit.gz,,,908.0,902.0,3040.4,4.163,3.371,2.5,57.0,10.6,13.2,2.7,0.0,,,93.0,88.0,,,,,148.0,,,,,,,,,,,,,,,,0.0,,1.0,3041.6,,,,,,,,,,,,,,,,,,,,,,,,,,0.0,3.349,2402.6,,,,,,,,,,,,,,,,,,,,,""
7659871082,"Aug 18, 2022, 3:26:51 PM",Morning Run,Run,,3348,11.27,,,false,,,activities/8173663238.fit.gz,,,3348.0,3256.0,11273.4,5.608,3.462,22.4,195.0,13.1,20.9,6.0,0.0,,,94.0,89.0,,,,,537.0,,,,,,,,,,,,,,,,0.0,,1.0,11300.5,,,,,,,,,,,,,,,,,,,,,,,,,,0.0,3.367,2745.1,,,,,,,,,,,,,,,,,,,,,""
7654158274,"Aug 17, 2022, 2:57:24 PM",Morning Run,Run,,3323,9.67,,,false,,,activities/8167293075.fit.gz,,,3323.0,3082.0,9669.3,4.144,3.137,8.9,195.0,11.9,18.4,4.0,0.0,,,94.0,88.0,,,,,449.0,,,,,,,,,,,,,,,,0.0,,1.0,9683.9,,,,,,,,,,,,,,,,,,,,,,,,,,0.0,2.91,2268.4,,,,,,,,,,,,,,,,,,,,,""
7648503161,"Aug 16, 2022, 3:52:24 PM",Morning Run,Run,,1519,2.19,,,false,,,activities/8161021544.fit.gz,,,1519.0,814.0,2197.5,3.351,2.7,0.0,44.0,13.5,14.6,3.2,0.0,,,91.0,87.0,,,,,111.0,,,,,,,,,,,,,,,,0.0,,1.0,2198.8,,,,,,,,,,,,,,,,,,,,,,,,,,0.0,1.447,0.0,,,,,,,,,,,,,,,,,,,,,""
7648485431,"Aug 16, 2022, 3:19:04 PM",Morning Run,Run,,1757,6.03,,,false,,,activities/8161001909.fit.gz,,,1757.0,1717.0,6038.7,5.353,3.517,5.7,59.0,11.9,14.8,1.2,0.0,,,94.0,87.0,,,,,280.0,,,,,,,,,,,,,,,,0.0,,1.0,6042.7,,,,,,,,,,,,,,,,,,,,,,,,,,0.0,3.437,0.0,,,,,,,,,,,,,,,,,,,,,""
7648484147,"Aug 16, 2022, 2:51:16 PM",Morning Run,Run,,1128,3.31,,,false,,,activities/8161000458.fit.gz,,,1128.0,1069.0,3318.9,6.683,3.105,0.0,52.0,13.7,15.6,1.6,0.0,,,91.0,87.0,,,,,161.0,,,,,,,,,,,,,,,,0.0,,1.0,3323.3,,,,,,,,,,,,,,,,,,,,,,,,,,0.0,2.942,0.0,,,,,,,,,,,,,,,,,,,,,""
7643530683,"Aug 15, 2022, 5:26:14 PM",Morning Run,Run,,447,0.37,,,false,,,activities/8155507238.fit.gz,,,447.0,181.0,370.6,3.646,2.048,0.0,21.0,14.3,14.4,0.8,0.0,,,,0.0,,,,,14.0,,,,,,,,,,,,,,,,0.0,,1.0,370.7,,,,,,,,,,,,,,,,,,,,,,,,,,0.0,0.829,0.0,,,,,,,,,,,,,,,,,,,,,""
7638977735,"Aug 14, 2022, 6:45:08 PM",Lunch Run,Run,,6019,17.30,,,false,,,activities/8150409465.fit.gz,,,6019.0,4805.0,17304.5,8.242,3.601,54.0,364.0,6.6,45.0,8.7,0.0,,,94.0,89.0,,,,,778.0,,,,,,,,,,,,,,,,0.0,,1.0,17372.4,,,,,,,,,,,,,,,,,,,,,,,,,,0.0,2.875,13491.5,,,,,,,,,,,,,,,,,,,,,""
7634246109,"Aug 14, 2022, 12:04:13 AM",Afternoon Run,Run,,3445,10.01,,,false,,,activities/8145094854.fit.gz,,,3445.0,3107.0,10010.8,4.354,3.222,105.1,245.0,6.2,71.4,13.8,0.0,,,123.0,88.0,,,,,460.0,,,,,,,,,,,,,,,,0.0,,1.0,10165.4,,,,,,,,,,,,,,,,,,,,,,,,,,0.0,2.906,4554.6,,,,,,,,,,,,,,,,,,,,,""
7626816775,"Aug 12, 2022, 5:26:30 PM",Morning Run,Run,,3039,7.14,,,false,,,activities/8136778947.fit.gz,,,3039.0,2229.0,7144.6,5.68,3.205,87.7,112.0,398.9,485.0,7.5,0.0,,,106.0,89.0,,,,,326.0,,,,,,,,,,,,,,,,0.0,,1.0,7250.0,,,,,,,,,,,,,,,,,,,,,,,,,,0.0,2.351,5306.6,,,,,,,,,,,,,,,,,,,,,""
7622612845,"Aug 11, 2022, 9:14:51 PM",Afternoon Swim,Swim,,2770,"1,669",,,false,,,activities/8132103020.fit.gz,,,2770.0,2726.0,1668.8,1.906,0.612,0.0,0.0,,,0.0,0.0,,,,25.0,,,,,238.0,,,,,,,,,,,,,,,,0.0,,1.0,,,,,,,,,,,,,,,,,,,,,,,,,,,0.0,0.602,0.0,,,,,,,,,,,,,,,,,,,,,""
7618026584,"Aug 11, 2022, 1:09:54 AM",Evening Run,Run,,4128,11.27,,,false,,,activities/8127011241.fit.gz,,,4128.0,3401.0,11274.7,4.026,3.315,35.3,219.0,135.4,159.7,4.1,0.0,,,93.0,88.0,,,,,510.0,,,,,,,,,,,,,,,,0.0,,1.0,11296.6,,,,,,,,,,,,,,,,,,,,,,,,,,0.0,2.731,0.0,,,,,,,,,,,,,,,,,,,,,""
7612439476,"Aug 10, 2022, 2:59:02 AM",Evening Run,Run,,1010,1.61,,,false,,,activities/8120829654.fit.gz,,,1010.0,648.0,1617.3,3.131,2.496,5.0,21.0,389.8,395.0,3.4,0.1,,,87.0,85.0,,,,,82.0,,,,,,,,,,,,,,,,0.0,,1.0,1626.2,,,,,,,,,,,,,,,,,,,,,,,,,,0.0,1.601,1240.5,,,,,,,,,,,,,,,,,,,,,""
7612434719,"Aug 10, 2022, 2:14:10 AM",Evening Run,Run,,2351,8.48,,,false,,,activities/8120824361.fit.gz,,,2351.0,2351.0,8486.8,4.767,3.61,0.0,76.0,394.4,395.0,0.7,0.0,,,93.0,88.0,,,,,387.0,,,,,,,,,,,,,,,,0.0,,1.0,8490.5,,,,,,,,,,,,,,,,,,,,,,,,,,0.0,3.61,8486.8,,,,,,,,,,,,,,,,,,,,,""
7612300290,"Aug 10, 2022, 1:58:28 AM",Evening Run,Run,,601,1.88,,,false,,,activities/8120677182.fit.gz,,,601.0,601.0,1881.2,3.791,3.13,16.9,18.0,390.9,396.0,3.8,0.0,,,90.0,86.0,,,,,91.0,,,,,,,,,,,,,,,,0.0,,1.0,1896.3,,,,,,,,,,,,,,,,,,,,,,,,,,0.0,3.13,0.0,,,,,,,,,,,,,,,,,,,,,""
7601042312,"Aug 8, 2022, 1:02:09 AM",Evening Run,Run,,5474,16.10,,,false,,,activities/8108221140.fit.gz,,,5474.0,4516.0,16102.2,4.207,3.566,5.9,194.0,2.1,5.8,4.5,0.0,,,94.0,90.0,,,,,694.0,,,,,,,,,,,,,,,,0.0,,1.0,16116.4,,,,,,,,,,,,,,,,,,,,,,,,,,0.0,2.942,0.0,,,,,,,,,,,,,,,,,,,,,""
7593092132,"Aug 6, 2022, 3:14:07 PM",Morning Run,Run,,2839,8.58,,,false,,,activities/8099197703.fit.gz,,,2839.0,2732.0,8581.5,3.693,3.141,53.7,116.0,467.9,487.7,5.7,0.0,,,93.0,88.0,,,,,410.0,,,,,,,,,,,,,,,,0.0,,1.0,8631.4,,,,,,,,,,,,,,,,,,,,,,,,,,0.0,3.023,6852.0,,,,,,,,,,,,,,,,,,,,,""
7589604362,"Aug 6, 2022, 2:26:05 AM",Evening Run,Run,,1096,3.22,,,false,,,activities/8095322511.fit.gz,,,1096.0,1096.0,3227.5,3.436,2.945,0.0,51.0,3.4,5.0,1.3,0.0,,,92.0,88.0,,,,,160.0,,,,,,,,,,,,,,,,0.0,,1.0,3228.6,,,,,,,,,,,,,,,,,,,,,,,,,,0.0,2.945,0.0,,,,,,,,,,,,,,,,,,,,,""
7589546642,"Aug 6, 2022, 2:03:39 AM",Evening Run,Run,,1202,4.91,,,false,,,activities/8095259067.fit.gz,,,1202.0,1202.0,4911.1,4.802,4.086,2.1,80.0,3.5,5.8,2.4,0.0,,,93.0,89.0,,,,,217.0,,,,,,,,,,,,,,,,0.0,,1.0,4916.0,,,,,,,,,,,,,,,,,,,,,,,,,,0.0,4.086,0.0,,,,,,,,,,,,,,,,,,,,,""
7589489668,"Aug 6, 2022, 1:40:30 AM",Evening Run,Run,,918,2.86,,,false,,,activities/8095195709.fit.gz,,,918.0,918.0,2865.4,3.634,3.121,0.0,49.0,3.1,5.0,1.5,0.0,,,88.0,88.0,,,,,135.0,,,,,,,,,,,,,,,,0.0,,1.0,2869.1,,,,,,,,,,,,,,,,,,,,,,,,,,0.0,3.121,0.0,,,,,,,,,,,,,,,,,,,,,""
7584625967,"Aug 5, 2022, 1:24:45 AM",Evening Run,Run,,3664,8.95,,,false,,,activities/8089769313.fit.gz,,,3664.0,2772.0,8958.0,6.834,3.232,91.1,165.0,391.1,478.6,4.7,0.0,,,101.0,88.0,,,,,377.0,,,,,,,,,,,,,,,,0.0,,1.0,9042.0,,,,,,,,,,,,,,,,,,,,,,,,,,0.0,2.445,36.5,,,,,,,,,,,,,,,,,,,,,""
7579175821,"Aug 4, 2022, 1:39:31 AM",Evening Run,Run,,3697,10.24,,,false,,,activities/8083725256.fit.gz,,,3697.0,3305.0,10247.2,4.28,3.101,260.9,291.0,473.2,666.3,19.3,0.0,,,112.0,88.0,,,,,492.0,,,,,,,,,,,,,,,,0.0,,1.0,10958.6,,,,,,,,,,,,,,,,,,,,,,,,,,0.0,2.772,5974.1,,,,,,,,,,,,,,,,,,,,,""
7573465949,"Aug 3, 2022, 1:43:56 AM",Evening Run,Run,,3796,11.38,,,false,,,activities/8077404381.fit.gz,,,3796.0,3416.0,11383.4,5.424,3.332,69.6,188.0,460.0,487.8,14.0,0.0,,,95.0,88.0,,,,,525.0,,,,,,,,,,,,,,,,0.0,,1.0,11485.8,,,,,,,,,,,,,,,,,,,,,,,,,,0.0,2.999,7262.4,,,,,,,,,,,,,,,,,,,,,""
7572283192,"Aug 2, 2022, 7:16:07 PM",Lunch Swim,Swim,,2046,"1,120",,,false,,,activities/8076099637.fit.gz,,,2046.0,1825.0,1120.1,4.0,0.614,0.0,0.0,,,0.0,0.0,,,,26.0,,,,,150.0,,,,,,,,,,,,,,,,0.0,,1.0,,,,,,,,,,,,,,,,,,,,,,,,,,,0.0,0.547,0.0,,,,,,,,,,,,,,,,,,,,,""
7559852474,"Jul 31, 2022, 2:09:24 PM",Morning Run,Run,,4861,15.20,,,false,,,activities/8062306727.fit.gz,,,4861.0,4494.0,15206.5,4.387,3.384,213.6,323.0,154.9,259.9,12.4,0.1,,,96.0,89.0,,,,,702.0,,,,,,,,,,,,,,,,0.0,,1.0,15606.6,,,,,,,,,,,,,,,,,,,,,,,,,,0.0,3.128,12947.5,,,,,,,,,,,,,,,,,,,,,""
7556266242,"Jul 30, 2022, 11:53:53 PM",Afternoon Run,Run,,3023,8.62,,,false,,,activities/8058301674.fit.gz,,,3023.0,2702.0,8627.5,3.759,3.193,81.5,116.0,467.9,487.6,22.6,-0.1,,,91.0,88.0,,,,,412.0,,,,,,,,,,,,,,,,0.0,,1.0,8826.7,,,,,,,,,,,,,,,,,,,,,,,,,,0.0,2.854,6895.9,,,,,,,,,,,,,,,,,,,,,""
7551016464,"Jul 30, 2022, 2:36:07 AM",Evening Run,Run,,301,0.86,,,false,,,activities/8052450560.fit.gz,,,301.0,301.0,863.5,3.626,2.869,0.0,58.0,3.1,4.9,1.0,-0.1,,,89.0,88.0,,,,,41.0,,,,,,,,,,,,,,,,0.0,,1.0,863.6,,,,,,,,,,,,,,,,,,,,,,,,,,0.0,2.869,0.0,,,,,,,,,,,,,,,,,,,,,""
7551016381,"Jul 30, 2022, 1:51:03 AM",Evening Run,Run,,2403,9.07,,,false,,,activities/8052450455.fit.gz,,,2403.0,2403.0,9070.3,4.435,3.775,2.1,160.0,3.4,5.8,2.7,0.0,,,92.0,89.0,,,,,400.0,,,,,,,,,,,,,,,,0.0,,1.0,9079.4,,,,,,,,,,,,,,,,,,,,,,,,,,0.0,3.775,0.0,,,,,,,,,,,,,,,,,,,,,""
7543862869,"Jul 28, 2022, 3:58:57 PM",Morning Run,Run,,3442,10.37,,,false,,,activities/8044491532.fit.gz,,,3442.0,3299.0,10377.4,3.995,3.146,90.6,179.0,453.4,489.5,20.6,0.0,,,91.0,88.0,,,,,468.0,,,,,,,,,,,,,,,,0.0,,1.0,10531.9,,,,,,,,,,,,,,,,,,,,,,,,,,0.0,3.015,4903.4,,,,,,,,,,,,,,,,,,,,,""
7538908149,"Jul 27, 2022, 4:19:35 PM",Morning Run,Run,,1149,3.23,,,false,,,activities/8039018363.fit.gz,,,1149.0,1076.0,3230.7,3.533,3.003,0.0,55.0,12.2,14.3,1.2,0.0,,,89.0,87.0,,,,,159.0,,,,,,,,,,,,,,,,0.0,,1.0,3230.0,,,,,,,,,,,,,,,,,,,,,,,,,,0.0,2.812,0.0,,,,,,,,,,,,,,,,,,,,,""
7538907282,"Jul 27, 2022, 3:51:23 PM",Morning Run,Run,,1561,5.70,,,false,,,activities/8039017459.fit.gz,,,1561.0,1561.0,5699.4,4.847,3.651,0.0,69.0,14.2,14.3,0.7,0.0,,,111.0,88.0,,,,,257.0,,,,,,,,,,,,,,,,0.0,,1.0,5700.0,,,,,,,,,,,,,,,,,,,,,,,,,,0.0,3.651,0.0,,,,,,,,,,,,,,,,,,,,,""
7538905958,"Jul 27, 2022, 3:29:05 PM",Morning Run,Run,,963,3.06,,,false,,,activities/8039016045.fit.gz,,,963.0,963.0,3059.1,4.083,3.177,2.2,56.0,12.2,14.6,2.1,0.0,,,92.0,88.0,,,,,136.0,,,,,,,,,,,,,,,,0.0,,1.0,3061.4,,,,,,,,,,,,,,,,,,,,,,,,,,0.0,3.177,0.0,,,,,,,,,,,,,,,,,,,,,""
7500334834,"Jul 20, 2022, 3:32:55 PM",Morning Run,Run,,3659,11.27,,,false,,,activities/7996213431.fit.gz,,,3659.0,3440.0,11278.2,6.053,3.279,22.7,241.0,13.1,20.9,5.8,0.0,,,94.0,89.0,,,,,526.0,,,,,,,,,,,,,,,,0.0,,1.0,11305.4,,,,,,,,,,,,,,,,,,,,,,,,,,0.0,3.082,1273.9,,,,,,,,,,,,,,,,,,,,,""
7494736228,"Jul 19, 2022, 3:35:25 PM",Morning Run,Run,,1349,2.48,,,false,,,activities/7990083578.fit.gz,,,1349.0,867.0,2486.9,3.39,2.868,4.0,37.0,11.9,15.9,16.5,0.1,,,89.0,86.0,,,,,120.0,,,,,,,,,,,,,,,,0.0,,1.0,2494.1,,,,,,,,,,,,,,,,,,,,,,,,,,0.0,1.843,679.5,,,,,,,,,,,,,,,,,,,,,""
7494685892,"Jul 19, 2022, 3:18:34 PM",Morning Run,Run,,901,3.67,,,false,,,activities/7990027493.fit.gz,,,901.0,901.0,3678.7,5.496,4.083,0.0,42.0,12.4,15.9,0.6,-0.1,,,94.0,89.0,,,,,161.0,,,,,,,,,,,,,,,,0.0,,1.0,3674.9,,,,,,,,,,,,,,,,,,,,,,,,,,0.0,4.083,3642.3,,,,,,,,,,,,,,,,,,,,,""
7494685189,"Jul 19, 2022, 2:48:37 PM",Morning Run,Run,,1422,3.35,,,false,,,activities/7990026693.fit.gz,,,1422.0,1085.0,3357.4,3.792,3.094,0.0,65.0,13.9,15.6,2.8,0.0,,,90.0,87.0,,,,,154.0,,,,,,,,,,,,,,,,0.0,,1.0,3360.8,,,,,,,,,,,,,,,,,,,,,,,,,,0.0,2.361,0.0,,,,,,,,,,,,,,,,,,,,,""
7484761337,"Jul 17, 2022, 2:11:36 PM",Morning Run,Run,,4824,14.60,,,false,,,activities/7979063079.fit.gz,,,4824.0,4203.0,14607.3,4.232,3.475,106.9,291.0,290.7,330.8,8.9,-0.2,,,93.0,89.0,,,,,675.0,,,,,,,,,,,,,,,,0.0,,1.0,14697.4,,,,,,,,,,,,,,,,,,,,,,,,,,0.0,3.028,7480.4,,,,,,,,,,,,,,,,,,,,,""
7481089860,"Jul 17, 2022, 1:26:54 AM",Evening Run,Run,,2223,6.60,,,false,,,activities/7974998710.fit.gz,,,2223.0,2103.0,6606.6,3.824,3.141,29.7,98.0,372.8,397.5,6.8,0.0,,,91.0,88.0,,,,,314.0,,,,,,,,,,,,,,,,0.0,,1.0,6634.7,,,,,,,,,,,,,,,,,,,,,,,,,,0.0,2.972,0.0,,,,,,,,,,,,,,,,,,,,,""
7475638852,"Jul 16, 2022, 1:36:52 AM",Evening Run,Run,,3345,10.47,,,false,,,activities/7968983306.fit.gz,,,3345.0,2922.0,10477.8,5.532,3.586,19.1,153.0,391.2,401.2,5.4,0.0,,,92.0,88.0,,,,,465.0,,,,,,,,,,,,,,,,0.0,,1.0,10504.3,,,,,,,,,,,,,,,,,,,,,,,,,,0.0,3.132,8213.2,,,,,,,,,,,,,,,,,,,,,""
7470783375,"Jul 15, 2022, 1:13:57 AM",Evening Run,Run,,2447,8.15,,,false,,,activities/7963570922.fit.gz,,,2447.0,2447.0,8150.0,4.006,3.331,56.5,127.0,454.1,486.9,20.8,-0.1,,,91.0,88.0,,,,,383.0,,,,,,,,,,,,,,,,0.0,,1.0,8231.0,,,,,,,,,,,,,,,,,,,,,,,,,,0.0,3.331,4425.1,,,,,,,,,,,,,,,,,,,,,""
7465263861,"Jul 14, 2022, 12:16:22 AM",Afternoon Run,Run,,3638,10.05,,,false,,,activities/7957510887.fit.gz,,,3638.0,2979.0,10053.6,4.751,3.375,61.4,137.0,3.7,61.0,6.8,0.0,,,93.0,89.0,,,,,445.0,,,,,,,,,,,,,,,,0.0,,1.0,10129.0,,,,,,,,,,,,,,,,,,,,,,,,,,0.0,2.763,0.0,,,,,,,,,,,,,,,,,,,,,""
7456946699,"Jul 12, 2022, 1:38:42 PM",Morning Run,Run,,4066,11.27,,,false,,,activities/7948416504.fit.gz,,,4066.0,3236.0,11271.9,4.548,3.483,138.1,248.0,381.8,522.1,8.6,0.0,,,94.0,88.0,,,,,527.0,,,,,,,,,,,,,,,,0.0,,1.0,11429.1,,,,,,,,,,,,,,,,,,,,,,,,,,0.0,2.772,1250.2,,,,,,,,,,,,,,,,,,,,,""
7449225884,"Jul 11, 2022, 1:22:42 AM",Evening Run,Run,,4632,12.90,,,false,,,activities/7939988493.fit.gz,,,4632.0,3726.0,12902.5,4.605,3.463,53.5,181.0,2.7,14.2,11.6,0.0,,,94.0,90.0,,,,,589.0,,,,,,,,,,,,,,,,0.0,,1.0,12996.4,,,,,,,,,,,,,,,,,,,,,,,,,,0.0,2.786,0.0,,,,,,,,,,,,,,,,,,,,,""
7443725322,"Jul 10, 2022, 1:54:29 AM",Evening Run,Run,,3024,8.38,,,false,,,activities/7933905650.fit.gz,,,3024.0,2549.0,8385.1,4.298,3.29,75.9,150.0,439.7,487.6,11.3,0.0,,,123.0,89.0,,,,,388.0,,,,,,,,,,,,,,,,0.0,,1.0,8481.6,,,,,,,,,,,,,,,,,,,,,,,,,,0.0,2.773,3038.3,,,,,,,,,,,,,,,,,,,,,""
7437996314,"Jul 9, 2022, 2:49:15 AM",Evening Run,Run,,3512,10.05,,,false,,,activities/7927580472.fit.gz,,,3512.0,3082.0,10058.8,5.095,3.264,68.8,124.0,463.3,488.2,23.1,0.0,,,93.0,88.0,,,,,474.0,,,,,,,,,,,,,,,,0.0,,1.0,10185.3,,,,,,,,,,,,,,,,,,,,,,,,,,0.0,2.864,6151.1,,,,,,,,,,,,,,,,,,,,,""
7432077185,"Jul 7, 2022, 5:34:09 PM",Morning Run,Run,,2438,6.88,,,false,,,activities/7921085022.fit.gz,,,2438.0,2070.0,6885.1,4.302,3.326,36.8,99.0,375.1,407.3,4.6,0.0,,,93.0,88.0,,,,,321.0,,,,,,,,,,,,,,,,0.0,,1.0,6926.9,,,,,,,,,,,,,,,,,,,,,,,,,,0.0,2.824,0.0,,,,,,,,,,,,,,,,,,,,,""
7426038095,"Jul 6, 2022, 4:45:32 PM",Morning Run,Run,,3191,8.08,,,false,,,activities/7914497981.fit.gz,,,3191.0,2402.0,8083.3,4.516,3.365,103.3,144.0,396.4,489.7,13.3,0.0,,,94.0,90.0,,,,,388.0,,,,,,,,,,,,,,,,0.0,,1.0,8201.7,,,,,,,,,,,,,,,,,,,,,,,,,,0.0,2.533,5089.7,,,,,,,,,,,,,,,,,,,,,""
7419821578,"Jul 5, 2022, 3:32:17 PM",Morning Run,Run,,3028,8.95,,,false,,,activities/7907705608.fit.gz,,,3028.0,2707.0,8955.6,4.637,3.308,85.9,129.0,467.9,486.7,21.7,-0.1,,,94.0,89.0,,,,,421.0,,,,,,,,,,,,,,,,0.0,,1.0,9188.5,,,,,,,,,,,,,,,,,,,,,,,,,,0.0,2.958,6932.1,,,,,,,,,,,,,,,,,,,,,""
7410034204,"Jul 3, 2022, 4:09:42 PM",Morning Run,Run,,4281,11.57,,,false,,,activities/7896942378.fit.gz,,,4281.0,3580.0,11577.1,4.799,3.234,90.2,108.0,385.2,446.4,20.0,-0.2,,,123.0,90.0,,,,,553.0,,,,,,,,,,,,,,,,0.0,,1.0,11742.6,,,,,,,,,,,,,,,,,,,,,,,,,,0.0,2.704,3749.3,,,,,,,,,,,,,,,,,,,,,""
7404054517,"Jul 2, 2022, 3:57:17 PM",Morning Run,Run,,3138,8.28,,,false,,,activities/7890349312.fit.gz,,,3138.0,2550.0,8284.4,4.213,3.249,109.3,161.0,396.4,492.6,10.8,-0.1,,,120.0,89.0,,,,,390.0,,,,,,,,,,,,,,,,0.0,,1.0,8390.9,,,,,,,,,,,,,,,,,,,,,,,,,,0.0,2.64,6392.6,,,,,,,,,,,,,,,,,,,,,""
7399862353,"Jul 1, 2022, 7:13:25 PM",Lunch Run,Run,,3556,0.69,,,false,,,activities/7885769032.fit.gz,,,3556.0,126.0,696.7,2.374,5.53,0.0,41.0,334.9,335.5,1.7,0.1,,,90.0,82.0,,,,,255.0,,,,,,,,,,,,,,,,0.0,,1.0,697.7,,,,,,,,,,,,,,,,,,,,,,,,,,0.0,0.196,0.0,,,,,,,,,,,,,,,,,,,,,""
7393871183,"Jun 30, 2022, 4:39:22 PM",Morning Run,Run,,2779,7.47,,,false,,,activities/7879215486.fit.gz,,,2779.0,2405.0,7475.3,3.809,3.108,80.2,163.0,396.3,469.9,5.5,-0.1,,,94.0,90.0,,,,,355.0,,,,,,,,,,,,,,,,0.0,,1.0,7547.0,,,,,,,,,,,,,,,,,,,,,,,,,,0.0,2.69,4713.3,,,,,,,,,,,,,,,,,,,,,""
7388431207,"Jun 29, 2022, 4:08:40 PM",Morning Run,Run,,2414,6.44,,,false,,,activities/7873276586.fit.gz,,,2414.0,2194.0,6444.4,3.435,2.937,51.7,74.0,467.9,485.9,9.0,0.0,,,93.0,90.0,,,,,304.0,,,,,,,,,,,,,,,,0.0,,1.0,6528.0,,,,,,,,,,,,,,,,,,,,,,,,,,0.0,2.67,5848.5,,,,,,,,,,,,,,,,,,,,,""
7382870655,"Jun 28, 2022, 4:05:51 PM",Morning Run,Run,,3098,8.98,,,false,,,activities/7867211270.fit.gz,,,3098.0,2701.0,8981.5,12.456,3.325,52.4,302.0,464.9,487.4,16.1,-0.1,,,95.0,88.0,,,,,415.0,,,,,,,,,,,,,,,,0.0,,1.0,9029.6,,,,,,,,,,,,,,,,,,,,,,,,,,0.0,2.899,3414.9,,,,,,,,,,,,,,,,,,,,,""
7372761557,"Jun 26, 2022, 3:23:46 PM",Morning Run,Run,,3418,9.68,,,false,,,activities/7856121978.fit.gz,,,3418.0,2999.0,9683.0,3.99,3.229,92.3,172.0,467.9,491.6,23.4,0.0,,,93.0,89.0,,,,,460.0,,,,,,,,,,,,,,,,0.0,,1.0,9912.3,,,,,,,,,,,,,,,,,,,,,,,,,,0.0,2.833,8033.6,,,,,,,,,,,,,,,,,,,,,""
7367249068,"Jun 25, 2022, 4:14:39 PM",Morning Run,Run,,2646,7.51,,,false,,,activities/7850030661.fit.gz,,,2646.0,2400.0,7509.7,3.881,3.129,87.1,94.0,466.0,488.7,22.0,-0.1,,,95.0,89.0,,,,,357.0,,,,,,,,,,,,,,,,0.0,,1.0,7733.3,,,,,,,,,,,,,,,,,,,,,,,,,,0.0,2.838,6322.2,,,,,,,,,,,,,,,,,,,,,""
7357172275,"Jun 23, 2022, 5:17:11 PM",Morning Run,Run,,2369,5.98,,,false,,,activities/7838989394.fit.gz,,,2369.0,2024.0,5981.0,3.664,2.955,41.8,111.0,396.4,409.2,5.0,-0.1,,,92.0,88.0,,,,,276.0,,,,,,,,,,,,,,,,0.0,,1.0,6010.1,,,,,,,,,,,,,,,,,,,,,,,,,,0.0,2.525,0.0,,,,,,,,,,,,,,,,,,,,,""
7351217699,"Jun 22, 2022, 3:45:34 PM",Morning Run,Run,,2422,6.44,,,false,,,activities/7832501160.fit.gz,,,2422.0,2012.0,6442.6,3.793,3.202,27.6,121.0,372.8,396.3,4.3,0.0,,,102.0,88.0,,,,,302.0,,,,,,,,,,,,,,,,0.0,,1.0,6466.2,,,,,,,,,,,,,,,,,,,,,,,,,,0.0,2.66,0.0,,,,,,,,,,,,,,,,,,,,,""
7347165714,"Jun 21, 2022, 4:03:28 PM",Morning Run,Run,,1792,5.10,,,false,,,activities/7828075835.fit.gz,,,1792.0,1592.0,5101.0,3.622,3.204,16.0,89.0,372.8,394.2,4.9,-0.2,,,94.0,89.0,,,,,245.0,,,,,,,,,,,,,,,,0.0,,1.0,5094.9,,,,,,,,,,,,,,,,,,,,,,,,,,0.0,2.847,0.0,,,,,,,,,,,,,,,,,,,,,""
7337364841,"Jun 20, 2022, 12:55:48 AM",Afternoon Run,Run,,1699,4.83,,,false,,,activities/7817387236.fit.gz,,,1699.0,1453.0,4838.9,3.933,3.33,26.0,72.0,372.8,394.9,6.4,0.2,,,91.0,87.0,,,,,220.0,,,,,,,,,,,,,,,,0.0,,1.0,4883.8,,,,,,,,,,,,,,,,,,,,,,,,,,0.0,2.848,0.0,,,,,,,,,,,,,,,,,,,,,""
7321582023,"Jun 17, 2022, 1:09:22 AM",Evening Run,Run,,1997,5.78,,,false,,,activities/7800009193.fit.gz,,,1997.0,1803.0,5781.6,4.211,3.207,0.0,124.0,14.7,16.8,1.6,0.0,,,92.0,88.0,,,,,268.0,,,,,,,,,,,,,,,,0.0,,1.0,5784.2,,,,,,,,,,,,,,,,,,,,,,,,,,0.0,2.895,0.0,,,,,,,,,,,,,,,,,,,,,""
7316219360,"Jun 16, 2022, 2:12:15 AM",Evening Run,Run,,2252,6.46,,,false,,,activities/7794129452.fit.gz,,,2252.0,1943.0,6459.8,3.864,3.325,4.2,73.0,14.3,18.6,2.7,0.0,,,92.0,87.0,,,,,294.0,,,,,,,,,,,,,,,,0.0,,1.0,6466.0,,,,,,,,,,,,,,,,,,,,,,,,,,0.0,2.868,0.0,,,,,,,,,,,,,,,,,,,,,""
7310549309,"Jun 15, 2022, 12:40:02 AM",Afternoon Run,Run,,1751,4.86,,,false,,,activities/7787956991.fit.gz,,,1751.0,1517.0,4863.1,4.48,3.206,9.2,111.0,13.4,17.6,5.0,0.0,,,90.0,87.0,,,,,219.0,,,,,,,,,,,,,,,,0.0,,1.0,4876.6,,,,,,,,,,,,,,,,,,,,,,,,,,0.0,2.777,743.9,,,,,,,,,,,,,,,,,,,,,""
7305037861,"Jun 14, 2022, 2:15:49 AM",Evening Run,Run,,1564,4.83,,,false,,,activities/7781980825.fit.gz,,,1564.0,1459.0,4833.9,4.382,3.313,0.0,115.0,14.9,16.2,1.6,0.0,,,91.0,87.0,,,,,212.0,,,,,,,,,,,,,,,,0.0,,1.0,4836.0,,,,,,,,,,,,,,,,,,,,,,,,,,0.0,3.091,0.0,,,,,,,,,,,,,,,,,,,,,""
7275952516,"Jun 8, 2022, 3:40:04 PM",Morning Run,Run,,2779,7.89,,,false,,,activities/7750234155.fit.gz,,,2779.0,2416.0,7892.3,4.196,3.267,5.4,121.0,14.0,17.2,4.1,0.0,,,94.0,89.0,,,,,363.0,,,,,,,,,,,,,,,,0.0,,1.0,7900.4,,,,,,,,,,,,,,,,,,,,,,,,,,0.0,2.84,286.2,,,,,,,,,,,,,,,,,,,,,""
7260630133,"Jun 5, 2022, 4:10:32 PM",Morning Run,Run,,4031,11.72,,,false,,,activities/7733545441.fit.gz,,,4031.0,3603.0,11728.1,3.886,3.255,7.7,248.0,14.3,17.9,5.1,0.0,,,95.0,90.0,,,,,550.0,,,,,,,,,,,,,,,,0.0,,1.0,11741.5,,,,,,,,,,,,,,,,,,,,,,,,,,0.0,2.909,1329.1,,,,,,,,,,,,,,,,,,,,,""
7249130985,"Jun 3, 2022, 3:39:18 PM",Morning Run,Run,,3148,7.38,,,false,,,activities/7720978601.fit.gz,,,3148.0,2528.0,7381.4,5.78,2.92,26.4,203.0,13.1,19.2,8.2,0.0,,,93.0,89.0,,,,,331.0,,,,,,,,,,,,,,,,0.0,,1.0,7414.3,,,,,,,,,,,,,,,,,,,,,,,,,,0.0,2.345,1430.6,,,,,,,,,,,,,,,,,,,,,""
7243748647,"Jun 2, 2022, 3:06:56 PM",Morning Run,Run,,3775,8.97,,,false,,,activities/7715128782.fit.gz,,,3775.0,2985.0,8973.7,3.579,3.006,6.0,106.0,14.0,17.3,3.1,0.0,,,93.0,89.0,,,,,417.0,,,,,,,,,,,,,,,,0.0,,1.0,8981.5,,,,,,,,,,,,,,,,,,,,,,,,,,0.0,2.377,1196.0,,,,,,,,,,,,,,,,,,,,,""
7238535520,"Jun 1, 2022, 4:21:09 PM",Morning Run,Run,,3055,9.19,,,false,,,activities/7709486025.fit.gz,,,3055.0,2704.0,9190.0,9.016,3.399,7.3,148.0,13.6,18.8,3.5,0.0,,,91.0,88.0,,,,,424.0,,,,,,,,,,,,,,,,0.0,,1.0,9198.0,,,,,,,,,,,,,,,,,,,,,,,,,,0.0,3.008,0.0,,,,,,,,,,,,,,,,,,,,,""
7228475936,"May 30, 2022, 6:08:55 PM",Lunch Run,Run,,3296,10.01,,,false,,,activities/7698492987.fit.gz,,,3296.0,3004.0,10010.9,4.513,3.333,21.7,164.0,13.1,20.2,7.7,0.0,,,91.0,88.0,,,,,466.0,,,,,,,,,,,,,,,,0.0,,1.0,10038.0,,,,,,,,,,,,,,,,,,,,,,,,,,0.0,3.037,1217.7,,,,,,,,,,,,,,,,,,,,,""
7223279400,"May 29, 2022, 4:56:54 PM",Morning Run,Run,,2626,7.47,,,false,,,activities/7692783487.fit.gz,,,2626.0,2402.0,7475.8,3.972,3.112,4.4,232.0,14.4,18.9,2.6,0.0,,,91.0,87.0,,,,,347.0,,,,,,,,,,,,,,,,0.0,,1.0,7482.7,,,,,,,,,,,,,,,,,,,,,,,,,,0.0,2.847,0.0,,,,,,,,,,,,,,,,,,,,,""
7217598074,"May 28, 2022, 4:26:40 PM",Morning Run,Run,,2768,8.47,,,false,,,activities/7686520637.fit.gz,,,2768.0,2404.0,8475.0,7.242,3.525,18.0,166.0,11.3,17.1,4.6,0.0,,,92.0,88.0,,,,,388.0,,,,,,,,,,,,,,,,0.0,,1.0,8495.4,,,,,,,,,,,,,,,,,,,,,,,,,,0.0,3.062,0.0,,,,,,,,,,,,,,,,,,,,,""
7212588376,"May 27, 2022, 6:31:20 PM",Lunch Run,Run,,3434,10.04,,,false,,,activities/7681057869.fit.gz,,,3434.0,3015.0,10047.9,5.155,3.333,2.1,183.0,16.4,18.9,1.6,0.0,,,92.0,87.0,,,,,454.0,,,,,,,,,,,,,,,,0.0,,1.0,10050.3,,,,,,,,,,,,,,,,,,,,,,,,,,0.0,2.926,2380.0,,,,,,,,,,,,,,,,,,,,,""
7202637762,"May 25, 2022, 8:52:11 PM",Evening Run,Run,,3117,8.69,,,false,,,activities/7670216804.fit.gz,,,3117.0,3117.0,8693.8,3.451,2.789,0.0,0.0,,,0.0,0.0,,,90.0,79.0,,,,,415.0,,,,,,,,,,,,,,,,0.0,,1.0,,,,,,,,,,,,,,,,,,,,,,,,,,,0.0,2.789,0.0,,,,,,,,,,,,,,,,,,,,,""
7195227729,"May 24, 2022, 1:15:40 PM",Morning Run,Run,,1375,4.52,,,false,,,activities/7662201210.fit.gz,,,1375.0,1349.0,4524.4,4.902,3.354,2.6,63.0,89.0,91.8,1.6,0.0,,,92.0,87.0,,,,,211.0,,,,,,,,,,,,,,,,0.0,,1.0,4526.1,,,,,,,,,,,,,,,,,,,,,,,,,,0.0,3.29,0.0,,,,,,,,,,,,,,,,,,,,,""
7190003499,"May 23, 2022, 1:49:03 PM",Morning Run,Run,,1812,5.70,,,false,,,activities/7656548985.fit.gz,,,1812.0,1812.0,5702.7,3.967,3.147,0.0,112.0,14.5,16.8,1.0,0.0,,,92.0,88.0,,,,,277.0,,,,,,,,,,,,,,,,0.0,,1.0,5704.9,,,,,,,,,,,,,,,,,,,,,,,,,,0.0,3.147,0.0,,,,,,,,,,,,,,,,,,,,,""
7186316360,"May 22, 2022, 4:20:55 PM",Morning Run,Run,,3036,9.05,,,false,,,activities/7652483048.fit.gz,,,3036.0,2702.0,9054.8,4.53,3.351,18.1,177.0,13.3,20.5,7.2,0.0,,,92.0,88.0,,,,,426.0,,,,,,,,,,,,,,,,0.0,,1.0,9077.8,,,,,,,,,,,,,,,,,,,,,,,,,,0.0,2.982,1213.7,,,,,,,,,,,,,,,,,,,,,""
7180592766,"May 21, 2022, 5:04:42 PM",Morning Run,Run,,3395,8.99,,,false,,,activities/7646202995.fit.gz,,,3395.0,2706.0,8998.9,4.733,3.326,6.1,177.0,13.1,18.9,2.5,0.0,,,91.0,88.0,,,,,406.0,,,,,,,,,,,,,,,,0.0,,1.0,9003.8,,,,,,,,,,,,,,,,,,,,,,,,,,0.0,2.651,0.0,,,,,,,,,,,,,,,,,,,,,""
7181219378,"May 20, 2022, 6:45:48 PM",Treadmill Run,Run,"",2700,7.72,,,false,Cut down from 5.5 mph > 7.2 mph,,,,,2700.0,2700.0,7724.9,,2.861,,,,,,0.0,,,,,,,,,,,,,,,,,,1.0,,,,,0.0,6.0,0.0,,0.0,,,,,,,,,,,,,,,,,,,,,,,,,,,0.0,2.861,0.0,,,,,,,,,,,,,,,,,,,,,""
7170684326,"May 19, 2022, 7:04:00 PM",Evening Swim,Swim,,2839,"1,806",,,false,,,activities/7635430061.fit.gz,,,2839.0,2717.0,1805.9,1.634,0.665,0.0,0.0,,,0.0,0.0,,,,27.0,,,,,244.0,,,,,,,,,,,,,,,,0.0,,1.0,,,,,,,,,,,,,,,,,,,,,,,,,,,0.0,0.636,0.0,,,,,,,,,,,,,,,,,,,,,""
7163320779,"May 18, 2022, 1:36:21 PM",Morning Run,Run,,2066,6.46,,,false,,,activities/7627460063.fit.gz,,,2066.0,1808.0,6468.7,4.977,3.578,2.8,102.0,14.6,17.8,2.2,0.0,,,93.0,88.0,,,,,286.0,,,,,,,,,,,,,,,,0.0,,1.0,6474.9,,,,,,,,,,,,,,,,,,,,,,,,,,0.0,3.131,0.0,,,,,,,,,,,,,,,,,,,,,""
7158177803,"May 17, 2022, 3:15:05 PM",Morning Run,Run,,3508,8.88,,,false,,,activities/7621895411.fit.gz,,,3508.0,2701.0,8886.1,8.23,3.29,13.4,157.0,13.4,17.8,6.3,0.0,,,94.0,89.0,,,,,429.0,,,,,,,,,,,,,,,,0.0,,1.0,8903.1,,,,,,,,,,,,,,,,,,,,,,,,,,0.0,2.533,1611.8,,,,,,,,,,,,,,,,,,,,,""
7142161105,"May 14, 2022, 3:42:33 PM",Morning Run,Run,,3140,7.98,,,false,,,activities/7604361733.fit.gz,,,3140.0,2405.0,7981.1,8.67,3.319,17.6,152.0,11.3,16.7,4.7,0.0,,,94.0,89.0,,,,,368.0,,,,,,,,,,,,,,,,0.0,,1.0,8000.8,,,,,,,,,,,,,,,,,,,,,,,,,,0.0,2.542,0.0,,,,,,,,,,,,,,,,,,,,,""
7136958088,"May 13, 2022, 6:13:43 PM",Lunch Run,Run,,1957,5.33,,,false,,,activities/7598721709.fit.gz,,,1957.0,1505.0,5330.5,4.483,3.542,2.3,126.0,16.4,18.8,1.9,0.0,,,88.0,86.0,,,,,240.0,,,,,,,,,,,,,,,,0.0,,1.0,5333.6,,,,,,,,,,,,,,,,,,,,,,,,,,0.0,2.724,0.0,,,,,,,,,,,,,,,,,,,,,""
7127743656,"May 11, 2022, 8:24:15 PM",Afternoon Run,Run,,2249,7.06,,,false,,,activities/7588690651.fit.gz,,,2249.0,2101.0,7064.3,5.072,3.362,22.3,202.0,13.1,17.9,6.7,0.0,,,91.0,88.0,,,,,316.0,,,,,,,,,,,,,,,,0.0,,1.0,7097.3,,,,,,,,,,,,,,,,,,,,,,,,,,0.0,3.141,449.2,,,,,,,,,,,,,,,,,,,,,""
7119972833,"May 10, 2022, 4:19:30 PM",Morning Run,Run,,2153,6.10,,,false,,,activities/7580308205.fit.gz,,,2153.0,1813.0,6100.0,4.254,3.365,4.2,78.0,14.3,18.6,2.6,0.0,,,93.0,88.0,,,,,278.0,,,,,,,,,,,,,,,,0.0,,1.0,6106.2,,,,,,,,,,,,,,,,,,,,,,,,,,0.0,2.833,0.0,,,,,,,,,,,,,,,,,,,,,""
7110172015,"May 8, 2022, 5:43:08 PM",Morning Run,Run,,1985,5.85,,,false,,,activities/7569647149.fit.gz,,,1985.0,1809.0,5857.1,4.011,3.238,0.0,121.0,14.6,16.0,1.3,0.0,,,89.0,87.0,,,,,270.0,,,,,,,,,,,,,,,,0.0,,1.0,5860.4,,,,,,,,,,,,,,,,,,,,,,,,,,0.0,2.951,0.0,,,,,,,,,,,,,,,,,,,,,""
7103929552,"May 7, 2022, 4:49:14 PM",Morning Run,Run,,2029,5.79,,,false,,,activities/7562802339.fit.gz,,,2029.0,1809.0,5795.3,3.725,3.204,0.0,73.0,12.2,14.3,1.3,0.0,,,89.0,86.0,,,,,270.0,,,,,,,,,,,,,,,,0.0,,1.0,5794.7,,,,,,,,,,,,,,,,,,,,,,,,,,0.0,2.856,0.0,,,,,,,,,,,,,,,,,,,,,""
7061326560,"Apr 29, 2022, 7:43:44 PM",Lunch Run,Run,,1915,5.76,,,false,,,activities/7516486948.fit.gz,,,1915.0,1805.0,5760.2,4.64,3.191,20.7,138.0,11.3,16.7,4.4,0.0,,,93.0,88.0,,,,,266.0,,,,,,,,,,,,,,,,0.0,,1.0,5782.7,,,,,,,,,,,,,,,,,,,,,,,,,,0.0,3.008,319.7,,,,,,,,,,,,,,,,,,,,,""
7040834445,"Apr 25, 2022, 9:10:04 PM",Afternoon Run,Run,,2086,6.26,,,false,,,activities/7494358663.fit.gz,,,2086.0,1812.0,6268.1,5.058,3.459,19.2,119.0,13.1,17.9,6.6,0.0,,,92.0,88.0,,,,,262.0,,,,,,,,,,,,,,,,0.0,,1.0,6285.9,,,,,,,,,,,,,,,,,,,,,,,,,,0.0,3.005,772.4,,,,,,,,,,,,,,,,,,,,,""
7034956244,"Apr 24, 2022, 4:27:32 PM",Morning Run,Run,,1999,6.16,,,false,,,activities/7487952677.fit.gz,,,1999.0,1807.0,6163.2,4.158,3.411,5.8,77.0,10.7,14.7,3.6,0.0,,,91.0,87.0,,,,,203.0,,,,,,,,,,,,,,,,0.0,,1.0,6167.8,,,,,,,,,,,,,,,,,,,,,,,,,,0.0,3.083,2894.2,,,,,,,,,,,,,,,,,,,,,""
7018760989,"Apr 21, 2022, 4:45:49 PM",Morning Run,Run,,1986,5.89,,,false,,,activities/7470348416.fit.gz,,,1986.0,1814.0,5894.4,4.14,3.249,13.2,146.0,11.7,17.3,5.2,0.0,,,91.0,88.0,,,,,264.0,,,,,,,,,,,,,,,,0.0,,1.0,5916.7,,,,,,,,,,,,,,,,,,,,,,,,,,0.0,2.968,811.6,,,,,,,,,,,,,,,,,,,,,""
7014751184,"Apr 20, 2022, 9:16:11 PM",Afternoon Run,Run,,1511,5.35,,,false,,,activities/7466007822.fit.gz,,,1511.0,1511.0,5351.0,4.548,3.541,18.0,101.0,11.3,17.1,5.0,0.0,,,89.0,87.0,,,,,227.0,,,,,,,,,,,,,,,,0.0,,1.0,5369.1,,,,,,,,,,,,,,,,,,,,,,,,,,0.0,3.541,0.0,,,,,,,,,,,,,,,,,,,,,""
7004189626,"Apr 18, 2022, 9:19:27 PM",Afternoon Run,Run,,1572,5.18,,,false,,,activities/7454593416.fit.gz,,,1572.0,1510.0,5187.9,4.066,3.436,32.8,99.0,13.4,22.6,7.5,0.0,,,90.0,87.0,,,,,210.0,,,,,,,,,,,,,,,,0.0,,1.0,5242.6,,,,,,,,,,,,,,,,,,,,,,,,,,0.0,3.3,0.0,,,,,,,,,,,,,,,,,,,,,""
6993869876,"Apr 17, 2022, 12:11:27 AM",Afternoon Run,Run,,1541,4.72,,,false,,,activities/7443314538.fit.gz,,,1541.0,1347.0,4724.9,4.221,3.508,36.6,105.0,12.7,22.6,28.1,0.0,,,94.0,87.0,,,,,194.0,,,,,,,,,,,,,,,,0.0,,1.0,4781.5,,,,,,,,,,,,,,,,,,,,,,,,,,0.0,3.066,0.0,,,,,,,,,,,,,,,,,,,,,""
6987747766,"Apr 15, 2022, 8:10:05 PM",Afternoon Run,Run,,1291,4.19,,,false,,,activities/7436648722.fit.gz,,,1291.0,1217.0,4198.1,4.442,3.45,34.5,138.0,13.6,22.6,8.5,0.0,,,90.0,87.0,,,,,166.0,,,,,,,,,,,,,,,,0.0,,1.0,4252.5,,,,,,,,,,,,,,,,,,,,,,,,,,0.0,3.252,0.0,,,,,,,,,,,,,,,,,,,,,""
6976166620,"Apr 13, 2022, 4:17:29 PM",Morning Run,Run,,1228,3.72,,,false,,,activities/7424107384.fit.gz,,,1228.0,1088.0,3720.5,4.06,3.42,11.9,56.0,11.7,17.0,4.9,0.0,,,89.0,87.0,,,,,113.0,,,,,,,,,,,,,,,,0.0,,1.0,3732.0,,,,,,,,,,,,,,,,,,,,,,,,,,0.0,3.03,0.0,,,,,,,,,,,,,,,,,,,,,""
6968082212,"Apr 11, 2022, 8:49:07 PM",Afternoon Run,Run,,927,3.23,,,false,,,activities/7415353543.fit.gz,,,927.0,927.0,3234.2,4.512,3.489,10.8,108.0,11.7,16.6,4.7,0.0,,,90.0,87.0,,,,,107.0,,,,,,,,,,,,,,,,0.0,,1.0,3246.0,,,,,,,,,,,,,,,,,,,,,,,,,,0.0,3.489,0.0,,,,,,,,,,,,,,,,,,,,,""
6968082201,"Apr 9, 2022, 6:59:13 PM",Lunch Run,Run,,1126,2.91,,,false,,,activities/7415353529.fit.gz,,,1126.0,1081.0,2918.9,4.494,2.7,35.4,97.0,64.6,97.9,7.0,-0.1,,,89.0,79.0,,,,,112.0,,,,,,,,,,,,,,,,0.0,,1.0,2959.4,,,,,,,,,,,,,,,,,,,,,,,,,,0.0,2.592,51.5,,,,,,,,,,,,,,,,,,,,,""
6968082051,"Apr 7, 2022, 4:47:06 PM",Morning Run,Run,,1322,2.63,,,false,,,activities/7415353512.fit.gz,,,1322.0,947.0,2634.4,4.065,2.782,8.6,62.0,11.7,16.6,4.5,0.0,,,88.0,78.0,,,,,91.0,,,,,,,,,,,,,,,,0.0,,1.0,2643.7,,,,,,,,,,,,,,,,,,,,,,,,,,0.0,1.993,0.0,,,,,,,,,,,,,,,,,,,,,""
6968082169,"Apr 5, 2022, 4:25:30 PM",Morning Run,Run,,951,2.33,,,false,,,activities/7415353565.fit.gz,,,951.0,946.0,2337.1,3.27,2.471,0.0,41.0,15.0,16.0,0.8,0.0,,,113.0,76.0,,,,,72.0,,,,,,,,,,,,,,,,0.0,,1.0,2338.9,,,,,,,,,,,,,,,,,,,,,,,,,,0.0,2.458,0.0,,,,,,,,,,,,,,,,,,,,,""
6968082272,"Mar 15, 2022, 4:21:51 PM",Morning Activity,Workout,,1838,6.45,,,false,,,activities/7415353553.fit.gz,,,1838.0,1819.0,6455.1,4.452,3.549,3.0,162.0,14.1,17.3,1.6,0.0,,,90.0,87.0,,,,,211.0,,,,,,,,,,,,,,,,0.0,,1.0,,,,,,,,,,,,,,,,,,,,,,,,,,,0.0,3.512,116.1,,,,,,,,,,,,,,,,,,,,,""
6968082130,"Mar 5, 2022, 5:59:29 PM",Morning Run,Run,,4122,8.45,,,false,,,activities/7415353538.fit.gz,,,4122.0,2635.0,8454.5,6.974,3.209,31.3,120.0,10.0,17.5,4.7,0.0,,,105.0,88.0,,,,,411.0,,,,,,,,,,,,,,,,0.0,,1.0,8520.5,,,,,,,,,,,,,,,,,,,,,,,,,,0.0,2.051,2909.5,,,,,,,,,,,,,,,,,,,,,""
6968082137,"Mar 3, 2022, 10:46:04 PM",Afternoon Run,Run,,605,2.02,,,false,,,activities/7415353546.fit.gz,,,605.0,605.0,2029.0,4.262,3.354,0.0,53.0,15.8,17.3,1.4,0.0,,,93.0,89.0,,,,,75.0,,,,,,,,,,,,,,,,0.0,,1.0,2030.2,,,,,,,,,,,,,,,,,,,,,,,,,,0.0,3.354,0.0,,,,,,,,,,,,,,,,,,,,,""
6968082171,"Mar 2, 2022, 10:37:08 PM",Afternoon Run,Run,,3537,10.22,,,false,,,activities/7415353520.fit.gz,,,3537.0,3020.0,10227.8,4.39,3.387,19.3,251.0,11.2,18.1,6.2,0.0,,,95.0,89.0,,,,,400.0,,,,,,,,,,,,,,,,0.0,,1.0,10250.7,,,,,,,,,,,,,,,,,,,,,,,,,,0.0,2.892,4424.0,,,,,,,,,,,,,,,,,,,,,""
6968082205,"Mar 1, 2022, 11:38:00 PM",Afternoon Run,Run,,1642,3.07,,,false,,,activities/7415353544.fit.gz,,,1642.0,1201.0,3069.0,3.76,2.555,5.9,57.0,14.2,18.3,4.7,0.0,,,91.0,86.0,,,,,146.0,,,,,,,,,,,,,,,,0.0,,1.0,3077.0,,,,,,,,,,,,,,,,,,,,,,,,,,0.0,1.869,495.7,,,,,,,,,,,,,,,,,,,,,""
6968082168,"Mar 1, 2022, 11:16:38 PM",Afternoon Run,Run,,465,1.53,,,false,,,activities/7415353509.fit.gz,,,465.0,300.0,1532.4,7.46,5.108,0.0,22.0,15.2,16.1,0.7,0.0,,,102.0,88.0,,,,,47.0,,,,,,,,,,,,,,,,0.0,,1.0,1533.2,,,,,,,,,,,,,,,,,,,,,,,,,,0.0,3.296,0.0,,,,,,,,,,,,,,,,,,,,,""
6968082040,"Mar 1, 2022, 10:41:00 PM",Afternoon Run,Run,,975,3.15,,,false,,,activities/7415353484.fit.gz,,,975.0,900.0,3150.7,4.987,3.501,3.2,79.0,13.9,17.3,2.5,0.0,,,93.0,88.0,,,,,130.0,,,,,,,,,,,,,,,,0.0,,1.0,3153.9,,,,,,,,,,,,,,,,,,,,,,,,,,0.0,3.231,152.8,,,,,,,,,,,,,,,,,,,,,""
6968082166,"Feb 27, 2022, 11:21:37 PM",Afternoon Run,Run,,4119,10.33,,,false,,,activities/7415353517.fit.gz,,,4119.0,3024.0,10335.9,4.964,3.418,22.3,258.0,13.1,20.9,5.9,0.0,,,92.0,88.0,,,,,377.0,,,,,,,,,,,,,,,,0.0,,1.0,10356.3,,,,,,,,,,,,,,,,,,,,,,,,,,0.0,2.509,1321.9,,,,,,,,,,,,,,,,,,,,,""
6968082097,"Feb 26, 2022, 6:19:34 PM",Morning Run,Run,,3131,8.30,,,false,,,activities/7415353525.fit.gz,,,3131.0,2517.0,8305.5,4.676,3.3,4.2,105.0,14.4,18.6,2.4,0.0,,,92.0,88.0,,,,,292.0,,,,,,,,,,,,,,,,0.0,,1.0,8311.7,,,,,,,,,,,,,,,,,,,,,,,,,,0.0,2.653,0.0,,,,,,,,,,,,,,,,,,,,,""
6968082140,"Feb 25, 2022, 6:08:20 PM",Morning Run,Run,,1013,2.67,,,false,,,activities/7415353505.fit.gz,,,1013.0,893.0,2676.1,3.605,2.997,0.0,22.0,14.5,16.1,0.9,0.0,,,93.0,86.0,,,,,111.0,,,,,,,,,,,,,,,,0.0,,1.0,2677.9,,,,,,,,,,,,,,,,,,,,,,,,,,0.0,2.642,0.0,,,,,,,,,,,,,,,,,,,,,""
6968082124,"Feb 25, 2022, 5:26:51 PM",Morning Run,Run,,1900,5.56,,,false,,,activities/7415353570.fit.gz,,,1900.0,1438.0,5568.1,7.684,3.872,0.0,116.0,15.2,16.1,0.9,0.0,,,102.0,86.0,,,,,157.0,,,,,,,,,,,,,,,,0.0,,1.0,5571.9,,,,,,,,,,,,,,,,,,,,,,,,,,0.0,2.931,0.0,,,,,,,,,,,,,,,,,,,,,""
6968082191,"Feb 25, 2022, 4:59:07 PM",Morning Run,Run,,907,2.96,,,false,,,activities/7415353545.fit.gz,,,907.0,907.0,2960.3,4.232,3.264,2.9,64.0,13.7,17.1,2.0,0.0,,,91.0,88.0,,,,,108.0,,,,,,,,,,,,,,,,0.0,,1.0,2962.9,,,,,,,,,,,,,,,,,,,,,,,,,,0.0,3.264,0.0,,,,,,,,,,,,,,,,,,,,,""
6968082066,"Feb 23, 2022, 10:39:35 PM",Afternoon Run,Run,,3276,9.68,,,false,,,activities/7415353497.fit.gz,,,3276.0,3009.0,9687.8,4.516,3.22,17.8,187.0,11.3,17.1,4.7,0.0,,,93.0,88.0,,,,,433.0,,,,,,,,,,,,,,,,0.0,,1.0,9706.0,,,,,,,,,,,,,,,,,,,,,,,,,,0.0,2.957,0.0,,,,,,,,,,,,,,,,,,,,,""
6968082154,"Feb 22, 2022, 11:50:05 PM",Afternoon Run,Run,,1019,2.46,,,false,,,activities/7415353562.fit.gz,,,1019.0,903.0,2459.8,4.249,2.724,6.0,77.0,13.4,18.5,3.0,0.0,,,92.0,87.0,,,,,136.0,,,,,,,,,,,,,,,,0.0,,1.0,2463.9,,,,,,,,,,,,,,,,,,,,,,,,,,0.0,2.414,722.9,,,,,,,,,,,,,,,,,,,,,""
6968082033,"Feb 22, 2022, 11:11:39 PM",Afternoon Run,Run,,1502,5.78,,,false,,,activities/7415353479.fit.gz,,,1502.0,1487.0,5787.1,6.65,3.892,0.0,104.0,15.0,15.6,0.5,0.0,,,99.0,88.0,,,,,220.0,,,,,,,,,,,,,,,,0.0,,1.0,5789.9,,,,,,,,,,,,,,,,,,,,,,,,,,0.0,3.853,0.0,,,,,,,,,,,,,,,,,,,,,""
6968082236,"Feb 22, 2022, 10:45:26 PM",Afternoon Run,Run,,937,3.09,,,false,,,activities/7415353569.fit.gz,,,937.0,901.0,3090.9,4.333,3.43,3.0,57.0,14.1,17.3,2.3,0.0,,,91.0,88.0,,,,,121.0,,,,,,,,,,,,,,,,0.0,,1.0,3094.2,,,,,,,,,,,,,,,,,,,,,,,,,,0.0,3.299,152.0,,,,,,,,,,,,,,,,,,,,,""
6968082245,"Feb 20, 2022, 5:29:07 PM",Morning Run,Run,,4923,15.95,,,false,,,activities/7415353582.fit.gz,,,4923.0,4503.0,15952.4,4.517,3.543,32.6,202.0,13.4,22.6,5.0,0.0,,,93.0,89.0,,,,,559.0,,,,,,,,,,,,,,,,0.0,,1.0,15984.9,,,,,,,,,,,,,,,,,,,,,,,,,,0.0,3.24,4743.9,,,,,,,,,,,,,,,,,,,,,""
6968082256,"Feb 19, 2022, 8:01:07 PM",Lunch Run,Run,,3445,9.67,,,false,,,activities/7415353551.fit.gz,,,3445.0,2887.0,9677.0,4.026,3.352,4.2,102.0,14.4,18.7,2.3,0.0,,,91.0,88.0,,,,,302.0,,,,,,,,,,,,,,,,0.0,,1.0,9682.9,,,,,,,,,,,,,,,,,,,,,,,,,,0.0,2.809,0.0,,,,,,,,,,,,,,,,,,,,,""
6968082027,"Feb 18, 2022, 5:12:52 PM",Morning Run,Run,,1059,2.87,,,false,,,activities/7415353472.fit.gz,,,1059.0,902.0,2874.4,3.816,3.187,5.8,59.0,13.9,17.6,4.4,0.0,,,92.0,88.0,,,,,142.0,,,,,,,,,,,,,,,,0.0,,1.0,2882.5,,,,,,,,,,,,,,,,,,,,,,,,,,0.0,2.714,747.6,,,,,,,,,,,,,,,,,,,,,""
6968082164,"Feb 18, 2022, 4:48:30 PM",Morning Run,Run,,1203,4.93,,,false,,,activities/7415353507.fit.gz,,,1203.0,1203.0,4935.3,4.998,4.103,6.5,31.0,14.0,17.9,2.5,0.0,,,96.0,90.0,,,,,182.0,,,,,,,,,,,,,,,,0.0,,1.0,4939.2,,,,,,,,,,,,,,,,,,,,,,,,,,0.0,4.103,2171.3,,,,,,,,,,,,,,,,,,,,,""
6968082133,"Feb 18, 2022, 4:28:45 PM",Morning Run,Run,,943,3.14,,,false,,,activities/7415353539.fit.gz,,,943.0,902.0,3142.9,4.122,3.484,0.0,101.0,14.3,17.6,2.5,0.0,,,96.0,89.0,,,,,95.0,,,,,,,,,,,,,,,,0.0,,1.0,3146.1,,,,,,,,,,,,,,,,,,,,,,,,,,0.0,3.333,285.6,,,,,,,,,,,,,,,,,,,,,""
6968082083,"Feb 16, 2022, 11:52:10 PM",Afternoon Run,Run,,949,2.46,,,false,,,activities/7415353493.fit.gz,,,949.0,901.0,2460.9,3.894,2.731,3.8,65.0,13.4,17.5,3.0,0.0,,,95.0,87.0,,,,,124.0,,,,,,,,,,,,,,,,0.0,,1.0,2465.6,,,,,,,,,,,,,,,,,,,,,,,,,,0.0,2.593,679.1,,,,,,,,,,,,,,,,,,,,,""
6968082109,"Feb 16, 2022, 11:21:51 PM",Afternoon Run,Run,,1347,2.81,,,false,,,activities/7415353498.fit.gz,,,1347.0,567.0,2814.3,7.98,4.964,0.0,17.0,15.2,16.1,0.7,0.0,,,109.0,90.0,,,,,56.0,,,,,,,,,,,,,,,,0.0,,1.0,2815.8,,,,,,,,,,,,,,,,,,,,,,,,,,0.0,2.089,0.0,,,,,,,,,,,,,,,,,,,,,""
6968082095,"Feb 16, 2022, 10:46:14 PM",Afternoon Run,Run,,975,3.04,,,false,,,activities/7415353552.fit.gz,,,975.0,905.0,3048.5,3.966,3.368,3.0,54.0,14.1,17.3,2.6,0.0,,,96.0,88.0,,,,,107.0,,,,,,,,,,,,,,,,0.0,,1.0,3051.6,,,,,,,,,,,,,,,,,,,,,,,,,,0.0,3.127,161.6,,,,,,,,,,,,,,,,,,,,,""
6968082111,"Feb 15, 2022, 10:37:48 PM",Afternoon Run,Run,,2927,9.51,,,false,,,activities/7415353494.fit.gz,,,2927.0,2738.0,9515.8,4.39,3.475,16.5,175.0,13.3,20.6,4.6,0.0,,,93.0,89.0,,,,,399.0,,,,,,,,,,,,,,,,0.0,,1.0,9542.5,,,,,,,,,,,,,,,,,,,,,,,,,,0.0,3.251,1719.4,,,,,,,,,,,,,,,,,,,,,""
6968082180,"Feb 13, 2022, 5:25:22 PM",Morning Run,Run,,2728,8.71,,,false,,,activities/7415353514.fit.gz,,,2728.0,2471.0,8709.2,4.2,3.525,3.6,88.0,12.1,15.9,2.7,0.0,,,94.0,88.0,,,,,297.0,,,,,,,,,,,,,,,,0.0,,1.0,8714.6,,,,,,,,,,,,,,,,,,,,,,,,,,0.0,3.193,4177.7,,,,,,,,,,,,,,,,,,,,,""
6968082049,"Feb 12, 2022, 5:51:59 PM",Morning Run,Run,,4539,10.04,,,false,,,activities/7415353475.fit.gz,,,4539.0,3136.0,10040.3,6.033,3.202,37.4,186.0,10.0,19.5,9.5,0.0,,,122.0,89.0,,,,,431.0,,,,,,,,,,,,,,,,0.0,,1.0,10103.3,,,,,,,,,,,,,,,,,,,,,,,,,,0.0,2.212,5985.0,,,,,,,,,,,,,,,,,,,,,""
6968082087,"Feb 10, 2022, 11:45:21 PM",Afternoon Run,Run,,376,1.12,,,false,,,activities/7415353499.fit.gz,,,376.0,372.0,1124.1,3.762,3.022,3.0,24.0,13.6,17.1,3.0,-0.1,,,94.0,89.0,,,,,50.0,,,,,,,,,,,,,,,,0.0,,1.0,1123.9,,,,,,,,,,,,,,,,,,,,,,,,,,0.0,2.99,116.6,,,,,,,,,,,,,,,,,,,,,""
6968082067,"Feb 10, 2022, 11:10:27 PM",Afternoon Run,Run,,1825,6.85,,,false,,,activities/7415353524.fit.gz,,,1825.0,1803.0,6853.2,4.471,3.801,15.2,117.0,14.1,18.5,6.2,0.0,,,93.0,89.0,,,,,244.0,,,,,,,,,,,,,,,,0.0,,1.0,6873.5,,,,,,,,,,,,,,,,,,,,,,,,,,0.0,3.755,1453.0,,,,,,,,,,,,,,,,,,,,,""
6968082149,"Feb 9, 2022, 10:39:03 PM",Afternoon Run,Run,,3019,8.69,,,false,,,activities/7415353523.fit.gz,,,3019.0,2689.0,8689.2,3.898,3.231,11.5,114.0,13.1,18.4,3.7,0.0,,,98.0,89.0,,,,,427.0,,,,,,,,,,,,,,,,0.0,,1.0,8702.0,,,,,,,,,,,,,,,,,,,,,,,,,,0.0,2.878,0.0,,,,,,,,,,,,,,,,,,,,,""
6968082211,"Feb 8, 2022, 11:54:56 PM",Afternoon Run,Run,,1044,2.54,,,false,,,activities/7415353576.fit.gz,,,1044.0,901.0,2545.1,3.513,2.825,2.4,57.0,13.6,16.0,0.8,0.0,,,91.0,87.0,,,,,135.0,,,,,,,,,,,,,,,,0.0,,1.0,2546.8,,,,,,,,,,,,,,,,,,,,,,,,,,0.0,2.438,0.0,,,,,,,,,,,,,,,,,,,,,""
6968082194,"Feb 8, 2022, 11:22:22 PM",Afternoon Run,Run,,1220,3.28,,,false,,,activities/7415353549.fit.gz,,,1220.0,606.0,3282.5,6.812,5.417,0.0,14.0,15.2,16.1,0.6,0.0,,,102.0,94.0,,,,,77.0,,,,,,,,,,,,,,,,0.0,,1.0,3284.8,,,,,,,,,,,,,,,,,,,,,,,,,,0.0,2.691,0.0,,,,,,,,,,,,,,,,,,,,,""
6968082233,"Feb 8, 2022, 10:52:22 PM",Afternoon Run,Run,,943,3.09,,,false,,,activities/7415353564.fit.gz,,,943.0,895.0,3089.9,4.011,3.452,3.1,68.0,13.9,17.3,2.4,0.0,,,96.0,89.0,,,,,132.0,,,,,,,,,,,,,,,,0.0,,1.0,3093.3,,,,,,,,,,,,,,,,,,,,,,,,,,0.0,3.277,172.6,,,,,,,,,,,,,,,,,,,,,""
6968082183,"Feb 6, 2022, 5:24:12 PM",Morning Run,Run,,4810,14.94,,,false,,,activities/7415353527.fit.gz,,,4810.0,4228.0,14940.7,4.484,3.534,7.4,122.0,4.4,9.8,4.8,0.0,,,98.0,89.0,,,,,641.0,,,,,,,,,,,,,,,,0.0,,1.0,14955.9,,,,,,,,,,,,,,,,,,,,,,,,,,0.0,3.106,14889.6,,,,,,,,,,,,,,,,,,,,,""
6968082126,"Feb 5, 2022, 5:55:32 PM",Morning Run,Run,,3018,9.52,,,false,,,activities/7415353515.fit.gz,,,3018.0,2713.0,9528.2,5.768,3.512,5.3,95.0,14.3,19.6,2.4,0.0,,,95.0,89.0,,,,,432.0,,,,,,,,,,,,,,,,0.0,,1.0,9533.9,,,,,,,,,,,,,,,,,,,,,,,,,,0.0,3.157,477.8,,,,,,,,,,,,,,,,,,,,,""
6968082089,"Feb 4, 2022, 10:38:10 PM",Afternoon Run,Run,,2810,8.94,,,false,,,activities/7415353490.fit.gz,,,2810.0,2707.0,8942.7,4.63,3.304,21.0,170.0,13.1,17.9,6.2,0.0,,,92.0,87.0,,,,,408.0,,,,,,,,,,,,,,,,0.0,,1.0,8964.4,,,,,,,,,,,,,,,,,,,,,,,,,,0.0,3.182,284.9,,,,,,,,,,,,,,,,,,,,,""
6968082077,"Feb 3, 2022, 11:48:33 PM",Afternoon Run,Run,,907,2.58,,,false,,,activities/7415353502.fit.gz,,,907.0,907.0,2585.3,3.672,2.85,0.0,33.0,15.1,16.0,0.6,0.0,,,91.0,85.0,,,,,135.0,,,,,,,,,,,,,,,,0.0,,1.0,2586.7,,,,,,,,,,,,,,,,,,,,,,,,,,0.0,2.85,0.0,,,,,,,,,,,,,,,,,,,,,""
6968082184,"Feb 3, 2022, 11:20:51 PM",Afternoon Run,Run,,1362,3.98,,,false,,,activities/7415353540.fit.gz,,,1362.0,826.0,3980.2,6.214,4.819,0.0,59.0,15.2,16.1,0.8,0.0,,,99.0,90.0,,,,,156.0,,,,,,,,,,,,,,,,0.0,,1.0,3982.0,,,,,,,,,,,,,,,,,,,,,,,,,,0.0,2.922,0.0,,,,,,,,,,,,,,,,,,,,,""
6968082119,"Feb 3, 2022, 10:48:19 PM",Afternoon Run,Run,,991,3.10,,,false,,,activities/7415353510.fit.gz,,,991.0,900.0,3103.9,4.454,3.449,4.9,65.0,11.9,17.1,2.4,0.0,,,93.0,88.0,,,,,126.0,,,,,,,,,,,,,,,,0.0,,1.0,3108.9,,,,,,,,,,,,,,,,,,,,,,,,,,0.0,3.132,0.0,,,,,,,,,,,,,,,,,,,,,""
6968082047,"Feb 1, 2022, 11:56:21 PM",Afternoon Run,Run,,1057,2.54,,,false,,,activities/7415353508.fit.gz,,,1057.0,908.0,2541.1,3.495,2.799,2.5,49.0,14.4,17.1,1.9,0.0,,,95.0,87.0,,,,,144.0,,,,,,,,,,,,,,,,0.0,,1.0,2543.8,,,,,,,,,,,,,,,,,,,,,,,,,,0.0,2.404,0.0,,,,,,,,,,,,,,,,,,,,,""
6968082131,"Feb 1, 2022, 11:17:56 PM",Afternoon Run,Run,,1810,7.27,,,false,,,activities/7415353521.fit.gz,,,1810.0,1810.0,7276.7,5.925,4.02,0.0,82.0,14.5,15.1,0.5,0.0,,,98.0,89.0,,,,,274.0,,,,,,,,,,,,,,,,0.0,,1.0,7280.1,,,,,,,,,,,,,,,,,,,,,,,,,,0.0,4.02,0.0,,,,,,,,,,,,,,,,,,,,,""
6968082153,"Feb 1, 2022, 10:48:16 PM",Afternoon Run,Run,,1019,3.16,,,false,,,activities/7415353554.fit.gz,,,1019.0,924.0,3168.1,4.227,3.429,3.0,74.0,13.9,17.3,2.4,0.0,,,92.0,88.0,,,,,130.0,,,,,,,,,,,,,,,,0.0,,1.0,3171.3,,,,,,,,,,,,,,,,,,,,,,,,,,0.0,3.109,171.2,,,,,,,,,,,,,,,,,,,,,""
6968082096,"Jan 30, 2022, 7:50:25 PM",Lunch Run,Run,,4801,14.81,,,false,,,activities/7415353526.fit.gz,,,4801.0,4204.0,14812.2,4.545,3.523,26.3,193.0,9.4,17.1,4.7,0.0,,,93.0,88.0,,,,,556.0,,,,,,,,,,,,,,,,0.0,,1.0,14833.4,,,,,,,,,,,,,,,,,,,,,,,,,,0.0,3.085,0.0,,,,,,,,,,,,,,,,,,,,,""
6968082112,"Jan 29, 2022, 10:26:24 PM",Afternoon Run,Run,,2620,7.67,,,false,,,activities/7415353487.fit.gz,,,2620.0,2259.0,7674.9,4.206,3.397,6.4,110.0,13.6,18.7,2.5,0.0,,,91.0,87.0,,,,,346.0,,,,,,,,,,,,,,,,0.0,,1.0,7679.2,,,,,,,,,,,,,,,,,,,,,,,,,,0.0,2.929,0.0,,,,,,,,,,,,,,,,,,,,,""
6968082037,"Jan 28, 2022, 11:35:52 PM",Afternoon Run,Run,,1113,1.66,,,false,,,activities/7415353473.fit.gz,,,1113.0,604.0,1668.6,3.452,2.763,2.2,24.0,12.4,14.7,2.4,0.1,,,95.0,87.0,,,,,90.0,,,,,,,,,,,,,,,,0.0,,1.0,1673.3,,,,,,,,,,,,,,,,,,,,,,,,,,0.0,1.499,0.0,,,,,,,,,,,,,,,,,,,,,""
6968082110,"Jan 28, 2022, 11:11:20 PM",Afternoon Run,Run,,1203,4.97,,,false,,,activities/7415353489.fit.gz,,,1203.0,1203.0,4974.6,5.089,4.135,0.0,52.0,12.2,14.1,1.4,0.0,,,99.0,90.0,,,,,161.0,,,,,,,,,,,,,,,,0.0,,1.0,4976.1,,,,,,,,,,,,,,,,,,,,,,,,,,0.0,4.135,604.5,,,,,,,,,,,,,,,,,,,,,""
6968082143,"Jan 28, 2022, 10:45:38 PM",Afternoon Run,Run,,934,3.13,,,false,,,activities/7415353547.fit.gz,,,934.0,907.0,3136.6,4.208,3.458,0.0,38.0,13.0,15.3,1.2,-0.1,,,93.0,87.0,,,,,116.0,,,,,,,,,,,,,,,,0.0,,1.0,3135.8,,,,,,,,,,,,,,,,,,,,,,,,,,0.0,3.358,2064.3,,,,,,,,,,,,,,,,,,,,,""
6968082197,"Jan 26, 2022, 10:38:22 PM",Afternoon Run,Run,,3336,9.25,,,false,,,activities/7415353516.fit.gz,,,3336.0,2704.0,9257.6,4.269,3.424,7.2,147.0,14.4,18.6,2.1,0.0,,,94.0,88.0,,,,,372.0,,,,,,,,,,,,,,,,0.0,,1.0,9263.9,,,,,,,,,,,,,,,,,,,,,,,,,,0.0,2.775,1313.4,,,,,,,,,,,,,,,,,,,,,""
6968082069,"Jan 25, 2022, 11:49:42 PM",Afternoon Run,Run,,564,1.72,,,false,,,activities/7415353471.fit.gz,,,564.0,564.0,1727.7,4.166,3.063,0.0,18.0,15.2,16.2,1.5,0.0,,,90.0,87.0,,,,,88.0,,,,,,,,,,,,,,,,0.0,,1.0,1728.9,,,,,,,,,,,,,,,,,,,,,,,,,,0.0,3.063,0.0,,,,,,,,,,,,,,,,,,,,,""
6968082076,"Jan 25, 2022, 11:35:31 PM",Afternoon Run,Run,,795,3.42,,,false,,,activities/7415353486.fit.gz,,,795.0,795.0,3424.0,5.597,4.307,0.0,28.0,15.3,16.1,0.6,0.0,,,97.0,89.0,,,,,113.0,,,,,,,,,,,,,,,,0.0,,1.0,3425.8,,,,,,,,,,,,,,,,,,,,,,,,,,0.0,4.307,0.0,,,,,,,,,,,,,,,,,,,,,""
6968082116,"Jan 25, 2022, 11:03:53 PM",Afternoon Run,Run,,1073,3.00,,,false,,,activities/7415353506.fit.gz,,,1073.0,904.0,2999.7,4.118,3.318,0.0,78.0,15.3,17.3,2.5,0.0,,,92.0,87.0,,,,,136.0,,,,,,,,,,,,,,,,0.0,,1.0,3000.9,,,,,,,,,,,,,,,,,,,,,,,,,,0.0,2.796,0.0,,,,,,,,,,,,,,,,,,,,,""
6968082072,"Jan 23, 2022, 5:26:54 PM",Morning Run,Run,,4683,13.32,,,false,,,activities/7415353522.fit.gz,,,4683.0,3904.0,13327.3,4.522,3.414,9.8,123.0,6.2,11.0,3.1,0.0,,,122.0,89.0,,,,,628.0,,,,,,,,,,,,,,,,0.0,,1.0,13342.3,,,,,,,,,,,,,,,,,,,,,,,,,,0.0,2.846,12522.3,,,,,,,,,,,,,,,,,,,,,""
6968082161,"Jan 22, 2022, 5:51:07 PM",Morning Run,Run,,2583,8.21,,,false,,,activities/7415353503.fit.gz,,,2583.0,2419.0,8218.9,4.711,3.398,7.9,142.0,10.0,13.5,3.1,0.0,,,94.0,89.0,,,,,380.0,,,,,,,,,,,,,,,,0.0,,1.0,8231.1,,,,,,,,,,,,,,,,,,,,,,,,,,0.0,3.182,6968.2,,,,,,,,,,,,,,,,,,,,,""
6968082287,"Jan 20, 2022, 11:10:48 PM",Afternoon Run,Run,,321,0.93,,,false,,,activities/7415353563.fit.gz,,,321.0,321.0,938.3,3.407,2.923,0.0,5.0,15.3,16.0,0.6,0.0,,,90.0,87.0,,,,,46.0,,,,,,,,,,,,,,,,0.0,,1.0,938.8,,,,,,,,,,,,,,,,,,,,,,,,,,0.0,2.923,0.0,,,,,,,,,,,,,,,,,,,,,""
6968082048,"Jan 20, 2022, 10:39:25 PM",Afternoon Run,Run,,1534,6.11,,,false,,,activities/7415353488.fit.gz,,,1534.0,1526.0,6112.6,4.687,4.006,2.2,86.0,15.2,17.8,0.7,0.0,,,91.0,89.0,,,,,210.0,,,,,,,,,,,,,,,,0.0,,1.0,6114.8,,,,,,,,,,,,,,,,,,,,,,,,,,0.0,3.985,0.0,,,,,,,,,,,,,,,,,,,,,""
6968082092,"Jan 19, 2022, 10:35:49 PM",Afternoon Run,Run,,3151,9.28,,,false,,,activities/7415353481.fit.gz,,,3151.0,2700.0,9282.9,4.154,3.438,5.1,106.0,14.3,19.4,1.9,0.0,,,95.0,88.0,,,,,376.0,,,,,,,,,,,,,,,,0.0,,1.0,9288.2,,,,,,,,,,,,,,,,,,,,,,,,,,0.0,2.946,291.1,,,,,,,,,,,,,,,,,,,,,""
6968082104,"Jan 18, 2022, 11:12:35 PM",Afternoon Run,Run,,723,2.01,,,false,,,activities/7415353491.fit.gz,,,723.0,723.0,2013.1,3.536,2.784,0.0,43.0,15.5,17.3,1.1,0.0,,,89.0,87.0,,,,,116.0,,,,,,,,,,,,,,,,0.0,,1.0,2014.2,,,,,,,,,,,,,,,,,,,,,,,,,,0.0,2.784,0.0,,,,,,,,,,,,,,,,,,,,,""
6968082035,"Jan 18, 2022, 10:51:07 PM",Afternoon Run,Run,,903,3.51,,,false,,,activities/7415353478.fit.gz,,,903.0,903.0,3518.4,6.638,3.896,0.0,36.0,15.0,15.6,0.5,0.0,,,97.0,88.0,,,,,144.0,,,,,,,,,,,,,,,,0.0,,1.0,3520.2,,,,,,,,,,,,,,,,,,,,,,,,,,0.0,3.896,0.0,,,,,,,,,,,,,,,,,,,,,""
6968082156,"Jan 18, 2022, 10:24:08 PM",Afternoon Run,Run,,955,3.06,,,false,,,activities/7415353548.fit.gz,,,955.0,921.0,3063.6,4.1,3.326,3.1,71.0,13.9,17.3,2.4,0.0,,,92.0,87.0,,,,,145.0,,,,,,,,,,,,,,,,0.0,,1.0,3066.8,,,,,,,,,,,,,,,,,,,,,,,,,,0.0,3.208,172.2,,,,,,,,,,,,,,,,,,,,,""
6968082213,"Jan 16, 2022, 5:28:36 PM",Morning Run,Run,,3962,14.15,,,false,,,activities/7415353537.fit.gz,,,3962.0,3904.0,14149.4,4.64,3.624,2.6,169.0,4.0,6.8,0.7,0.0,,,93.0,89.0,,,,,602.0,,,,,,,,,,,,,,,,0.0,,1.0,14153.9,,,,,,,,,,,,,,,,,,,,,,,,,,0.0,3.571,14127.0,,,,,,,,,,,,,,,,,,,,,""
6968082078,"Jan 14, 2022, 11:09:36 PM",Afternoon Run,Run,,2649,8.41,,,false,,,activities/7415353519.fit.gz,,,2649.0,2443.0,8412.2,4.98,3.443,2.1,93.0,12.5,15.4,2.2,0.0,,,96.0,88.0,,,,,383.0,,,,,,,,,,,,,,,,0.0,,1.0,8414.3,,,,,,,,,,,,,,,,,,,,,,,,,,0.0,3.176,6285.4,,,,,,,,,,,,,,,,,,,,,""
6968082268,"Jan 14, 2022, 10:46:36 PM",Afternoon Run,Run,,1017,3.27,,,false,,,activities/7415353574.fit.gz,,,1017.0,952.0,3269.2,4.624,3.434,2.6,19.0,12.3,15.0,3.3,0.0,,,91.0,87.0,,,,,139.0,,,,,,,,,,,,,,,,0.0,,1.0,3271.0,,,,,,,,,,,,,,,,,,,,,,,,,,0.0,3.215,604.1,,,,,,,,,,,,,,,,,,,,,""
6968082172,"Jan 13, 2022, 10:38:37 PM",Afternoon Run,Run,,2749,9.69,,,false,,,activities/7415353533.fit.gz,,,2749.0,2749.0,9696.9,4.174,3.527,20.7,187.0,11.3,17.1,4.8,0.0,,,93.0,89.0,,,,,301.0,,,,,,,,,,,,,,,,0.0,,1.0,9715.2,,,,,,,,,,,,,,,,,,,,,,,,,,0.0,3.527,0.0,,,,,,,,,,,,,,,,,,,,,""
